id,creationDate,lastUpdateDate,createdBy,lastUpdatedBy,projectNumber,taskNumber,subInventory,locator,quantity,quantityToBeReserved,requestFromBo
1,2020-10-27T07:23:59,2020-10-27T07:26:38,akshay.nayak@essentialenergy.com.au,akshay.nayak@essentialenergy.com.au,1000.0,1.1 Wiring,STORAGE,A.11.1,20.0,,
2,2020-10-27T07:24:36,2020-10-27T07:26:25,akshay.nayak@essentialenergy.com.au,akshay.nayak@essentialenergy.com.au,1001.0,1.2 Wiring,DISPATCH,A.11.2,40.0,,
3,2020-10-27T07:25:15,2020-10-27T07:26:14,akshay.nayak@essentialenergy.com.au,akshay.nayak@essentialenergy.com.au,1002.0,1.1 Plumbing,STORAGE,A.11.4,10.0,,
4,2020-10-27T07:25:53,2020-10-27T07:25:53.008,akshay.nayak@essentialenergy.com.au,akshay.nayak@essentialenergy.com.au,1003.0,1.4 Main,AACBL,A.11.3,20.0,,
21,2020-11-12T10:26:28,2020-11-12T10:26:28.021,akshay.nayak@essentialenergy.com.au,akshay.nayak@essentialenergy.com.au,203.0,1.5 Main,TESTSUB,A.11.7.9,30.0,,
22,2020-11-12T10:36:09,2020-11-12T10:36:09.007,akshay.nayak@essentialenergy.com.au,akshay.nayak@essentialenergy.com.au,100334.0,1.4sd Main,AACBL AA,A.11.3.0,70.0,,1.0
23,2020-11-12T10:46:30,2020-11-12T10:46:30.008,akshay.nayak@essentialenergy.com.au,akshay.nayak@essentialenergy.com.au,1003.0,1.4 Main,AACBL,A.11.3,20.0,,2.0
24,2020-11-12T10:47:03,2020-11-12T10:47:03.005,akshay.nayak@essentialenergy.com.au,akshay.nayak@essentialenergy.com.au,,,AACBL,A.11.3,20.0,,3.0
25,2020-11-12T10:47:16,2020-11-12T10:47:16.005,akshay.nayak@essentialenergy.com.au,akshay.nayak@essentialenergy.com.au,,,AACBL,A.11.3,20.0,,4.0
26,2020-11-12T12:48:13,2020-11-12T12:48:13.007,akshay.nayak@essentialenergy.com.au,akshay.nayak@essentialenergy.com.au,1003902.0,1.9,TESTINVSU,A.11.9,100.0,,5.0
