{
    "fields": [
        {
            "displayLabel": "Id",
            "internal": true,
            "key": true,
            "name": "id",
            "oid": "82107293-ba4a-4423-91fe-4bae8b1e9a47",
            "required": true,
            "type": "number",
            "unique": true
        },
        {
            "displayLabel": "Created",
            "internal": true,
            "name": "creationDate",
            "oid": "e7e3a5bc-0aa6-4835-a8b8-0226c2ff0ad1",
            "type": "datetime"
        },
        {
            "displayLabel": "Last Updated",
            "internal": true,
            "name": "lastUpdateDate",
            "oid": "e36d9dc3-1996-404a-8ae8-b257d6527e89",
            "type": "datetime"
        },
        {
            "displayLabel": "Created By",
            "internal": true,
            "name": "createdBy",
            "oid": "7ed9cf71-f38d-487b-9dc9-6347bfce879a",
            "type": "string"
        },
        {
            "displayLabel": "Last Updated By",
            "internal": true,
            "name": "lastUpdatedBy",
            "oid": "293f7863-bbf3-42a8-8de8-e18bcc614791",
            "type": "string"
        },
        {
            "displayLabel": "<internal>",
            "hidden": true,
            "internal": true,
            "name": "abcsChangeNumber",
            "oid": "c427bdc0-b47c-43ef-a0b3-a91b24a6c8d4",
            "type": "number"
        },
        {
            "name": "projectNumber",
            "oid": "d59aa598-9225-44f6-890d-ce8a2bb69c69",
            "displayLabel": "Project Number",
            "type": "number"
        },
        {
            "name": "taskNumber",
            "oid": "c0a09551-6c06-4691-84fe-258254bc9139",
            "displayLabel": "Task Number",
            "type": "string"
        },
        {
            "name": "subInventory",
            "oid": "ca395624-8b4a-4f8a-9ae6-1f83f86e8575",
            "displayLabel": "Sub Inventory",
            "type": "string"
        },
        {
            "name": "locator",
            "oid": "7a7fc911-014c-47af-99d3-11735049af74",
            "displayLabel": "Locator",
            "type": "string"
        },
        {
            "name": "quantity",
            "oid": "9273113a-cea1-42da-8a5a-94c5fbc46c62",
            "displayLabel": "Quantity",
            "type": "number"
        },
        {
            "name": "quantityToBeReserved",
            "oid": "4da5e115-92a1-428d-8619-651b795c7aaa",
            "displayLabel": "Quantity to be Reserved",
            "type": "number"
        },
        {
            "name": "requestFromBo",
            "oid": "daabb5ec-714f-4f2a-8566-48c5bd2485b0",
            "displayLabel": "request_from_bo",
            "type": "number"
        }
    ],
    "name": "TestBO",
    "oid": "b901f8bc-de29-4196-8f5d-cde21b751014",
    "displayLabel": "TestBO"
}