{
    "buildProfiles": {
        "androidProfiles": [
            {
                "OS": "android",
                "profileId": "EE MobileApp Config_08470523469714561",
                "profileName": "EE MobileApp Config",
                "appID": "vbcs.ee_mobileapplication.EE_MobileApplication.appid",
                "buildType": "release",
                "versionName": "1.0.0",
                "versionCode": 1,
                "keystorePassword": "vb_64c1ca7b-cb30-4abe-9750-c5c88fcda5da",
                "keyAlias": "main-key",
                "keyPassword": "vb_a5661ace-8b9d-4b0f-bdc7-5a792ed60ea3",
                "keystoreFile": "vb_00bd9d9d-5406-41bd-a00d-ff3803a15a40",
                "customTemplateId": "Scanner-Custom-Plugin_05649831351350612"
            }
         ],
        "iosProfiles": []
    }
}