[
    {
        "INVENTORY_ITEM_ID": "100000002793042",
        "ORGANIZATION_ID": "300000002124609",
        "SUBINVENTORY_CODE": "STORAGE",
        "LOCATOR_ID": "-1"
    },
    {
        "INVENTORY_ITEM_ID": "100000002793042",
        "ORGANIZATION_ID": "300000002124609",
        "SUBINVENTORY_CODE": "STORAGE",
        "LOCATOR_ID": "300000002255111"
    },
    {
        "INVENTORY_ITEM_ID": "100000002793044",
        "ORGANIZATION_ID": "300000002124609",
        "SUBINVENTORY_CODE": "STORAGE",
        "LOCATOR_ID": "-1"
    },
    {
        "INVENTORY_ITEM_ID": "100000002793044",
        "ORGANIZATION_ID": "300000002124609",
        "SUBINVENTORY_CODE": "STORAGE",
        "LOCATOR_ID": "300000002255255"
    },
    {
        "INVENTORY_ITEM_ID": "100000002793049",
        "ORGANIZATION_ID": "300000002124609",
        "SUBINVENTORY_CODE": "STORAGE",
        "LOCATOR_ID": "-1"
    },
    {
        "INVENTORY_ITEM_ID": "100000002793049",
        "ORGANIZATION_ID": "300000002124609",
        "SUBINVENTORY_CODE": "STORAGE",
        "LOCATOR_ID": "300000002255255"
    },
    {
        "INVENTORY_ITEM_ID": "300000004200024",
        "ORGANIZATION_ID": "300000002124609",
        "SUBINVENTORY_CODE": "AATRX",
        "LOCATOR_ID": "-1"
    }
]