{
    "openapi": "3.0.0",
    "info": {
        "version": "v01",
        "title": "EE_MOBILEAPP_ONHANDQUAN",
        "x-vb": {
            "serviceType": "openapi",
            "sourceUrl": "https://inteociind01-sd7qliqlijfh-sy.integration.ocp.oraclecloud.com:443/ic/api/integration/v1/flows/rest/EE_MOBILEAPP_ONHANDQUAN/1.0/metadata/swagger"
        }
    },
    "servers": [
        {
            "url": "https://inteociind01-sd7qliqlijfh-sy.integration.ocp.oraclecloud.com:443/ic/api/integration/v1/flows/rest/EE_MOBILEAPP_ONHANDQUAN/1.0",
            "x-vb": {
                "authentication": {
                    "authenticated": {
                        "type": "propagate"
                    }
                }
            }
        }
    ],
    "paths": {
        "/getItemOnHand": {
            "post": {
                "requestBody": {
                    "required": false,
                    "content": {
                        "application/json": {
                            "schema": {
                                "$ref": "#/components/schemas/PostGetItemOnHandRequest"
                            },
                            "examples": {
                                "vb": {
                                    "externalValue": "./examples/postGetItemOnHand/request_application_json_vb.json"
                                }
                            }
                        }
                    }
                },
                "parameters": [],
                "responses": {
                    "500": {
                        "description": "Faults",
                        "content": {
                            "application/json": {
                                "schema": {
                                    "$ref": "#/components/schemas/APIInvocationError"
                                }
                            }
                        }
                    },
                    "default": {
                        "description": "A sample description of the Response",
                        "content": {
                            "application/json": {
                                "schema": {
                                    "$ref": "#/components/schemas/PostGetItemOnHandResponse"
                                },
                                "examples": {
                                    "vb": {
                                        "summary": "Example stored by VB User",
                                        "externalValue": "./examples/postGetItemOnHand/response_default_application_json_vb.json"
                                    }
                                }
                            }
                        }
                    }
                },
                "security": [
                    {
                        "oauth2Authentication": []
                    }
                ],
                "X-OIC-CONSUMPTION-WARNING-CASDK-0062": "This operation cannot be consumed by OIC correctly. Use REST Adapter with \"API Base URI\" based connection to consume this operation containing JSON payloads having top level arrays.",
                "operationId": "postGetItemOnHand"
            }
        }
    },
    "components": {
        "schemas": {
            "request-wrapper": {
                "type": "object",
                "required": [
                    "inventoryItemId",
                    "organizationId"
                ],
                "properties": {
                    "organizationId": {
                        "type": "string"
                    },
                    "inventoryItemId": {
                        "type": "string"
                    }
                }
            },
            "response-wrapper": {
                "type": "array",
                "items": {
                    "type": "object",
                    "properties": {
                        "PROJECT_ID": {
                            "type": "string"
                        },
                        "TASK_ID": {
                            "type": "string"
                        },
                        "LOCATOR_ID": {
                            "type": "string"
                        },
                        "SUBINVENTORY_CODE": {
                            "type": "string"
                        }
                    },
                    "required": [
                        "LOCATOR_ID",
                        "PROJECT_ID",
                        "SUBINVENTORY_CODE",
                        "TASK_ID"
                    ]
                },
                "minItems": 1
            },
            "APIInvocationError": {
                "type": "object",
                "required": [
                    "detail",
                    "errorCode",
                    "errorDetails",
                    "title",
                    "type"
                ],
                "properties": {
                    "type": {
                        "type": "string"
                    },
                    "title": {
                        "type": "string"
                    },
                    "detail": {
                        "type": "string"
                    },
                    "errorCode": {
                        "type": "string"
                    },
                    "errorDetails": {
                        "type": "array",
                        "items": {
                            "type": "object",
                            "properties": {
                                "type": {
                                    "type": "string"
                                },
                                "instance": {
                                    "type": "string"
                                },
                                "title": {
                                    "type": "string"
                                },
                                "errorPath": {
                                    "type": "string"
                                },
                                "errorCode": {
                                    "type": "string"
                                }
                            },
                            "required": [
                                "errorCode",
                                "errorPath",
                                "instance",
                                "title",
                                "type"
                            ]
                        },
                        "minItems": 1
                    }
                }
            },
            "PostGetItemOnHandRequest": {
                "type": "object",
                "properties": {
                    "organizationId": {
                        "type": "string"
                    },
                    "inventoryItemId": {
                        "type": "string"
                    }
                }
            },
            "PostGetItemOnHandResponse": {
                "type": "array",
                "items": {
                    "type": "object",
                    "properties": {
                        "PROJECT_ID": {
                            "type": "string"
                        },
                        "TASK_ID": {
                            "type": "string"
                        },
                        "LOCATOR_ID": {
                            "type": "string"
                        },
                        "SUBINVENTORY_CODE": {
                            "type": "string"
                        }
                    }
                }
            }
        }
    }
}