{
    "buildProfiles": {
        "androidProfiles": [
            {
                "OS": "android",
                "profileId": "Oracle VBCS Barcode Scanner Demo_043818442793957524",
                "profileName": "Oracle VBCS Barcode Scanner Demo",
                "appID": "vbcs.barcodescan.barcodescanner.appid",
                "buildType": "release",
                "versionName": "1.0.0",
                "versionCode": 1,
                "keystorePassword": "vb_b742dbe6-b6e2-479f-9445-c6a657e72dae",
                "keyAlias": "barcode-app-key",
                "keyPassword": "vb_30581d86-c1aa-4bec-8267-782e195980d5",
                "keystoreFile": "vb_3b81f240-90dc-49c3-a118-115f021509ab",
                "customTemplateId": "AndroidCustomAPK_08040265369093578"
            }
         ],
        "iosProfiles": []
    }
}