{
    "TransactionLines": {
        "TransactionLine": [
            {
                "REQUEST_HEADER_ID": "103",
                "REQUEST_LINE_ID": "103",
                "REC_STATUS": "SUCCESS",
                "ORGANIZATIONNAME": "",
                "ITEMNUMBER": "218",
                "TRANSACTIONQUANTITY": "-2",
                "TRANSACTIONUNITOFMEASURE": "Each",
                "SUBINVENTORYCODE": "STORAGE",
                "LOC_SEGMENT1": "A",
                "LOC_SEGMENT2": "11",
                "LOC_SEGMENT3": "2",
                "PROJECTNUMBER": "1010",
                "TASKNAME": "3.1",
                "LAST_UPDATED_BY": "akshay.nayak@essentialenergy.com.au",
                "LAST_UPDATE_LOGIN": "akshay.nayak@essentialenergy.com.au",
                "CREATION_DATE": "2020-12-02T12:32:31.000+00:00",
                "CREATED_BY": "akshay.nayak@essentialenergy.com.au"
            },
            {
                "REQUEST_HEADER_ID": "103",
                "REQUEST_LINE_ID": "104",
                "REC_STATUS": "SUCCESS",
                "ORGANIZATIONNAME": "",
                "ITEMNUMBER": "218",
                "TRANSACTIONQUANTITY": "-2",
                "TRANSACTIONUNITOFMEASURE": "Each",
                "SUBINVENTORYCODE": "STORAGE",
                "LOC_SEGMENT1": "A",
                "LOC_SEGMENT2": "11",
                "LOC_SEGMENT3": "2",
                "PROJECTNUMBER": "1010",
                "TASKNAME": "3.1",
                "LAST_UPDATED_BY": "akshay.nayak@essentialenergy.com.au",
                "LAST_UPDATE_LOGIN": "akshay.nayak@essentialenergy.com.au",
                "CREATION_DATE": "2020-12-02T12:32:31.000+00:00",
                "CREATED_BY": "akshay.nayak@essentialenergy.com.au"
            }
        ]
    }
}