{
    "openapi": "3.0.0",
    "info": {
        "title": "FscmRestApi 11.13.18.05",
        "version": "1.0.0",
        "x-vb": {
            "transforms": {
                "path": "./transforms.js"
            }
        }
    },
    "servers": [
        {
            "url": "https://enno-dev2.fa.ap1.oraclecloud.com:443/fscmRestApi/resources/11.13.18.05",
            "description": "FscmRestApi 11.13.18.05",
            "x-vb": {
                "authentication": {
                    "authenticated": {
                        "type": "basic",
                        "credentials": "vb_34b57918-0aa2-4560-9082-82f2ded925c7"
                    }
                }
            }
        }
    ],
    "paths": {
        "/expenditureTypesLOV": {
            "get": {
                "operationId": "getExpenditureTypesLOV",
                "responses": {
                    "default": {
                        "description": "Response for default",
                        "content": {
                            "application/json": {
                                "schema": {
                                    "$ref": "#/components/schemas/GetExpenditureTypesLOV"
                                },
                                "examples": {
                                    "vb": {
                                        "summary": "Example stored by VB User",
                                        "externalValue": "./examples/getExpenditureTypesLOV/response_default_application_json_vb.json"
                                    }
                                }
                            }
                        }
                    }
                },
                "x-vb": {
                    "actionHint": "getMany"
                }
            }
        }
    },
    "components": {
        "schemas": {
            "GetExpenditureTypesLOV": {
                "type": "object",
                "properties": {
                    "items": {
                        "type": "array",
                        "items": {
                            "type": "object",
                            "properties": {
                                "ExpenditureTypeId": {
                                    "type": "integer"
                                },
                                "ExpenditureTypeName": {
                                    "type": "string"
                                },
                                "ExpenditureTypeDescription": {
                                    "type": "string"
                                },
                                "RevenueCategory": {
                                    "type": "string"
                                },
                                "RevenueCategoryCode": {
                                    "type": "string"
                                },
                                "UnitOfMeasure": {
                                    "type": "string"
                                },
                                "UnitOfMeasureCode": {
                                    "type": "string"
                                },
                                "ExpenditureCategoryId": {
                                    "type": "integer"
                                },
                                "ExpenditureCategory": {
                                    "type": "string"
                                },
                                "ExpenditureTypeStartDate": {
                                    "type": "string"
                                },
                                "ExpenditureTypeEndDate": {
                                    "nullable": true
                                },
                                "links": {
                                    "type": "array",
                                    "items": {
                                        "type": "object",
                                        "properties": {
                                            "rel": {
                                                "type": "string"
                                            },
                                            "href": {
                                                "type": "string"
                                            },
                                            "name": {
                                                "type": "string"
                                            },
                                            "kind": {
                                                "type": "string"
                                            }
                                        }
                                    }
                                }
                            }
                        }
                    },
                    "count": {
                        "type": "integer"
                    },
                    "hasMore": {
                        "type": "boolean"
                    },
                    "limit": {
                        "type": "integer"
                    },
                    "offset": {
                        "type": "integer"
                    },
                    "links": {
                        "type": "array",
                        "items": {
                            "type": "object",
                            "properties": {
                                "rel": {
                                    "type": "string"
                                },
                                "href": {
                                    "type": "string"
                                },
                                "name": {
                                    "type": "string"
                                },
                                "kind": {
                                    "type": "string"
                                }
                            }
                        }
                    }
                }
            }
        }
    }
}