{
    "openapi": "3.0.0",
    "info": {
        "title": "oicService",
        "version": "1.0.0"
    },
    "servers": [
        {
            "url": "https://inteociind01-sd7qliqlijfh-sy.integration.ocp.oraclecloud.com:443",
            "description": "oicService",
            "x-vb": {
                "authentication": {
                    "authenticated": {
                        "type": "propagate"
                    }
                }
            }
        }
    ],
    "paths": {
        "/ic/api/integration/v1/flows/rest/EE_MOBILEAPP_BUSINESSUN/1.0/getBusinessUnits": {
            "post": {
                "operationId": "getBusinessUnit",
                "requestBody": {
                    "content": {
                        "application/json": {
                            "schema": {
                                "$ref": "#/components/schemas/PostGetBusinessUnitsRequest"
                            },
                            "examples": {
                                "vb": {
                                    "externalValue": "./examples/postGetBusinessUnits/request_application_json_vb.json"
                                }
                            }
                        }
                    }
                },
                "responses": {
                    "default": {
                        "description": "Default response",
                        "content": {
                            "application/json": {
                                "schema": {
                                    "$ref": "#/components/schemas/PostGetBusinessUnitsResponse"
                                },
                                "examples": {
                                    "vb": {
                                        "externalValue": "./examples/postGetBusinessUnits/response_default_application_json_vb.json"
                                    }
                                }
                            }
                        }
                    }
                },
                "x-vb": {
                    "actionHint": "create"
                }
            }
        },
        "/ic/api/integration/v1/flows/rest/EE_MOBILEAPP_ONHANDQUAN/1.0/getItemOnHand": {
            "post": {
                "operationId": "onHand",
                "requestBody": {
                    "content": {
                        "application/json": {
                            "examples": {
                                "vb": {
                                    "externalValue": "./examples/onHand/request_application_json_vb.json"
                                }
                            }
                        }
                    }
                },
                "responses": {
                    "default": {
                        "description": "Response for default",
                        "content": {
                            "application/json": {
                                "schema": {
                                    "$ref": "#/components/schemas/PostIcApiIntegrationV1FlowsRestEE_MOBILEAPP_ONHANDQUAN1_0GetItemOnHandResponse"
                                },
                                "examples": {
                                    "vb": {
                                        "summary": "Example stored by VB User",
                                        "externalValue": "./examples/onHand/response_default_application_json_vb.json"
                                    }
                                }
                            }
                        }
                    }
                },
                "x-vb": {
                    "actionHint": "getMany"
                }
            }
        }
    },
    "components": {
        "schemas": {
            "PostGetBusinessUnitsRequest": {
                "type": "object",
                "properties": {
                    "username": {
                        "type": "string"
                    }
                }
            },
            "PostGetBusinessUnitsResponse": {
                "type": "array",
                "items": {
                    "type": "object",
                    "properties": {
                        "ORGANIZATION_ID": {
                            "type": "string"
                        },
                        "NAME": {
                            "type": "string"
                        },
                        "ORGANIZATION_CODE": {
                            "type": "string"
                        }
                    }
                }
            },
            "PostIcApiIntegrationV1FlowsRestEE_MOBILEAPP_ONHANDQUAN1_0GetItemOnHandResponse": {
                "type": "array",
                "items": {
                    "type": "object",
                    "properties": {
                        "SUBINVENTORY_CODE": {
                            "type": "string"
                        },
                        "PROJECT_NUMBER": {
                            "type": "string"
                        },
                        "TASK_NUMBER": {
                            "type": "string"
                        },
                        "LOCATOR": {
                            "type": "string"
                        },
                        "PRIMARY_TRANSACTION_QUANTITY": {
                            "type": "string"
                        },
                        "TRANSACTION_QUANTITY": {
                            "type": "string"
                        },
                        "PENDING_TRANSACTION_COUNT": {
                            "type": "string"
                        },
                        "RESERVED_TRANSACTION_COUNT": {
                            "type": "string"
                        }
                    }
                }
            }
        }
    }
}