{
  "REQUEST_TYPE" : "BOOKOUT",
  "TRX_DTL" : {
    "line" : [ {
      "ItemType" : "G",
      "OrganizationId" : "300000002124609",
      "OrganizationName" : "Grafton WH",
      "InventoryItemId" : "100000002793035",
      "ItemNumber" : "10730",
      "TransactionQuantity" : "10",
      "TransactionUOM" : "EA",
      "TransactionUnitOfMeasure" : "",
      "TransactionDate" : "2020-11-16T00:00:00.000-08:00",
      "SubinventoryCode" : "AABCL",
      "LocatorId" : "",
      "LocatorName" : "",
      "LOC_SEGMENT1" : "A",
      "LOC_SEGMENT2" : "1",
      "LOC_SEGMENT3" : "1",
      "LOC_SEGMENT4" : "",
      "LOC_SEGMENT5" : "",
      "LOC_SEGMENT6" : "",
      "LOC_SEGMENT7" : "",
      "LOC_SEGMENT8" : "",
      "LOC_SEGMENT9" : "",
      "LOC_SEGMENT10" : "",
      "DST_SEGMENT1" : "11",
      "DST_SEGMENT2" : "2626",
      "DST_SEGMENT3" : "516010",
      "DST_SEGMENT4" : "00",
      "DST_SEGMENT5" : "000",
      "DST_SEGMENT6" : "0000000",
      "DST_SEGMENT7" : "00000",
      "DST_SEGMENT8" : "A00",
      "DST_SEGMENT9" : "F0000",
      "DST_SEGMENT10" : "F00000",
      "ShipToLocationId" : "300000001890035",
      "ProjectID" : 1,
      "ProjectNumber" : "Project 1",
      "TaskID" : 1,
      "TaskName" : "Task1",
      "PjcProjectId" : 1,
      "PjcProjectNumber" : "1",
      "PjcTaskId" : 1,
      "PjcTaskName" : "1",
      "PjcContextCategory" : "INV_Misc_Transactions",
      "PjcExpenditureItemDate" : "2020-11-16T00:00:00.000-08:00",
      "PjcExpenditureTypeId" : "14000",
      "PjcExpenditureTypeName" : "14000",
      "PjcOrganizationId" : "300000001890035",
      "PjcOrganizationName" : "OrgName",
      "LocationType" : "External",
      "UseCurrentCost" : "Y",
      "TransactionSourceTypeId" : "",
      "TransactionActionId" : "",
      "TransactionTypeName" : "Fault and Emergency Issue",
      "TransactionTypeId" : 67
    } ]
  }
}
