[
    {
        "exp_org": "188Investment Delivery",
        "dept": "",
        "pjcOrganizationId": "300000002262350"
    },
    {
        "exp_org": "527Substation Engineering",
        "dept": "",
        "pjcOrganizationId": "300000002262992"
    },
    {
        "exp_org": "867Network Assurance North",
        "dept": "",
        "pjcOrganizationId": "300000002262584"
    },
    {
        "exp_org": "422Fleet Ops Southern",
        "dept": "",
        "pjcOrganizationId": "300000002261695"
    },
    {
        "exp_org": "825Process & System Coordination",
        "dept": "",
        "pjcOrganizationId": "300000002262473"
    },
    {
        "exp_org": "244Strategy, Planning & Security",
        "dept": "",
        "pjcOrganizationId": "300000002251770"
    },
    {
        "exp_org": "435SCADA & DSA",
        "dept": "",
        "pjcOrganizationId": "300000002262477"
    },
    {
        "exp_org": "266Meter Provision",
        "dept": "",
        "pjcOrganizationId": "300000002251873"
    },
    {
        "exp_org": "501UG Mains",
        "dept": "",
        "pjcOrganizationId": "300000002262440"
    },
    {
        "exp_org": "543Branch Services",
        "dept": "",
        "pjcOrganizationId": "300000002251960"
    },
    {
        "exp_org": "851ZS Work Est & Scheduling",
        "dept": "",
        "pjcOrganizationId": "300000002251730"
    },
    {
        "exp_org": "861Technical Operations",
        "dept": "",
        "pjcOrganizationId": "300000002262399"
    },
    {
        "exp_org": "797AI Central",
        "dept": "",
        "pjcOrganizationId": "300000002261600"
    },
    {
        "exp_org": "831Design Technical Services",
        "dept": "",
        "pjcOrganizationId": "300000002262337"
    },
    {
        "exp_org": "870STH Design",
        "dept": "",
        "pjcOrganizationId": "300000002262237"
    },
    {
        "exp_org": "407Network Intelligence Program",
        "dept": "",
        "pjcOrganizationId": "300000002263259"
    },
    {
        "exp_org": "474Portfolio Opt & Governance",
        "dept": "",
        "pjcOrganizationId": "300000002263334"
    },
    {
        "exp_org": "534Subtrans & Complex Planning",
        "dept": "",
        "pjcOrganizationId": "300000002263539"
    },
    {
        "exp_org": "535Network Perform & Reliability",
        "dept": "",
        "pjcOrganizationId": "300000002263214"
    },
    {
        "exp_org": "471Network Asset Information & Rp",
        "dept": "",
        "pjcOrganizationId": "300000002251803"
    },
    {
        "exp_org": "436Generation",
        "dept": "",
        "pjcOrganizationId": "300000002262627"
    },
    {
        "exp_org": "448Mains Standards & Specificatio",
        "dept": "",
        "pjcOrganizationId": "300000002263603"
    },
    {
        "exp_org": "417Distrib Network Maintenance",
        "dept": "",
        "pjcOrganizationId": "300000002261715"
    },
    {
        "exp_org": "441Comm Svs Bus Improvement",
        "dept": "",
        "pjcOrganizationId": "300000002262698"
    },
    {
        "exp_org": "866Network Assurance South",
        "dept": "",
        "pjcOrganizationId": "300000002263538"
    },
    {
        "exp_org": "369Enterprise Data Enablement",
        "dept": "",
        "pjcOrganizationId": "300000002262983"
    },
    {
        "exp_org": "794NC eWorks",
        "dept": "",
        "pjcOrganizationId": "300000002263141"
    },
    {
        "exp_org": "371Empowering Customers",
        "dept": "",
        "pjcOrganizationId": "300000002262203"
    },
    {
        "exp_org": "286Strategic Technology",
        "dept": "",
        "pjcOrganizationId": "300000002263366"
    },
    {
        "exp_org": "439Procurement",
        "dept": "",
        "pjcOrganizationId": "300000002263536"
    },
    {
        "exp_org": "112Governance & Corp Services Mgt",
        "dept": "2601",
        "pjcOrganizationId": "300000002251831"
    },
    {
        "exp_org": "839AI Murray",
        "dept": "",
        "pjcOrganizationId": "300000002263601"
    },
    {
        "exp_org": "875AI Riverina Slopes",
        "dept": "",
        "pjcOrganizationId": "300000002263196"
    },
    {
        "exp_org": "146Finance Management",
        "dept": "2501",
        "pjcOrganizationId": "300000002263189"
    },
    {
        "exp_org": "445Asset Management System",
        "dept": "",
        "pjcOrganizationId": "300000002262406"
    },
    {
        "exp_org": "428Network Assurance North Coast",
        "dept": "",
        "pjcOrganizationId": "300000002251962"
    },
    {
        "exp_org": "440Major Network Connections",
        "dept": "",
        "pjcOrganizationId": "300000002262414"
    },
    {
        "exp_org": "863Network ASP",
        "dept": "",
        "pjcOrganizationId": "300000002262207"
    },
    {
        "exp_org": "774NC Regional Stores",
        "dept": "",
        "pjcOrganizationId": "300000002251799"
    },
    {
        "exp_org": "803Empower our frontline",
        "dept": "",
        "pjcOrganizationId": "300000002251841"
    },
    {
        "exp_org": "795Program Compliance",
        "dept": "",
        "pjcOrganizationId": "300000002263670"
    },
    {
        "exp_org": "817AI Macquarie",
        "dept": "",
        "pjcOrganizationId": "300000002262362"
    },
    {
        "exp_org": "415Major Projects North",
        "dept": "",
        "pjcOrganizationId": "300000002263474"
    },
    {
        "exp_org": "153HOF Mgmt",
        "dept": "2501",
        "pjcOrganizationId": "300000002263104"
    },
    {
        "exp_org": "449Substation Refurb Programs",
        "dept": "",
        "pjcOrganizationId": "300000002263396"
    },
    {
        "exp_org": "421Fleet Ops North Coast",
        "dept": "",
        "pjcOrganizationId": "300000002263027"
    },
    {
        "exp_org": "505Service Mains",
        "dept": "",
        "pjcOrganizationId": "300000002251796"
    },
    {
        "exp_org": "837NC Regional Services",
        "dept": "",
        "pjcOrganizationId": "300000002251704"
    },
    {
        "exp_org": "410Network Asset Systems",
        "dept": "",
        "pjcOrganizationId": "300000002262263"
    },
    {
        "exp_org": "880System Control Mgmt",
        "dept": "",
        "pjcOrganizationId": "300000002262028"
    },
    {
        "exp_org": "443Reg Mgmt Ntwk Econ & Policy",
        "dept": "",
        "pjcOrganizationId": "300000002262149"
    },
    {
        "exp_org": "536Network Compliance & Risk",
        "dept": "",
        "pjcOrganizationId": "300000002251915"
    },
    {
        "exp_org": "173Commercial Services & ASP Rel",
        "dept": "1152",
        "pjcOrganizationId": "300000002261830"
    },
    {
        "exp_org": "804NTH eWorks",
        "dept": "",
        "pjcOrganizationId": "300000002262514"
    },
    {
        "exp_org": "368At the Right Price",
        "dept": "",
        "pjcOrganizationId": "300000002263282"
    },
    {
        "exp_org": "420Fleet Mgmt",
        "dept": "",
        "pjcOrganizationId": "300000002251708"
    },
    {
        "exp_org": "442Major Projects",
        "dept": "",
        "pjcOrganizationId": "300000002261660"
    },
    {
        "exp_org": "423Fleet Ops Northern",
        "dept": "",
        "pjcOrganizationId": "300000002251866"
    },
    {
        "exp_org": "446Distribution Planning",
        "dept": "",
        "pjcOrganizationId": "300000002263689"
    },
    {
        "exp_org": "784NTH Regional Stores",
        "dept": "",
        "pjcOrganizationId": "300000002263561"
    },
    {
        "exp_org": "373Better Service Delivery",
        "dept": "",
        "pjcOrganizationId": "300000002263439"
    },
    {
        "exp_org": "156Finance Project & Improvements",
        "dept": "2544",
        "pjcOrganizationId": "300000002261685"
    },
    {
        "exp_org": "852AI Ranges",
        "dept": "",
        "pjcOrganizationId": "300000002262867"
    },
    {
        "exp_org": "564FIR Replacement",
        "dept": "",
        "pjcOrganizationId": "300000002263639"
    },
    {
        "exp_org": "262Comm, Vendor & ITSM",
        "dept": "",
        "pjcOrganizationId": "300000002262194"
    },
    {
        "exp_org": "480eTech Sourcing",
        "dept": "",
        "pjcOrganizationId": "300000002262623"
    },
    {
        "exp_org": "565Navigable Waterways",
        "dept": "",
        "pjcOrganizationId": "300000002261810"
    },
    {
        "exp_org": "566Pole Reinforcement",
        "dept": "",
        "pjcOrganizationId": "300000002263299"
    },
    {
        "exp_org": "245Data & Hosting",
        "dept": "",
        "pjcOrganizationId": "300000002263263"
    },
    {
        "exp_org": "567Streetlighting",
        "dept": "",
        "pjcOrganizationId": "300000002261645"
    },
    {
        "exp_org": "107eTech Management",
        "dept": "2401",
        "pjcOrganizationId": "300000002262877"
    },
    {
        "exp_org": "260IT Strategy & EA",
        "dept": "",
        "pjcOrganizationId": "300000002262242"
    },
    {
        "exp_org": "253Telecommunications",
        "dept": "",
        "pjcOrganizationId": "300000002262479"
    },
    {
        "exp_org": "850Major Connection Project Mgmt",
        "dept": "",
        "pjcOrganizationId": "300000002262063"
    },
    {
        "exp_org": "356System Control Development",
        "dept": "",
        "pjcOrganizationId": "300000002263025"
    },
    {
        "exp_org": "793AI Coastal",
        "dept": "",
        "pjcOrganizationId": "300000002251805"
    },
    {
        "exp_org": "349Essential Technology",
        "dept": "",
        "pjcOrganizationId": "300000002262662"
    },
    {
        "exp_org": "823AI Sth Eastern",
        "dept": "",
        "pjcOrganizationId": "300000002263372"
    },
    {
        "exp_org": "300Innovation & Market Analytics",
        "dept": "",
        "pjcOrganizationId": "300000002251967"
    },
    {
        "exp_org": "791Vegetation North Coast",
        "dept": "",
        "pjcOrganizationId": "300000002262281"
    },
    {
        "exp_org": "106Strategy & Corporate Planning",
        "dept": "2335",
        "pjcOrganizationId": "300000002263537"
    },
    {
        "exp_org": "799Vegetation Northern",
        "dept": "",
        "pjcOrganizationId": "300000002262443"
    },
    {
        "exp_org": "276Data Analytics",
        "dept": "",
        "pjcOrganizationId": "300000002262864"
    },
    {
        "exp_org": "829Vegetation Southern",
        "dept": "",
        "pjcOrganizationId": "300000002262346"
    },
    {
        "exp_org": "111P&S Management",
        "dept": "2201",
        "pjcOrganizationId": "300000002262101"
    },
    {
        "exp_org": "405Network Earthing",
        "dept": "",
        "pjcOrganizationId": "300000002263026"
    },
    {
        "exp_org": "119Strategy & Programs",
        "dept": "2229",
        "pjcOrganizationId": "300000002263350"
    },
    {
        "exp_org": "270Commercial Development",
        "dept": "",
        "pjcOrganizationId": "300000002251968"
    },
    {
        "exp_org": "182Regulatory Affairs",
        "dept": "",
        "pjcOrganizationId": "300000002261755"
    },
    {
        "exp_org": "855NTH Design",
        "dept": "",
        "pjcOrganizationId": "300000002263637"
    },
    {
        "exp_org": "773AI Mid North Coast",
        "dept": "",
        "pjcOrganizationId": "300000002263459"
    },
    {
        "exp_org": "507Major Projects South",
        "dept": "",
        "pjcOrganizationId": "300000002261615"
    },
    {
        "exp_org": "529Protection",
        "dept": "",
        "pjcOrganizationId": "300000002262948"
    },
    {
        "exp_org": "475AER Determination",
        "dept": "",
        "pjcOrganizationId": "300000002263401"
    },
    {
        "exp_org": "521Integrated Works Delivery Mgt",
        "dept": "",
        "pjcOrganizationId": "300000002263179"
    },
    {
        "exp_org": "547Capital Works Development",
        "dept": "",
        "pjcOrganizationId": "300000002263503"
    },
    {
        "exp_org": "827Maint & Inspec Works Dev",
        "dept": "",
        "pjcOrganizationId": "300000002263332"
    },
    {
        "exp_org": "250Telecommunications Central",
        "dept": "",
        "pjcOrganizationId": "300000002261605"
    },
    {
        "exp_org": "251Telecommunications Northern",
        "dept": "",
        "pjcOrganizationId": "300000002262996"
    },
    {
        "exp_org": "267Calibration and Analytics Lab",
        "dept": "",
        "pjcOrganizationId": "300000002263669"
    },
    {
        "exp_org": "315Transmission South East",
        "dept": "",
        "pjcOrganizationId": "300000002262899"
    },
    {
        "exp_org": "317Transmission Riverina",
        "dept": "",
        "pjcOrganizationId": "300000002263247"
    },
    {
        "exp_org": "366Transmission Mid North Coast",
        "dept": "",
        "pjcOrganizationId": "300000002262817"
    },
    {
        "exp_org": "499Network Substation Design",
        "dept": "",
        "pjcOrganizationId": "300000002262955"
    },
    {
        "exp_org": "109Electrical Safety Office",
        "dept": "1116",
        "pjcOrganizationId": "300000002263333"
    },
    {
        "exp_org": "783AI Nth Tablelands",
        "dept": "",
        "pjcOrganizationId": "300000002263606"
    },
    {
        "exp_org": "246Field & Asset Services",
        "dept": "",
        "pjcOrganizationId": "300000002263471"
    },
    {
        "exp_org": "271Workforce Planning & Analytics",
        "dept": "",
        "pjcOrganizationId": "300000002251836"
    },
    {
        "exp_org": "504Operational Programs",
        "dept": "1241",
        "pjcOrganizationId": "300000002261855"
    },
    {
        "exp_org": "542Resource Forecast & Capacity",
        "dept": "",
        "pjcOrganizationId": "300000002263398"
    },
    {
        "exp_org": "319Transmission North West",
        "dept": "",
        "pjcOrganizationId": "300000002263468"
    },
    {
        "exp_org": "367Transmission Central West",
        "dept": "",
        "pjcOrganizationId": "300000002262229"
    },
    {
        "exp_org": "450Transmission Far North Coast",
        "dept": "",
        "pjcOrganizationId": "300000002263530"
    },
    {
        "exp_org": "452Transmission South West",
        "dept": "",
        "pjcOrganizationId": "300000002261630"
    },
    {
        "exp_org": "455Transmission Services Mgmt",
        "dept": "",
        "pjcOrganizationId": "300000002263383"
    },
    {
        "exp_org": "456Telecommunications Southern",
        "dept": "",
        "pjcOrganizationId": "300000002262447"
    },
    {
        "exp_org": "Grafton WH",
        "dept": "",
        "pjcOrganizationId": "300000002124609"
    },
    {
        "exp_org": "402AM&E Management",
        "dept": "1101",
        "pjcOrganizationId": "300000002262483"
    },
    {
        "exp_org": "751Network Delivery Mgmt",
        "dept": "",
        "pjcOrganizationId": "300000002263255"
    },
    {
        "exp_org": "484Workshops Mechanical Service",
        "dept": "",
        "pjcOrganizationId": "300000002251867"
    },
    {
        "exp_org": "488Sewer",
        "dept": "",
        "pjcOrganizationId": "300000002262555"
    },
    {
        "exp_org": "492Water Group Operations",
        "dept": "",
        "pjcOrganizationId": "300000002262481"
    },
    {
        "exp_org": "199Meter Reading Mgmt",
        "dept": "",
        "pjcOrganizationId": "300000002262108"
    },
    {
        "exp_org": "809Contract Strategy",
        "dept": "",
        "pjcOrganizationId": "300000002262408"
    },
    {
        "exp_org": "546Asset Review Team",
        "dept": "",
        "pjcOrganizationId": "300000002262544"
    },
    {
        "exp_org": "411Streetlight & ANS",
        "dept": "",
        "pjcOrganizationId": "300000002263166"
    },
    {
        "exp_org": "489Workshops Boiler Makers",
        "dept": "",
        "pjcOrganizationId": "300000002261610"
    },
    {
        "exp_org": "483Workshops Building Services",
        "dept": "",
        "pjcOrganizationId": "300000002263042"
    },
    {
        "exp_org": "487Reticulation & Construction",
        "dept": "",
        "pjcOrganizationId": "300000002251902"
    },
    {
        "exp_org": "493Water Treatment",
        "dept": "",
        "pjcOrganizationId": "300000002262621"
    },
    {
        "exp_org": "491Water Business Management",
        "dept": "",
        "pjcOrganizationId": "300000002262926"
    },
    {
        "exp_org": "482Reservoirs & Services",
        "dept": "",
        "pjcOrganizationId": "300000002261835"
    },
    {
        "exp_org": "752External Delivery Mgmt",
        "dept": "",
        "pjcOrganizationId": "300000002263435"
    },
    {
        "exp_org": "563Aerial Patrol & Analysis",
        "dept": "",
        "pjcOrganizationId": "300000002262384"
    },
    {
        "exp_org": "781Strategy & Compliance",
        "dept": "",
        "pjcOrganizationId": "300000002262580"
    },
    {
        "exp_org": "815ED Commercial",
        "dept": "",
        "pjcOrganizationId": "300000002263517"
    },
    {
        "exp_org": "525Technical Support",
        "dept": "",
        "pjcOrganizationId": "300000002262070"
    },
    {
        "exp_org": "871Program Project Delivery",
        "dept": "1224",
        "pjcOrganizationId": "300000002263146"
    },
    {
        "exp_org": "416AM Process Performance",
        "dept": "",
        "pjcOrganizationId": "300000002263292"
    },
    {
        "exp_org": "438Network Design Strategy",
        "dept": "",
        "pjcOrganizationId": "300000002263224"
    },
    {
        "exp_org": "486Water Asset & Planning Mtce",
        "dept": "",
        "pjcOrganizationId": "300000002263338"
    },
    {
        "exp_org": "490Electrical Works",
        "dept": "",
        "pjcOrganizationId": "300000002262961"
    },
    {
        "exp_org": "Ballina",
        "dept": "",
        "pjcOrganizationId": "300000002096755"
    },
    {
        "exp_org": "414Network Analytics & Forecast",
        "dept": "",
        "pjcOrganizationId": "300000002262071"
    },
    {
        "exp_org": "418Contestable Design & Cert",
        "dept": "",
        "pjcOrganizationId": "300000002262822"
    },
    {
        "exp_org": "477Network Design Development",
        "dept": "",
        "pjcOrganizationId": "300000002262720"
    },
    {
        "exp_org": "429Supply Water",
        "dept": "",
        "pjcOrganizationId": "300000002261840"
    },
    {
        "exp_org": "Grafton",
        "dept": "",
        "pjcOrganizationId": "300000002272571"
    },
    {
        "exp_org": "432Transmission Strategic Spares",
        "dept": "",
        "pjcOrganizationId": "300000002261595"
    },
    {
        "exp_org": "264Load Control",
        "dept": "",
        "pjcOrganizationId": "300000002262036"
    },
    {
        "exp_org": "Albury",
        "dept": "",
        "pjcOrganizationId": "300000002270846"
    },
    {
        "exp_org": "333Network Data Maintenance",
        "dept": "",
        "pjcOrganizationId": "300000002262994"
    },
    {
        "exp_org": "FLEETMNT",
        "dept": "",
        "pjcOrganizationId": "300000004298301"
    },
    {
        "exp_org": "Wagga Wagga WH",
        "dept": "",
        "pjcOrganizationId": "300000002096751"
    }
]