{
  "applicationModelVersion": "19.4.3",
  "id": "ee_mobileapplication",
  "description": "A new VB app",
  "defaultPage": "app",
  "chains": {
    "hideSpinner": {
      "description": "Hides the application loading screen shown immediately after the splash screen is dismissed.",
      "root": "hideSpinner",
      "actions": {
        "hideSpinner": {
          "module": "vb/action/builtin/callModuleFunctionAction",
          "parameters": {
            "module": "{{ $application.functions }}",
            "functionName": "hideSpinner"
          }
        }
      }
    },
    "resourceChangedHandler": {
      "root": "fireNotification1",
      "description": "Displays a notification message when application has been updated and needs to be refreshed.",
      "variables": {
        "event": {
          "required": false,
          "input": "fromCaller",
          "type": {
            "error": {
              "detail": "string"
            }
          }
        }
      },
      "actions": {
        "fireNotification1": {
          "module": "vb/action/builtin/fireNotificationEventAction",
          "parameters": {
            "summary": "[[ $chain.variables.event.error.detail ]]",
            "target": "leaf"
          }
        }
      }
    }
  },
  "services": {
    "itemsOnHand": {
      "path": "./services/itemsOnHand/openapi3.json"
    },
    "postItemsOnHand": {
      "path": "./services/postItemsOnHand/openapi3.json"
    },
    "postItemsOnHand1": {
      "path": "./services/postItemsOnHand1/openapi3.json"
    },
    "postBusinessUnits": {
      "path": "./services/postBusinessUnits/openapi3.json"
    },
    "itemDescription": {
      "path": "./services/itemDescription/openapi3.json"
    },
    "getProjectsInfo": {
      "path": "./services/getProjectsInfo/openapi3.json"
    },
    "getDeptList": {
      "path": "./services/getDeptList/openapi3.json"
    },
    "getDefaultLocation": {
      "path": "./services/getDefaultLocation/openapi3.json"
    },
    "fusionService": {
      "path": "./services/fusionService/openapi3.json"
    },
    "oicService": {
      "path": "./services/oicService/openapi3.json"
    }
  },
  "translations": {
    "app": {
      "path": "./resources/strings/app/nls/app-strings"
    }
  },
  "events": {
    "navigateToItem": {
      "payloadType": {
        "item": "string"
      }
    }
  },
  "types": {},
  "variables": {},
  "eventListeners": {
    "vbEnter": {
      "chains": [
        {
          "chainId": "hideSpinner"
        }
      ]
    },
    "vbResourceChanged": {
      "chains": [
        {
          "chainId": "resourceChangedHandler",
          "parameters": {
            "event": "{{ $event }}"
          }
        }
      ]
    }
  },
  "userConfig": {
    "type": "vb/DefaultSecurityProvider",
    "configuration": {
      "authentication": {
        "type": "oraclecloud",
        "options": {
          "login": "",
          "logout": "",
          "headers": {}
        }
      }
    }
  },
  "security": {},
  "requirejs": {
    "paths": {
      "oj-sample": "build/components/oj-sample/3.2.3"
    }
  }
}