[
    {
        "REQUEST_HEADER_ID": "92",
        "REQUEST_TYPE": "BOOKOUT",
        "REQUEST_STATUS": "Success",
        "ERROR_MESSAGE": "",
        "OIC_INSTANCE_ID": "5607053",
        "LAST_UPDATE_DATE": "2020-12-02T07:56:21.000+00:00",
        "LAST_UPDATED_BY": "akshay.nayak@essentialenergy.com.au",
        "LAST_UPDATE_LOGIN": "akshay.nayak@essentialenergy.com.au",
        "CREATION_DATE": "2020-12-02T07:56:19.000+00:00",
        "CREATED_BY": "akshay.nayak@essentialenergy.com.au"
    },
    {
        "REQUEST_HEADER_ID": "101",
        "REQUEST_TYPE": "BOOKOUT",
        "REQUEST_STATUS": "SYS_Error",
        "ERROR_MESSAGE": "Error Code: APIInvocationErrorReason : ICS runtime execution errorDetails : \nhttp://www.w3.org/Protocols/rfc2616/rfc2616-sec10.html#sec10.4.1Bad Request400<![CDATA[POST https://enno-dev2.fa.ap1.oraclecloud.com/fscmRestApi/resources/11.13.18.05/inventoryStagedTransactions returned a response status of 400 Bad Request]]><![CDATA[Value 3.1 for field PJC_TASK_ID exceeds the number of decimal places allowed.\nTask Number 3.1 is not in the list of values..A 400 Bad Request Error indicates that the target service is unable (or refuses) to process the request sent by the client (Oracle Integration Cloud), due to an issue that is perceived by the server to be a client problem. You can trace the cURL representation of the request sent to the target service from the Oracle Integration Cloud server logs. Try invoking the target service using cURL. It may also be that one of the intermediaries (proxy, LBR) could be returning this code.  ]]>Fault Details : \n<ns2:APIInvocationError xmlns:ns2=\"http://xmlns.oracle.com/cloud/generic/rest/fault/REST/ProcessBookoutGeneralTransaction\"><ns2:type/><ns2:title/><ns2:detail/><ns2:errorCode/><ns2:errorDetails><ns2:type>http://www.w3.org/Protocols/rfc2616/rfc2616-sec10.html#sec10.4.1</ns2:type><ns2:title>Bad Request</ns2:title><ns2:errorCode>400</ns2:errorCode><ns2:errorPath>&lt;![CDATA[POST https://enno-dev2.fa.ap1.oraclecloud.com/fscmRestApi/resources/11.13.18.05/inventoryStagedTransactions returned a response status of 400 Bad Request]]&gt;</ns2:errorPath><ns2:instance>&lt;![CDATA[Value 3.1 for field PJC_TASK_ID exceeds the number of decimal places allowed.\nTask Number 3.1 is not in the list of values..A 400 Bad Request Error indicates that the target service is unable (or refuses) to process the request sent by the client (Oracle Integration Cloud), due to an issue that is perceived by the server to be a client problem. You can trace the cURL representation of the request sent to the target service from the Oracle Integration Cloud server logs. Try invoking the target service using cURL. It may also be that one of the intermediaries (proxy, LBR) could be returning this code.  ]]&gt;</ns2:instance></ns2:errorDetails></ns2:APIInvocationError>\n:Application Errorexecute",
        "OIC_INSTANCE_ID": "5607150",
        "LAST_UPDATE_DATE": "2020-12-02T12:09:12.000+00:00",
        "LAST_UPDATED_BY": "akshay.nayak@essentialenergy.com.au",
        "LAST_UPDATE_LOGIN": "akshay.nayak@essentialenergy.com.au",
        "CREATION_DATE": "2020-12-02T12:09:10.000+00:00",
        "CREATED_BY": "akshay.nayak@essentialenergy.com.au"
    },
    {
        "REQUEST_HEADER_ID": "86",
        "REQUEST_TYPE": "BOOKOUT",
        "REQUEST_STATUS": "SYS_Error",
        "ERROR_MESSAGE": "Error Code: APIInvocationErrorReason : ICS runtime execution errorDetails : \nhttp://www.w3.org/Protocols/rfc2616/rfc2616-sec10.html#sec10.4.1Bad Request400<![CDATA[POST https://enno-dev2.fa.ap1.oraclecloud.com/fscmRestApi/resources/11.13.18.05/inventoryStagedTransactions returned a response status of 400 Bad Request]]><![CDATA[The value of the attribute AccountCombination isn't valid..A 400 Bad Request Error indicates that the target service is unable (or refuses) to process the request sent by the client (Oracle Integration Cloud), due to an issue that is perceived by the server to be a client problem. You can trace the cURL representation of the request sent to the target service from the Oracle Integration Cloud server logs. Try invoking the target service using cURL. It may also be that one of the intermediaries (proxy, LBR) could be returning this code.  ]]>Fault Details : \n<ns2:APIInvocationError xmlns:ns2=\"http://xmlns.oracle.com/cloud/generic/rest/fault/REST/ProcessBookingTransaction\"><ns2:type/><ns2:title/><ns2:detail/><ns2:errorCode/><ns2:errorDetails><ns2:type>http://www.w3.org/Protocols/rfc2616/rfc2616-sec10.html#sec10.4.1</ns2:type><ns2:title>Bad Request</ns2:title><ns2:errorCode>400</ns2:errorCode><ns2:errorPath>&lt;![CDATA[POST https://enno-dev2.fa.ap1.oraclecloud.com/fscmRestApi/resources/11.13.18.05/inventoryStagedTransactions returned a response status of 400 Bad Request]]&gt;</ns2:errorPath><ns2:instance>&lt;![CDATA[The value of the attribute AccountCombination isn't valid..A 400 Bad Request Error indicates that the target service is unable (or refuses) to process the request sent by the client (Oracle Integration Cloud), due to an issue that is perceived by the server to be a client problem. You can trace the cURL representation of the request sent to the target service from the Oracle Integration Cloud server logs. Try invoking the target service using cURL. It may also be that one of the intermediaries (proxy, LBR) could be returning this code.  ]]&gt;</ns2:instance></ns2:errorDetails></ns2:APIInvocationError>\n:Application Errorexecute",
        "OIC_INSTANCE_ID": "6008378",
        "LAST_UPDATE_DATE": "2020-12-01T13:08:43.000+00:00",
        "LAST_UPDATED_BY": "akshay.nayak@essentialenergy.com.au",
        "LAST_UPDATE_LOGIN": "akshay.nayak@essentialenergy.com.au",
        "CREATION_DATE": "2020-12-01T13:08:42.000+00:00",
        "CREATED_BY": "akshay.nayak@essentialenergy.com.au"
    },
    {
        "REQUEST_HEADER_ID": "88",
        "REQUEST_TYPE": "BOOKOUT",
        "REQUEST_STATUS": "SYS_Error",
        "ERROR_MESSAGE": "Error Code: APIInvocationErrorReason : ICS runtime execution errorDetails : \nhttp://www.w3.org/Protocols/rfc2616/rfc2616-sec10.html#sec10.4.1Bad Request400<![CDATA[POST https://enno-dev2.fa.ap1.oraclecloud.com/fscmRestApi/resources/11.13.18.05/inventoryStagedTransactions returned a response status of 400 Bad Request]]><![CDATA[Task 100000004357330 is not in the list of values..A 400 Bad Request Error indicates that the target service is unable (or refuses) to process the request sent by the client (Oracle Integration Cloud), due to an issue that is perceived by the server to be a client problem. You can trace the cURL representation of the request sent to the target service from the Oracle Integration Cloud server logs. Try invoking the target service using cURL. It may also be that one of the intermediaries (proxy, LBR) could be returning this code.  ]]>Fault Details : \n<ns2:APIInvocationError xmlns:ns2=\"http://xmlns.oracle.com/cloud/generic/rest/fault/REST/ProcessBookingTransaction\"><ns2:type/><ns2:title/><ns2:detail/><ns2:errorCode/><ns2:errorDetails><ns2:type>http://www.w3.org/Protocols/rfc2616/rfc2616-sec10.html#sec10.4.1</ns2:type><ns2:title>Bad Request</ns2:title><ns2:errorCode>400</ns2:errorCode><ns2:errorPath>&lt;![CDATA[POST https://enno-dev2.fa.ap1.oraclecloud.com/fscmRestApi/resources/11.13.18.05/inventoryStagedTransactions returned a response status of 400 Bad Request]]&gt;</ns2:errorPath><ns2:instance>&lt;![CDATA[Task 100000004357330 is not in the list of values..A 400 Bad Request Error indicates that the target service is unable (or refuses) to process the request sent by the client (Oracle Integration Cloud), due to an issue that is perceived by the server to be a client problem. You can trace the cURL representation of the request sent to the target service from the Oracle Integration Cloud server logs. Try invoking the target service using cURL. It may also be that one of the intermediaries (proxy, LBR) could be returning this code.  ]]&gt;</ns2:instance></ns2:errorDetails></ns2:APIInvocationError>\n:Application Errorexecute",
        "OIC_INSTANCE_ID": "6008394",
        "LAST_UPDATE_DATE": "2020-12-01T13:33:51.000+00:00",
        "LAST_UPDATED_BY": "akshay.nayak@essentialenergy.com.au",
        "LAST_UPDATE_LOGIN": "akshay.nayak@essentialenergy.com.au",
        "CREATION_DATE": "2020-12-01T13:33:49.000+00:00",
        "CREATED_BY": "akshay.nayak@essentialenergy.com.au"
    },
    {
        "REQUEST_HEADER_ID": "89",
        "REQUEST_TYPE": "BOOKOUT",
        "REQUEST_STATUS": "Success",
        "ERROR_MESSAGE": "",
        "OIC_INSTANCE_ID": "6008404",
        "LAST_UPDATE_DATE": "2020-12-01T13:52:52.000+00:00",
        "LAST_UPDATED_BY": "akshay.nayak@essentialenergy.com.au",
        "LAST_UPDATE_LOGIN": "akshay.nayak@essentialenergy.com.au",
        "CREATION_DATE": "2020-12-01T13:52:51.000+00:00",
        "CREATED_BY": "akshay.nayak@essentialenergy.com.au"
    },
    {
        "REQUEST_HEADER_ID": "93",
        "REQUEST_TYPE": "BOOKOUT",
        "REQUEST_STATUS": "SYS_Error",
        "ERROR_MESSAGE": "Error Code: APIInvocationErrorReason : ICS runtime execution errorDetails : \nhttp://www.w3.org/Protocols/rfc2616/rfc2616-sec10.html#sec10.4.1Bad Request400<![CDATA[POST https://enno-dev2.fa.ap1.oraclecloud.com/fscmRestApi/resources/11.13.18.05/inventoryStagedTransactions returned a response status of 400 Bad Request]]><![CDATA[The value of the attribute AccountCombination isn't valid..A 400 Bad Request Error indicates that the target service is unable (or refuses) to process the request sent by the client (Oracle Integration Cloud), due to an issue that is perceived by the server to be a client problem. You can trace the cURL representation of the request sent to the target service from the Oracle Integration Cloud server logs. Try invoking the target service using cURL. It may also be that one of the intermediaries (proxy, LBR) could be returning this code.  ]]>Fault Details : \n<ns2:APIInvocationError xmlns:ns2=\"http://xmlns.oracle.com/cloud/generic/rest/fault/REST/ProcessBookoutToolsTrx\"><ns2:type/><ns2:title/><ns2:detail/><ns2:errorCode/><ns2:errorDetails><ns2:type>http://www.w3.org/Protocols/rfc2616/rfc2616-sec10.html#sec10.4.1</ns2:type><ns2:title>Bad Request</ns2:title><ns2:errorCode>400</ns2:errorCode><ns2:errorPath>&lt;![CDATA[POST https://enno-dev2.fa.ap1.oraclecloud.com/fscmRestApi/resources/11.13.18.05/inventoryStagedTransactions returned a response status of 400 Bad Request]]&gt;</ns2:errorPath><ns2:instance>&lt;![CDATA[The value of the attribute AccountCombination isn't valid..A 400 Bad Request Error indicates that the target service is unable (or refuses) to process the request sent by the client (Oracle Integration Cloud), due to an issue that is perceived by the server to be a client problem. You can trace the cURL representation of the request sent to the target service from the Oracle Integration Cloud server logs. Try invoking the target service using cURL. It may also be that one of the intermediaries (proxy, LBR) could be returning this code.  ]]&gt;</ns2:instance></ns2:errorDetails></ns2:APIInvocationError>\n:Application Errorexecute",
        "OIC_INSTANCE_ID": "6008733",
        "LAST_UPDATE_DATE": "2020-12-02T10:09:55.000+00:00",
        "LAST_UPDATED_BY": "akshay.nayak@essentialenergy.com.au",
        "LAST_UPDATE_LOGIN": "akshay.nayak@essentialenergy.com.au",
        "CREATION_DATE": "2020-12-02T10:09:54.000+00:00",
        "CREATED_BY": "akshay.nayak@essentialenergy.com.au"
    },
    {
        "REQUEST_HEADER_ID": "94",
        "REQUEST_TYPE": "BOOKOUT",
        "REQUEST_STATUS": "Success",
        "ERROR_MESSAGE": "",
        "OIC_INSTANCE_ID": "6008741",
        "LAST_UPDATE_DATE": "2020-12-02T10:20:37.000+00:00",
        "LAST_UPDATED_BY": "akshay.nayak@essentialenergy.com.au",
        "LAST_UPDATE_LOGIN": "akshay.nayak@essentialenergy.com.au",
        "CREATION_DATE": "2020-12-02T10:20:36.000+00:00",
        "CREATED_BY": "akshay.nayak@essentialenergy.com.au"
    },
    {
        "REQUEST_HEADER_ID": "96",
        "REQUEST_TYPE": "BOOKOUT",
        "REQUEST_STATUS": "Success",
        "ERROR_MESSAGE": "",
        "OIC_INSTANCE_ID": "6008753",
        "LAST_UPDATE_DATE": "2020-12-02T10:38:36.000+00:00",
        "LAST_UPDATED_BY": "akshay.nayak@essentialenergy.com.au",
        "LAST_UPDATE_LOGIN": "akshay.nayak@essentialenergy.com.au",
        "CREATION_DATE": "2020-12-02T10:38:35.000+00:00",
        "CREATED_BY": "akshay.nayak@essentialenergy.com.au"
    },
    {
        "REQUEST_HEADER_ID": "97",
        "REQUEST_TYPE": "BOOKOUT",
        "REQUEST_STATUS": "Line Error",
        "ERROR_MESSAGE": "",
        "OIC_INSTANCE_ID": "6008761",
        "LAST_UPDATE_DATE": "2020-12-02T10:45:50.000+00:00",
        "LAST_UPDATED_BY": "akshay.nayak@essentialenergy.com.au",
        "LAST_UPDATE_LOGIN": "akshay.nayak@essentialenergy.com.au",
        "CREATION_DATE": "2020-12-02T10:45:46.000+00:00",
        "CREATED_BY": "akshay.nayak@essentialenergy.com.au"
    },
    {
        "REQUEST_HEADER_ID": "145",
        "REQUEST_TYPE": "BOOKOUT",
        "REQUEST_STATUS": "Success",
        "ERROR_MESSAGE": "",
        "OIC_INSTANCE_ID": "6400858",
        "LAST_UPDATE_DATE": "2020-12-07T10:41:56.000+00:00",
        "LAST_UPDATED_BY": "Rohit.Chaturvedi@essentialenergy.com.au",
        "LAST_UPDATE_LOGIN": "Rohit.Chaturvedi@essentialenergy.com.au",
        "CREATION_DATE": "2020-12-07T10:41:53.000+00:00",
        "CREATED_BY": "Rohit.Chaturvedi@essentialenergy.com.au"
    },
    {
        "REQUEST_HEADER_ID": "87",
        "REQUEST_TYPE": "BOOKOUT",
        "REQUEST_STATUS": "SYS_Error",
        "ERROR_MESSAGE": "Error Code: APIInvocationErrorReason : ICS runtime execution errorDetails : \nhttp://www.w3.org/Protocols/rfc2616/rfc2616-sec10.html#sec10.4.1Bad Request400<![CDATA[POST https://enno-dev2.fa.ap1.oraclecloud.com/fscmRestApi/resources/11.13.18.05/inventoryStagedTransactions returned a response status of 400 Bad Request]]><![CDATA[The value of the attribute AccountCombination isn't valid..A 400 Bad Request Error indicates that the target service is unable (or refuses) to process the request sent by the client (Oracle Integration Cloud), due to an issue that is perceived by the server to be a client problem. You can trace the cURL representation of the request sent to the target service from the Oracle Integration Cloud server logs. Try invoking the target service using cURL. It may also be that one of the intermediaries (proxy, LBR) could be returning this code.  ]]>Fault Details : \n<ns2:APIInvocationError xmlns:ns2=\"http://xmlns.oracle.com/cloud/generic/rest/fault/REST/ProcessBookingTransaction\"><ns2:type/><ns2:title/><ns2:detail/><ns2:errorCode/><ns2:errorDetails><ns2:type>http://www.w3.org/Protocols/rfc2616/rfc2616-sec10.html#sec10.4.1</ns2:type><ns2:title>Bad Request</ns2:title><ns2:errorCode>400</ns2:errorCode><ns2:errorPath>&lt;![CDATA[POST https://enno-dev2.fa.ap1.oraclecloud.com/fscmRestApi/resources/11.13.18.05/inventoryStagedTransactions returned a response status of 400 Bad Request]]&gt;</ns2:errorPath><ns2:instance>&lt;![CDATA[The value of the attribute AccountCombination isn't valid..A 400 Bad Request Error indicates that the target service is unable (or refuses) to process the request sent by the client (Oracle Integration Cloud), due to an issue that is perceived by the server to be a client problem. You can trace the cURL representation of the request sent to the target service from the Oracle Integration Cloud server logs. Try invoking the target service using cURL. It may also be that one of the intermediaries (proxy, LBR) could be returning this code.  ]]&gt;</ns2:instance></ns2:errorDetails></ns2:APIInvocationError>\n:Application Errorexecute",
        "OIC_INSTANCE_ID": "5606818",
        "LAST_UPDATE_DATE": "2020-12-01T13:24:25.000+00:00",
        "LAST_UPDATED_BY": "akshay.nayak@essentialenergy.com.au",
        "LAST_UPDATE_LOGIN": "akshay.nayak@essentialenergy.com.au",
        "CREATION_DATE": "2020-12-01T13:24:23.000+00:00",
        "CREATED_BY": "akshay.nayak@essentialenergy.com.au"
    },
    {
        "REQUEST_HEADER_ID": "90",
        "REQUEST_TYPE": "BOOKOUT",
        "REQUEST_STATUS": "SYS_Error",
        "ERROR_MESSAGE": "Error Code: APIInvocationErrorReason : ICS runtime execution errorDetails : \nhttp://www.w3.org/Protocols/rfc2616/rfc2616-sec10.html#sec10.4.1Bad Request400<![CDATA[POST https://enno-dev2.fa.ap1.oraclecloud.com/fscmRestApi/resources/11.13.18.05/inventoryStagedTransactions returned a response status of 400 Bad Request]]><![CDATA[Task Number 100000004357330 is not in the list of values.\nExpenditure Type 300000003132667 is not in the list of values..A 400 Bad Request Error indicates that the target service is unable (or refuses) to process the request sent by the client (Oracle Integration Cloud), due to an issue that is perceived by the server to be a client problem. You can trace the cURL representation of the request sent to the target service from the Oracle Integration Cloud server logs. Try invoking the target service using cURL. It may also be that one of the intermediaries (proxy, LBR) could be returning this code.  ]]>Fault Details : \n<ns2:APIInvocationError xmlns:ns2=\"http://xmlns.oracle.com/cloud/generic/rest/fault/REST/ProcessBookoutGeneralTransaction\"><ns2:type/><ns2:title/><ns2:detail/><ns2:errorCode/><ns2:errorDetails><ns2:type>http://www.w3.org/Protocols/rfc2616/rfc2616-sec10.html#sec10.4.1</ns2:type><ns2:title>Bad Request</ns2:title><ns2:errorCode>400</ns2:errorCode><ns2:errorPath>&lt;![CDATA[POST https://enno-dev2.fa.ap1.oraclecloud.com/fscmRestApi/resources/11.13.18.05/inventoryStagedTransactions returned a response status of 400 Bad Request]]&gt;</ns2:errorPath><ns2:instance>&lt;![CDATA[Task Number 100000004357330 is not in the list of values.\nExpenditure Type 300000003132667 is not in the list of values..A 400 Bad Request Error indicates that the target service is unable (or refuses) to process the request sent by the client (Oracle Integration Cloud), due to an issue that is perceived by the server to be a client problem. You can trace the cURL representation of the request sent to the target service from the Oracle Integration Cloud server logs. Try invoking the target service using cURL. It may also be that one of the intermediaries (proxy, LBR) could be returning this code.  ]]&gt;</ns2:instance></ns2:errorDetails></ns2:APIInvocationError>\n:Application Errorexecute",
        "OIC_INSTANCE_ID": "6008421",
        "LAST_UPDATE_DATE": "2020-12-01T14:34:17.000+00:00",
        "LAST_UPDATED_BY": "akshay.nayak@essentialenergy.com.au",
        "LAST_UPDATE_LOGIN": "akshay.nayak@essentialenergy.com.au",
        "CREATION_DATE": "2020-12-01T14:34:15.000+00:00",
        "CREATED_BY": "akshay.nayak@essentialenergy.com.au"
    },
    {
        "REQUEST_HEADER_ID": "91",
        "REQUEST_TYPE": "BOOKOUT",
        "REQUEST_STATUS": "Success",
        "ERROR_MESSAGE": "",
        "OIC_INSTANCE_ID": "5606844",
        "LAST_UPDATE_DATE": "2020-12-01T15:13:05.000+00:00",
        "LAST_UPDATED_BY": "akshay.nayak@essentialenergy.com.au",
        "LAST_UPDATE_LOGIN": "akshay.nayak@essentialenergy.com.au",
        "CREATION_DATE": "2020-12-01T15:13:04.000+00:00",
        "CREATED_BY": "akshay.nayak@essentialenergy.com.au"
    },
    {
        "REQUEST_HEADER_ID": "95",
        "REQUEST_TYPE": "BOOKOUT",
        "REQUEST_STATUS": "Success",
        "ERROR_MESSAGE": "",
        "OIC_INSTANCE_ID": "5607102",
        "LAST_UPDATE_DATE": "2020-12-02T10:31:24.000+00:00",
        "LAST_UPDATED_BY": "akshay.nayak@essentialenergy.com.au",
        "LAST_UPDATE_LOGIN": "akshay.nayak@essentialenergy.com.au",
        "CREATION_DATE": "2020-12-02T10:31:22.000+00:00",
        "CREATED_BY": "akshay.nayak@essentialenergy.com.au"
    },
    {
        "REQUEST_HEADER_ID": "99",
        "REQUEST_TYPE": "BOOKOUT",
        "REQUEST_STATUS": "Success",
        "ERROR_MESSAGE": "",
        "OIC_INSTANCE_ID": "6008777",
        "LAST_UPDATE_DATE": "2020-12-02T11:40:41.000+00:00",
        "LAST_UPDATED_BY": "akshay.nayak@essentialenergy.com.au",
        "LAST_UPDATE_LOGIN": "akshay.nayak@essentialenergy.com.au",
        "CREATION_DATE": "2020-12-02T11:40:36.000+00:00",
        "CREATED_BY": "akshay.nayak@essentialenergy.com.au"
    },
    {
        "REQUEST_HEADER_ID": "100",
        "REQUEST_TYPE": "BOOKOUT",
        "REQUEST_STATUS": "Success",
        "ERROR_MESSAGE": "",
        "OIC_INSTANCE_ID": "6008790",
        "LAST_UPDATE_DATE": "2020-12-02T11:56:38.000+00:00",
        "LAST_UPDATED_BY": "akshay.nayak@essentialenergy.com.au",
        "LAST_UPDATE_LOGIN": "akshay.nayak@essentialenergy.com.au",
        "CREATION_DATE": "2020-12-02T11:56:33.000+00:00",
        "CREATED_BY": "akshay.nayak@essentialenergy.com.au"
    },
    {
        "REQUEST_HEADER_ID": "103",
        "REQUEST_TYPE": "BOOKOUT",
        "REQUEST_STATUS": "Success",
        "ERROR_MESSAGE": "",
        "OIC_INSTANCE_ID": "5607158",
        "LAST_UPDATE_DATE": "2020-12-02T12:32:36.000+00:00",
        "LAST_UPDATED_BY": "akshay.nayak@essentialenergy.com.au",
        "LAST_UPDATE_LOGIN": "akshay.nayak@essentialenergy.com.au",
        "CREATION_DATE": "2020-12-02T12:32:31.000+00:00",
        "CREATED_BY": "akshay.nayak@essentialenergy.com.au"
    },
    {
        "REQUEST_HEADER_ID": "104",
        "REQUEST_TYPE": "BOOKOUT",
        "REQUEST_STATUS": "Success",
        "ERROR_MESSAGE": "",
        "OIC_INSTANCE_ID": "5607163",
        "LAST_UPDATE_DATE": "2020-12-02T12:50:44.000+00:00",
        "LAST_UPDATED_BY": "akshay.nayak@essentialenergy.com.au",
        "LAST_UPDATE_LOGIN": "akshay.nayak@essentialenergy.com.au",
        "CREATION_DATE": "2020-12-02T12:50:41.000+00:00",
        "CREATED_BY": "akshay.nayak@essentialenergy.com.au"
    },
    {
        "REQUEST_HEADER_ID": "143",
        "REQUEST_TYPE": "BOOKOUT",
        "REQUEST_STATUS": "SYS_Error",
        "ERROR_MESSAGE": "Error Code: APIInvocationErrorReason : ICS runtime execution errorDetails : \nhttp://www.w3.org/Protocols/rfc2616/rfc2616-sec10.html#sec10.4.1Bad Request400<![CDATA[POST https://enno-dev2.fa.ap1.oraclecloud.com/fscmRestApi/resources/11.13.18.05/inventoryStagedTransactions returned a response status of 400 Bad Request]]><![CDATA[The value of the attribute AccountCombination isn't valid..A 400 Bad Request Error indicates that the target service is unable (or refuses) to process the request sent by the client (Oracle Integration Cloud), due to an issue that is perceived by the server to be a client problem. You can trace the cURL representation of the request sent to the target service from the Oracle Integration Cloud server logs. Try invoking the target service using cURL. It may also be that one of the intermediaries (proxy, LBR) could be returning this code.  ]]>Fault Details : \n<ns2:APIInvocationError xmlns:ns2=\"http://xmlns.oracle.com/cloud/generic/rest/fault/REST/ProcessBookoutGeneralTransaction\"><ns2:type/><ns2:title/><ns2:detail/><ns2:errorCode/><ns2:errorDetails><ns2:type>http://www.w3.org/Protocols/rfc2616/rfc2616-sec10.html#sec10.4.1</ns2:type><ns2:title>Bad Request</ns2:title><ns2:errorCode>400</ns2:errorCode><ns2:errorPath>&lt;![CDATA[POST https://enno-dev2.fa.ap1.oraclecloud.com/fscmRestApi/resources/11.13.18.05/inventoryStagedTransactions returned a response status of 400 Bad Request]]&gt;</ns2:errorPath><ns2:instance>&lt;![CDATA[The value of the attribute AccountCombination isn't valid..A 400 Bad Request Error indicates that the target service is unable (or refuses) to process the request sent by the client (Oracle Integration Cloud), due to an issue that is perceived by the server to be a client problem. You can trace the cURL representation of the request sent to the target service from the Oracle Integration Cloud server logs. Try invoking the target service using cURL. It may also be that one of the intermediaries (proxy, LBR) could be returning this code.  ]]&gt;</ns2:instance></ns2:errorDetails></ns2:APIInvocationError>\n:Application Errorexecute",
        "OIC_INSTANCE_ID": "6400737",
        "LAST_UPDATE_DATE": "2020-12-07T05:31:28.000+00:00",
        "LAST_UPDATED_BY": "Rohit.Chaturvedi@essentialenergy.com.au",
        "LAST_UPDATE_LOGIN": "Rohit.Chaturvedi@essentialenergy.com.au",
        "CREATION_DATE": "2020-12-07T05:31:22.000+00:00",
        "CREATED_BY": "Rohit.Chaturvedi@essentialenergy.com.au"
    },
    {
        "REQUEST_HEADER_ID": "146",
        "REQUEST_TYPE": "BOOKOUT",
        "REQUEST_STATUS": "NEW",
        "ERROR_MESSAGE": "",
        "OIC_INSTANCE_ID": "7600722",
        "LAST_UPDATE_DATE": "2020-12-07T10:58:03.000+00:00",
        "LAST_UPDATED_BY": "Rohit.Chaturvedi@essentialenergy.com.au",
        "LAST_UPDATE_LOGIN": "Rohit.Chaturvedi@essentialenergy.com.au",
        "CREATION_DATE": "2020-12-07T10:58:03.000+00:00",
        "CREATED_BY": "Rohit.Chaturvedi@essentialenergy.com.au"
    },
    {
        "REQUEST_HEADER_ID": "102",
        "REQUEST_TYPE": "BOOKOUT",
        "REQUEST_STATUS": "Success",
        "ERROR_MESSAGE": "",
        "OIC_INSTANCE_ID": "6008807",
        "LAST_UPDATE_DATE": "2020-12-02T12:27:56.000+00:00",
        "LAST_UPDATED_BY": "akshay.nayak@essentialenergy.com.au",
        "LAST_UPDATE_LOGIN": "akshay.nayak@essentialenergy.com.au",
        "CREATION_DATE": "2020-12-02T12:27:53.000+00:00",
        "CREATED_BY": "akshay.nayak@essentialenergy.com.au"
    },
    {
        "REQUEST_HEADER_ID": "105",
        "REQUEST_TYPE": "BOOKOUT",
        "REQUEST_STATUS": "Success",
        "ERROR_MESSAGE": "",
        "OIC_INSTANCE_ID": "6008826",
        "LAST_UPDATE_DATE": "2020-12-02T13:03:12.000+00:00",
        "LAST_UPDATED_BY": "akshay.nayak@essentialenergy.com.au",
        "LAST_UPDATE_LOGIN": "akshay.nayak@essentialenergy.com.au",
        "CREATION_DATE": "2020-12-02T13:03:09.000+00:00",
        "CREATED_BY": "akshay.nayak@essentialenergy.com.au"
    },
    {
        "REQUEST_HEADER_ID": "106",
        "REQUEST_TYPE": "BOOKOUT",
        "REQUEST_STATUS": "Success",
        "ERROR_MESSAGE": "",
        "OIC_INSTANCE_ID": "6008842",
        "LAST_UPDATE_DATE": "2020-12-02T13:24:53.000+00:00",
        "LAST_UPDATED_BY": "akshay.nayak@essentialenergy.com.au",
        "LAST_UPDATE_LOGIN": "akshay.nayak@essentialenergy.com.au",
        "CREATION_DATE": "2020-12-02T13:24:53.000+00:00",
        "CREATED_BY": "akshay.nayak@essentialenergy.com.au"
    },
    {
        "REQUEST_HEADER_ID": "107",
        "REQUEST_TYPE": "BOOKOUT",
        "REQUEST_STATUS": "Line Error",
        "ERROR_MESSAGE": "",
        "OIC_INSTANCE_ID": "5607185",
        "LAST_UPDATE_DATE": "2020-12-02T13:39:12.000+00:00",
        "LAST_UPDATED_BY": "akshay.nayak@essentialenergy.com.au",
        "LAST_UPDATE_LOGIN": "akshay.nayak@essentialenergy.com.au",
        "CREATION_DATE": "2020-12-02T13:39:10.000+00:00",
        "CREATED_BY": "akshay.nayak@essentialenergy.com.au"
    },
    {
        "REQUEST_HEADER_ID": "108",
        "REQUEST_TYPE": "BOOKOUT",
        "REQUEST_STATUS": "Success",
        "ERROR_MESSAGE": "",
        "OIC_INSTANCE_ID": "5607191",
        "LAST_UPDATE_DATE": "2020-12-02T13:47:59.000+00:00",
        "LAST_UPDATED_BY": "akshay.nayak@essentialenergy.com.au",
        "LAST_UPDATE_LOGIN": "akshay.nayak@essentialenergy.com.au",
        "CREATION_DATE": "2020-12-02T13:47:59.000+00:00",
        "CREATED_BY": "akshay.nayak@essentialenergy.com.au"
    },
    {
        "REQUEST_HEADER_ID": "109",
        "REQUEST_TYPE": "BOOKOUT",
        "REQUEST_STATUS": "Success",
        "ERROR_MESSAGE": "",
        "OIC_INSTANCE_ID": "5607197",
        "LAST_UPDATE_DATE": "2020-12-02T13:54:22.000+00:00",
        "LAST_UPDATED_BY": "akshay.nayak@essentialenergy.com.au",
        "LAST_UPDATE_LOGIN": "akshay.nayak@essentialenergy.com.au",
        "CREATION_DATE": "2020-12-02T13:54:20.000+00:00",
        "CREATED_BY": "akshay.nayak@essentialenergy.com.au"
    },
    {
        "REQUEST_HEADER_ID": "110",
        "REQUEST_TYPE": "BOOKOUT",
        "REQUEST_STATUS": "Success",
        "ERROR_MESSAGE": "",
        "OIC_INSTANCE_ID": "6008870",
        "LAST_UPDATE_DATE": "2020-12-02T13:57:12.000+00:00",
        "LAST_UPDATED_BY": "akshay.nayak@essentialenergy.com.au",
        "LAST_UPDATE_LOGIN": "akshay.nayak@essentialenergy.com.au",
        "CREATION_DATE": "2020-12-02T13:57:10.000+00:00",
        "CREATED_BY": "akshay.nayak@essentialenergy.com.au"
    },
    {
        "REQUEST_HEADER_ID": "111",
        "REQUEST_TYPE": "BOOKOUT",
        "REQUEST_STATUS": "Success",
        "ERROR_MESSAGE": "",
        "OIC_INSTANCE_ID": "5607205",
        "LAST_UPDATE_DATE": "2020-12-02T13:58:56.000+00:00",
        "LAST_UPDATED_BY": "akshay.nayak@essentialenergy.com.au",
        "LAST_UPDATE_LOGIN": "akshay.nayak@essentialenergy.com.au",
        "CREATION_DATE": "2020-12-02T13:58:55.000+00:00",
        "CREATED_BY": "akshay.nayak@essentialenergy.com.au"
    },
    {
        "REQUEST_HEADER_ID": "112",
        "REQUEST_TYPE": "BOOKOUT",
        "REQUEST_STATUS": "Line Error",
        "ERROR_MESSAGE": "",
        "OIC_INSTANCE_ID": "6008880",
        "LAST_UPDATE_DATE": "2020-12-02T14:05:54.000+00:00",
        "LAST_UPDATED_BY": "akshay.nayak@essentialenergy.com.au",
        "LAST_UPDATE_LOGIN": "akshay.nayak@essentialenergy.com.au",
        "CREATION_DATE": "2020-12-02T14:05:53.000+00:00",
        "CREATED_BY": "akshay.nayak@essentialenergy.com.au"
    },
    {
        "REQUEST_HEADER_ID": "113",
        "REQUEST_TYPE": "BOOKOUT",
        "REQUEST_STATUS": "Success",
        "ERROR_MESSAGE": "",
        "OIC_INSTANCE_ID": "5607214",
        "LAST_UPDATE_DATE": "2020-12-02T14:08:03.000+00:00",
        "LAST_UPDATED_BY": "akshay.nayak@essentialenergy.com.au",
        "LAST_UPDATE_LOGIN": "akshay.nayak@essentialenergy.com.au",
        "CREATION_DATE": "2020-12-02T14:08:01.000+00:00",
        "CREATED_BY": "akshay.nayak@essentialenergy.com.au"
    },
    {
        "REQUEST_HEADER_ID": "114",
        "REQUEST_TYPE": "BOOKOUT",
        "REQUEST_STATUS": "SYS_Error",
        "ERROR_MESSAGE": "Error Code: APIInvocationErrorReason : ICS runtime execution errorDetails : \nhttp://www.w3.org/Protocols/rfc2616/rfc2616-sec10.html#sec10.4.1Bad Request400<![CDATA[POST https://enno-dev2.fa.ap1.oraclecloud.com/fscmRestApi/resources/11.13.18.05/inventoryStagedTransactions returned a response status of 400 Bad Request]]><![CDATA[Task 100000004357316 is not in the list of values..A 400 Bad Request Error indicates that the target service is unable (or refuses) to process the request sent by the client (Oracle Integration Cloud), due to an issue that is perceived by the server to be a client problem. You can trace the cURL representation of the request sent to the target service from the Oracle Integration Cloud server logs. Try invoking the target service using cURL. It may also be that one of the intermediaries (proxy, LBR) could be returning this code.  ]]>Fault Details : \n<ns2:APIInvocationError xmlns:ns2=\"http://xmlns.oracle.com/cloud/generic/rest/fault/REST/ProcessBookingTransaction\"><ns2:type/><ns2:title/><ns2:detail/><ns2:errorCode/><ns2:errorDetails><ns2:type>http://www.w3.org/Protocols/rfc2616/rfc2616-sec10.html#sec10.4.1</ns2:type><ns2:title>Bad Request</ns2:title><ns2:errorCode>400</ns2:errorCode><ns2:errorPath>&lt;![CDATA[POST https://enno-dev2.fa.ap1.oraclecloud.com/fscmRestApi/resources/11.13.18.05/inventoryStagedTransactions returned a response status of 400 Bad Request]]&gt;</ns2:errorPath><ns2:instance>&lt;![CDATA[Task 100000004357316 is not in the list of values..A 400 Bad Request Error indicates that the target service is unable (or refuses) to process the request sent by the client (Oracle Integration Cloud), due to an issue that is perceived by the server to be a client problem. You can trace the cURL representation of the request sent to the target service from the Oracle Integration Cloud server logs. Try invoking the target service using cURL. It may also be that one of the intermediaries (proxy, LBR) could be returning this code.  ]]&gt;</ns2:instance></ns2:errorDetails></ns2:APIInvocationError>\n:Application Errorexecute",
        "OIC_INSTANCE_ID": "5607220",
        "LAST_UPDATE_DATE": "2020-12-02T14:12:36.000+00:00",
        "LAST_UPDATED_BY": "akshay.nayak@essentialenergy.com.au",
        "LAST_UPDATE_LOGIN": "akshay.nayak@essentialenergy.com.au",
        "CREATION_DATE": "2020-12-02T14:12:35.000+00:00",
        "CREATED_BY": "akshay.nayak@essentialenergy.com.au"
    },
    {
        "REQUEST_HEADER_ID": "115",
        "REQUEST_TYPE": "BOOKOUT",
        "REQUEST_STATUS": "Success",
        "ERROR_MESSAGE": "",
        "OIC_INSTANCE_ID": "5607227",
        "LAST_UPDATE_DATE": "2020-12-02T14:15:10.000+00:00",
        "LAST_UPDATED_BY": "akshay.nayak@essentialenergy.com.au",
        "LAST_UPDATE_LOGIN": "akshay.nayak@essentialenergy.com.au",
        "CREATION_DATE": "2020-12-02T14:15:08.000+00:00",
        "CREATED_BY": "akshay.nayak@essentialenergy.com.au"
    },
    {
        "REQUEST_HEADER_ID": "123",
        "REQUEST_TYPE": "BOOKOUT",
        "REQUEST_STATUS": "Success",
        "ERROR_MESSAGE": "",
        "OIC_INSTANCE_ID": "7600020",
        "LAST_UPDATE_DATE": "2020-12-03T15:29:27.000+00:00",
        "LAST_UPDATED_BY": "Rohit.Chaturvedi@essentialenergy.com.au",
        "LAST_UPDATE_LOGIN": "Rohit.Chaturvedi@essentialenergy.com.au",
        "CREATION_DATE": "2020-12-03T15:29:22.000+00:00",
        "CREATED_BY": "Rohit.Chaturvedi@essentialenergy.com.au"
    }
]