{
    "items": [
        {
            "PickSlip": 69007,
            "PickWave": "118017",
            "Organization": "1GRAF",
            "NumberOfPicks": 2,
            "DueDate": "2020-12-15",
            "Order": "534",
            "Customer": "XYZ Customer",
            "ShippingMethod": null,
            "CreationDate": "2020-12-15T06:54:41.837+00:00",
            "Shipment": "71005",
            "MovementRequest": "118017",
            "ShipToLocation": "255 George Street,Sydney,NSW,2000,AU"
        },
        {
            "PickSlip": 69011,
            "PickWave": "118027",
            "Organization": "1GRAF",
            "NumberOfPicks": 4,
            "DueDate": "2020-12-16",
            "Order": "534",
            "Customer": "XYZ Customer",
            "ShippingMethod": null,
            "CreationDate": "2020-12-16T13:37:56.517+00:00",
            "Shipment": "71009",
            "MovementRequest": "118027",
            "ShipToLocation": "255 George Street,Sydney,NSW,2000,AU"
        },
        {
            "PickSlip": 69012,
            "PickWave": "118029",
            "Organization": "1GRAF",
            "NumberOfPicks": 2,
            "DueDate": "2020-12-16",
            "Order": "534",
            "Customer": "XYZ Customer",
            "ShippingMethod": null,
            "CreationDate": "2020-12-16T13:38:35.602+00:00",
            "Shipment": "71010",
            "MovementRequest": "118029",
            "ShipToLocation": "255 George Street,Sydney,NSW,2000,AU"
        },
        {
            "PickSlip": 70012,
            "PickWave": "117041",
            "Organization": "1GRAF",
            "NumberOfPicks": 18,
            "DueDate": "2020-12-15",
            "Order": "534",
            "Customer": "XYZ Customer",
            "ShippingMethod": null,
            "CreationDate": "2020-12-15T14:17:10.842+00:00",
            "Shipment": "72011",
            "MovementRequest": "117041",
            "ShipToLocation": "255 George Street,Sydney,NSW,2000,AU"
        }
    ],
    "count": 4,
    "hasMore": false,
    "limit": 5,
    "offset": 0,
    "links": [
        {
            "rel": "self",
            "href": "https://enno-dev2.fa.ap1.oraclecloud.com:443/fscmRestApi/resources/11.13.18.05/pickSlipDetails",
            "name": "pickSlipDetails",
            "kind": "collection"
        }
    ]
}