{
    "openapi": "3.0.0",
    "info": {
        "title": "ProjectsInfo",
        "version": "1.0.0"
    },
    "servers": [
        {
            "url": "https://enno-dev2.fa.ap1.oraclecloud.com",
            "description": "FscmRestApi 11.13.18.05",
            "x-vb": {
                "authentication": {
                    "authenticated": {
                        "type": "basic",
                        "credentials": "vb_b0d86bc7-b4a9-410f-8894-65df93ef14e5"
                    }
                }
            }
        }
    ],
    "paths": {
        "/fscmRestApi/resources/11.13.18.05/projects": {
            "get": {
                "operationId": "getFscmRestApiResources11_13_18_05Projects",
                "parameters": [
                    {
                        "name": "q",
                        "in": "query",
                        "schema": {
                            "type": "string"
                        },
                        "x-vb": {
                            "defaultValue": "ProjectName LIKE '%Test%'"
                        }
                    },
                    {
                        "name": "expand",
                        "in": "query",
                        "schema": {
                            "type": "string"
                        },
                        "x-vb": {
                            "defaultValue": "Tasks"
                        }
                    }
                ],
                "responses": {
                    "default": {
                        "description": "Response for default",
                        "content": {
                            "application/json": {
                                "schema": {
                                    "$ref": "#/components/schemas/GetFscmRestApiResources11_13_18_05Projects"
                                },
                                "examples": {
                                    "vb": {
                                        "summary": "Example stored by VB User",
                                        "externalValue": "./examples/getFscmRestApiResources11_13_18_05Projects/response_default_application_json_vb.json"
                                    }
                                }
                            }
                        }
                    }
                },
                "x-vb": {
                    "queryParameters": {},
                    "actionHint": "getMany"
                }
            }
        }
    },
    "components": {
        "schemas": {
            "GetFscmRestApiResources11_13_18_05Projects": {
                "type": "object",
                "properties": {
                    "items": {
                        "type": "array",
                        "items": {
                            "type": "object",
                            "properties": {
                                "AllowCrossChargeFlag": {
                                    "type": "boolean"
                                },
                                "AssetAllocationMethodCode": {
                                    "type": "string"
                                },
                                "BurdenScheduleId": {
                                    "nullable": true
                                },
                                "BurdenScheduleFixedDate": {
                                    "nullable": true
                                },
                                "BurdenScheduleName": {
                                    "nullable": true
                                },
                                "BusinessUnitId": {
                                    "type": "integer"
                                },
                                "BusinessUnitName": {
                                    "type": "string"
                                },
                                "CapitalEventProcessingMethodCode": {
                                    "type": "string"
                                },
                                "CIntRateSchName": {
                                    "nullable": true
                                },
                                "CIntStopDate": {
                                    "nullable": true
                                },
                                "CIntRateSchId": {
                                    "nullable": true
                                },
                                "CrossChargeLaborFlag": {
                                    "type": "boolean"
                                },
                                "CrossChargeNonLaborFlag": {
                                    "type": "boolean"
                                },
                                "CurrencyConvRateType": {
                                    "type": "string"
                                },
                                "CurrencyConvDateTypeCode": {
                                    "type": "string"
                                },
                                "CurrencyConvDate": {
                                    "nullable": true
                                },
                                "EnableBudgetaryControlFlag": {
                                    "type": "boolean"
                                },
                                "ExternalProjectId": {
                                    "nullable": true
                                },
                                "HoursPerDay": {
                                    "nullable": true
                                },
                                "IncludeNotesInKPINotificationsFlag": {
                                    "type": "boolean"
                                },
                                "KPINotificationEnabledFlag": {
                                    "type": "boolean"
                                },
                                "LaborTpFixedDate": {
                                    "nullable": true
                                },
                                "LaborTpSchedule": {
                                    "nullable": true
                                },
                                "LaborTpScheduleId": {
                                    "nullable": true
                                },
                                "LegalEntityId": {
                                    "type": "integer"
                                },
                                "LegalEntityName": {
                                    "type": "string"
                                },
                                "NlTransferPriceFixedDate": {
                                    "nullable": true
                                },
                                "NlTransferPriceSchedule": {
                                    "nullable": true
                                },
                                "NlTransferPriceScheduleId": {
                                    "nullable": true
                                },
                                "NumberAttr01": {
                                    "nullable": true
                                },
                                "NumberAttr02": {
                                    "nullable": true
                                },
                                "NumberAttr03": {
                                    "nullable": true
                                },
                                "NumberAttr04": {
                                    "nullable": true
                                },
                                "NumberAttr05": {
                                    "nullable": true
                                },
                                "NumberAttr06": {
                                    "nullable": true
                                },
                                "NumberAttr07": {
                                    "nullable": true
                                },
                                "NumberAttr08": {
                                    "nullable": true
                                },
                                "NumberAttr09": {
                                    "nullable": true
                                },
                                "NumberAttr10": {
                                    "nullable": true
                                },
                                "OwningOrganizationId": {
                                    "type": "integer"
                                },
                                "OwningOrganizationName": {
                                    "type": "string"
                                },
                                "PlanningProjectFlag": {
                                    "type": "boolean"
                                },
                                "ProjectCalendarId": {
                                    "type": "integer"
                                },
                                "ProjectCalendarName": {
                                    "type": "string"
                                },
                                "ProjectCode01": {
                                    "nullable": true
                                },
                                "ProjectCode02": {
                                    "nullable": true
                                },
                                "ProjectCode03": {
                                    "nullable": true
                                },
                                "ProjectCode04": {
                                    "nullable": true
                                },
                                "ProjectCode05": {
                                    "nullable": true
                                },
                                "ProjectCode06": {
                                    "nullable": true
                                },
                                "ProjectCode07": {
                                    "nullable": true
                                },
                                "ProjectCode08": {
                                    "nullable": true
                                },
                                "ProjectCode09": {
                                    "nullable": true
                                },
                                "ProjectCode10": {
                                    "nullable": true
                                },
                                "ProjectCode11": {
                                    "nullable": true
                                },
                                "ProjectCode12": {
                                    "nullable": true
                                },
                                "ProjectCode13": {
                                    "nullable": true
                                },
                                "ProjectCode14": {
                                    "nullable": true
                                },
                                "ProjectCode15": {
                                    "nullable": true
                                },
                                "ProjectCode16": {
                                    "nullable": true
                                },
                                "ProjectCode17": {
                                    "nullable": true
                                },
                                "ProjectCode18": {
                                    "nullable": true
                                },
                                "ProjectCode19": {
                                    "nullable": true
                                },
                                "ProjectCode20": {
                                    "nullable": true
                                },
                                "ProjectCode21": {
                                    "nullable": true
                                },
                                "ProjectCode22": {
                                    "nullable": true
                                },
                                "ProjectCode23": {
                                    "nullable": true
                                },
                                "ProjectCode24": {
                                    "nullable": true
                                },
                                "ProjectCode25": {
                                    "nullable": true
                                },
                                "ProjectCode26": {
                                    "nullable": true
                                },
                                "ProjectCode27": {
                                    "nullable": true
                                },
                                "ProjectCode28": {
                                    "nullable": true
                                },
                                "ProjectCode29": {
                                    "nullable": true
                                },
                                "ProjectCode30": {
                                    "nullable": true
                                },
                                "ProjectCode31": {
                                    "nullable": true
                                },
                                "ProjectCode32": {
                                    "nullable": true
                                },
                                "ProjectCode33": {
                                    "nullable": true
                                },
                                "ProjectCode34": {
                                    "nullable": true
                                },
                                "ProjectCode35": {
                                    "nullable": true
                                },
                                "ProjectCode36": {
                                    "nullable": true
                                },
                                "ProjectCode37": {
                                    "nullable": true
                                },
                                "ProjectCode38": {
                                    "nullable": true
                                },
                                "ProjectCode39": {
                                    "nullable": true
                                },
                                "ProjectCode40": {
                                    "nullable": true
                                },
                                "ProjectCurrencyCode": {
                                    "type": "string"
                                },
                                "ProjectDescription": {
                                    "nullable": true
                                },
                                "ProjectEndDate": {
                                    "type": "string"
                                },
                                "ProjectId": {
                                    "type": "integer"
                                },
                                "ProjectManagerEmail": {
                                    "type": "string"
                                },
                                "ProjectManagerName": {
                                    "type": "string"
                                },
                                "ProjectManagerResourceId": {
                                    "type": "integer"
                                },
                                "ProjectName": {
                                    "type": "string"
                                },
                                "ProjectNumber": {
                                    "type": "string"
                                },
                                "ProjectPlanViewAccessCode": {
                                    "type": "string"
                                },
                                "ProjectPriorityCode": {
                                    "nullable": true
                                },
                                "ProjectStartDate": {
                                    "type": "string"
                                },
                                "ProjectStatus": {
                                    "type": "string"
                                },
                                "ProjectStatusCode": {
                                    "type": "string"
                                },
                                "ProjectTypeId": {
                                    "type": "integer"
                                },
                                "ProjectTypeName": {
                                    "type": "string"
                                },
                                "ProjectUnitId": {
                                    "type": "integer"
                                },
                                "ProjectUnitName": {
                                    "type": "string"
                                },
                                "ScheduleTypeCode": {
                                    "type": "string"
                                },
                                "ServiceType": {
                                    "nullable": true
                                },
                                "ServiceTypeCode": {
                                    "nullable": true
                                },
                                "SourceApplicationCode": {
                                    "nullable": true
                                },
                                "SourceProjectReference": {
                                    "nullable": true
                                },
                                "SourceTemplateId": {
                                    "type": "integer"
                                },
                                "SourceTemplateName": {
                                    "type": "string"
                                },
                                "TextAttr01": {
                                    "nullable": true
                                },
                                "TextAttr02": {
                                    "nullable": true
                                },
                                "TextAttr03": {
                                    "nullable": true
                                },
                                "TextAttr04": {
                                    "nullable": true
                                },
                                "TextAttr05": {
                                    "nullable": true
                                },
                                "TextAttr06": {
                                    "nullable": true
                                },
                                "TextAttr07": {
                                    "nullable": true
                                },
                                "TextAttr08": {
                                    "nullable": true
                                },
                                "TextAttr09": {
                                    "nullable": true
                                },
                                "TextAttr10": {
                                    "nullable": true
                                },
                                "TextAttr11": {
                                    "nullable": true
                                },
                                "TextAttr12": {
                                    "nullable": true
                                },
                                "TextAttr13": {
                                    "nullable": true
                                },
                                "TextAttr14": {
                                    "nullable": true
                                },
                                "TextAttr15": {
                                    "nullable": true
                                },
                                "TextAttr16": {
                                    "nullable": true
                                },
                                "TextAttr17": {
                                    "nullable": true
                                },
                                "TextAttr18": {
                                    "nullable": true
                                },
                                "TextAttr19": {
                                    "nullable": true
                                },
                                "TextAttr20": {
                                    "nullable": true
                                },
                                "TransactionControlFlag": {
                                    "type": "boolean"
                                },
                                "WorkplanTemplateId": {
                                    "nullable": true
                                },
                                "WorkplanTemplateName": {
                                    "nullable": true
                                },
                                "WorkType": {
                                    "nullable": true
                                },
                                "WorkTypeId": {
                                    "nullable": true
                                },
                                "links": {
                                    "type": "array",
                                    "items": {
                                        "type": "object",
                                        "properties": {
                                            "rel": {
                                                "type": "string"
                                            },
                                            "href": {
                                                "type": "string"
                                            },
                                            "name": {
                                                "type": "string"
                                            },
                                            "kind": {
                                                "type": "string"
                                            },
                                            "properties": {
                                                "type": "object",
                                                "properties": {
                                                    "changeIndicator": {
                                                        "type": "string"
                                                    }
                                                }
                                            }
                                        }
                                    }
                                }
                            }
                        }
                    },
                    "count": {
                        "type": "integer"
                    },
                    "hasMore": {
                        "type": "boolean"
                    },
                    "limit": {
                        "type": "integer"
                    },
                    "offset": {
                        "type": "integer"
                    },
                    "links": {
                        "type": "array",
                        "items": {
                            "type": "object",
                            "properties": {
                                "rel": {
                                    "type": "string"
                                },
                                "href": {
                                    "type": "string"
                                },
                                "name": {
                                    "type": "string"
                                },
                                "kind": {
                                    "type": "string"
                                }
                            }
                        }
                    }
                }
            }
        }
    }
}