{
    "profiles": [
        {
            "displayName": "Base configuration",
            "id": "base_configuration",
            "description": "Default development profile in VBCS",
            "mobileBuildConfiguration": {
                "barcodescan": {
                    "android": "Oracle VBCS Barcode Scanner Demo_043818442793957524"
                }
            }
        }
    ],
    "defaults": {
        "dev": "base_configuration",
        "stage": "base_configuration",
        "publish": "base_configuration"
    }
}