[
    {
        "SUBINVENTORY_CODE": "STORAGE",
        "PROJECT_NUMBER": "1010",
        "TASK_NUMBER": "3.1",
        "LOCATOR": "A.11.2",
        "PRIMARY_TRANSACTION_QUANTITY": "40",
        "TRANSACTION_QUANTITY": "40",
        "PENDING_TRANSACTION_COUNT": "1",
        "RESERVED_TRANSACTION_COUNT": "0"
    },
    {
        "SUBINVENTORY_CODE": "STORAGE",
        "PROJECT_NUMBER": "",
        "TASK_NUMBER": "",
        "LOCATOR": "A.11.2",
        "PRIMARY_TRANSACTION_QUANTITY": "196",
        "TRANSACTION_QUANTITY": "196",
        "PENDING_TRANSACTION_COUNT": "168",
        "RESERVED_TRANSACTION_COUNT": "0"
    },
    {
        "SUBINVENTORY_CODE": "STORAGE",
        "PROJECT_NUMBER": "",
        "TASK_NUMBER": "",
        "LOCATOR": "A.11.1",
        "PRIMARY_TRANSACTION_QUANTITY": "834",
        "TRANSACTION_QUANTITY": "834",
        "PENDING_TRANSACTION_COUNT": "423",
        "RESERVED_TRANSACTION_COUNT": "0"
    },
    {
        "SUBINVENTORY_CODE": "DISPATCH",
        "PROJECT_NUMBER": "",
        "TASK_NUMBER": "",
        "LOCATOR": "",
        "PRIMARY_TRANSACTION_QUANTITY": "24",
        "TRANSACTION_QUANTITY": "24",
        "PENDING_TRANSACTION_COUNT": "0",
        "RESERVED_TRANSACTION_COUNT": "24"
    },
    {
        "SUBINVENTORY_CODE": "AACBL",
        "PROJECT_NUMBER": "1000",
        "TASK_NUMBER": "1.1",
        "LOCATOR": "",
        "PRIMARY_TRANSACTION_QUANTITY": "96",
        "TRANSACTION_QUANTITY": "96",
        "PENDING_TRANSACTION_COUNT": "0",
        "RESERVED_TRANSACTION_COUNT": "0"
    },
    {
        "SUBINVENTORY_CODE": "DISPATCH",
        "PROJECT_NUMBER": "1000",
        "TASK_NUMBER": "1.1",
        "LOCATOR": "",
        "PRIMARY_TRANSACTION_QUANTITY": "1",
        "TRANSACTION_QUANTITY": "1",
        "PENDING_TRANSACTION_COUNT": "0",
        "RESERVED_TRANSACTION_COUNT": "1"
    }
]