[
    {
        "SUBINVENTORY_ID": "300000001891427",
        "SUBINVENTORY_CODE": "REPAIR",
        "INVENTORY_LOCATION_ID": "",
        "LOCATOR": "",
        "SEGMENT1": "",
        "SEGMENT2": "",
        "SEGMENT3": "",
        "SEGMENT4": "",
        "SEGMENT5": ""
    },
    {
        "SUBINVENTORY_ID": "300000001891428",
        "SUBINVENTORY_CODE": "RETURN",
        "INVENTORY_LOCATION_ID": "",
        "LOCATOR": "",
        "SEGMENT1": "",
        "SEGMENT2": "",
        "SEGMENT3": "",
        "SEGMENT4": "",
        "SEGMENT5": ""
    },
    {
        "SUBINVENTORY_ID": "300000001891429",
        "SUBINVENTORY_CODE": "DISPOSAL",
        "INVENTORY_LOCATION_ID": "",
        "LOCATOR": "",
        "SEGMENT1": "",
        "SEGMENT2": "",
        "SEGMENT3": "",
        "SEGMENT4": "",
        "SEGMENT5": ""
    },
    {
        "SUBINVENTORY_ID": "300000001891430",
        "SUBINVENTORY_CODE": "AACBL",
        "INVENTORY_LOCATION_ID": "",
        "LOCATOR": "",
        "SEGMENT1": "",
        "SEGMENT2": "",
        "SEGMENT3": "",
        "SEGMENT4": "",
        "SEGMENT5": ""
    },
    {
        "SUBINVENTORY_ID": "300000001891431",
        "SUBINVENTORY_CODE": "AAPOL",
        "INVENTORY_LOCATION_ID": "",
        "LOCATOR": "",
        "SEGMENT1": "",
        "SEGMENT2": "",
        "SEGMENT3": "",
        "SEGMENT4": "",
        "SEGMENT5": ""
    },
    {
        "SUBINVENTORY_ID": "300000001891432",
        "SUBINVENTORY_CODE": "AASWG",
        "INVENTORY_LOCATION_ID": "",
        "LOCATOR": "",
        "SEGMENT1": "",
        "SEGMENT2": "",
        "SEGMENT3": "",
        "SEGMENT4": "",
        "SEGMENT5": ""
    },
    {
        "SUBINVENTORY_ID": "300000001891433",
        "SUBINVENTORY_CODE": "AATRX",
        "INVENTORY_LOCATION_ID": "",
        "LOCATOR": "",
        "SEGMENT1": "",
        "SEGMENT2": "",
        "SEGMENT3": "",
        "SEGMENT4": "",
        "SEGMENT5": ""
    },
    {
        "SUBINVENTORY_ID": "300000001891434",
        "SUBINVENTORY_CODE": "DGOODS",
        "INVENTORY_LOCATION_ID": "300000002686559",
        "LOCATOR": "A.11.1",
        "SEGMENT1": "A",
        "SEGMENT2": "11",
        "SEGMENT3": "1",
        "SEGMENT4": "",
        "SEGMENT5": ""
    },
    {
        "SUBINVENTORY_ID": "300000001891435",
        "SUBINVENTORY_CODE": "CHEMICAL",
        "INVENTORY_LOCATION_ID": "300000004333992",
        "LOCATOR": "F/C  ",
        "SEGMENT1": "F/C",
        "SEGMENT2": "",
        "SEGMENT3": "",
        "SEGMENT4": "",
        "SEGMENT5": ""
    },
    {
        "SUBINVENTORY_ID": "300000001891436",
        "SUBINVENTORY_CODE": "PPE",
        "INVENTORY_LOCATION_ID": "",
        "LOCATOR": "",
        "SEGMENT1": "",
        "SEGMENT2": "",
        "SEGMENT3": "",
        "SEGMENT4": "",
        "SEGMENT5": ""
    },
    {
        "SUBINVENTORY_ID": "300000001891437",
        "SUBINVENTORY_CODE": "TOOLS",
        "INVENTORY_LOCATION_ID": "",
        "LOCATOR": "",
        "SEGMENT1": "",
        "SEGMENT2": "",
        "SEGMENT3": "",
        "SEGMENT4": "",
        "SEGMENT5": ""
    },
    {
        "SUBINVENTORY_ID": "300000002123889",
        "SUBINVENTORY_CODE": "DISPATCH",
        "INVENTORY_LOCATION_ID": "",
        "LOCATOR": "",
        "SEGMENT1": "",
        "SEGMENT2": "",
        "SEGMENT3": "",
        "SEGMENT4": "",
        "SEGMENT5": ""
    },
    {
        "SUBINVENTORY_ID": "300000002123890",
        "SUBINVENTORY_CODE": "RECEIVE",
        "INVENTORY_LOCATION_ID": "",
        "LOCATOR": "",
        "SEGMENT1": "",
        "SEGMENT2": "",
        "SEGMENT3": "",
        "SEGMENT4": "",
        "SEGMENT5": ""
    },
    {
        "SUBINVENTORY_ID": "300000002123891",
        "SUBINVENTORY_CODE": "STORAGE",
        "INVENTORY_LOCATION_ID": "1000000000",
        "LOCATOR": "",
        "SEGMENT1": "",
        "SEGMENT2": "",
        "SEGMENT3": "",
        "SEGMENT4": "",
        "SEGMENT5": ""
    },
    {
        "SUBINVENTORY_ID": "300000002123891",
        "SUBINVENTORY_CODE": "STORAGE",
        "INVENTORY_LOCATION_ID": "1000003000",
        "LOCATOR": "H.09.3",
        "SEGMENT1": "H",
        "SEGMENT2": "09",
        "SEGMENT3": "3",
        "SEGMENT4": "",
        "SEGMENT5": ""
    },
    {
        "SUBINVENTORY_ID": "300000002123891",
        "SUBINVENTORY_CODE": "STORAGE",
        "INVENTORY_LOCATION_ID": "300000002255111",
        "LOCATOR": "A.11.1",
        "SEGMENT1": "A",
        "SEGMENT2": "11",
        "SEGMENT3": "1",
        "SEGMENT4": "",
        "SEGMENT5": ""
    },
    {
        "SUBINVENTORY_ID": "300000002123891",
        "SUBINVENTORY_CODE": "STORAGE",
        "INVENTORY_LOCATION_ID": "300000002255255",
        "LOCATOR": "A.11.2",
        "SEGMENT1": "A",
        "SEGMENT2": "11",
        "SEGMENT3": "2",
        "SEGMENT4": "",
        "SEGMENT5": ""
    },
    {
        "SUBINVENTORY_ID": "300000002123891",
        "SUBINVENTORY_CODE": "STORAGE",
        "INVENTORY_LOCATION_ID": "300000002982722",
        "LOCATOR": "A.11.3",
        "SEGMENT1": "A",
        "SEGMENT2": "11",
        "SEGMENT3": "3",
        "SEGMENT4": "",
        "SEGMENT5": ""
    },
    {
        "SUBINVENTORY_ID": "300000002123891",
        "SUBINVENTORY_CODE": "STORAGE",
        "INVENTORY_LOCATION_ID": "300000002982756",
        "LOCATOR": "a.11.3",
        "SEGMENT1": "a",
        "SEGMENT2": "11",
        "SEGMENT3": "3",
        "SEGMENT4": "",
        "SEGMENT5": ""
    },
    {
        "SUBINVENTORY_ID": "300000002123891",
        "SUBINVENTORY_CODE": "STORAGE",
        "INVENTORY_LOCATION_ID": "300000003855649",
        "LOCATOR": "NA.1.1",
        "SEGMENT1": "NA",
        "SEGMENT2": "1",
        "SEGMENT3": "1",
        "SEGMENT4": "",
        "SEGMENT5": ""
    },
    {
        "SUBINVENTORY_ID": "300000002123891",
        "SUBINVENTORY_CODE": "STORAGE",
        "INVENTORY_LOCATION_ID": "300000003855650",
        "LOCATOR": "NA.1 ",
        "SEGMENT1": "NA",
        "SEGMENT2": "1",
        "SEGMENT3": "",
        "SEGMENT4": "",
        "SEGMENT5": ""
    },
    {
        "SUBINVENTORY_ID": "300000002123891",
        "SUBINVENTORY_CODE": "STORAGE",
        "INVENTORY_LOCATION_ID": "300000003855651",
        "LOCATOR": "NA  ",
        "SEGMENT1": "NA",
        "SEGMENT2": "",
        "SEGMENT3": "",
        "SEGMENT4": "",
        "SEGMENT5": ""
    },
    {
        "SUBINVENTORY_ID": "300000002123891",
        "SUBINVENTORY_CODE": "STORAGE",
        "INVENTORY_LOCATION_ID": "300000003880176",
        "LOCATOR": "123.123.123",
        "SEGMENT1": "123",
        "SEGMENT2": "123",
        "SEGMENT3": "123",
        "SEGMENT4": "",
        "SEGMENT5": ""
    },
    {
        "SUBINVENTORY_ID": "300000002123891",
        "SUBINVENTORY_CODE": "STORAGE",
        "INVENTORY_LOCATION_ID": "300000004496845",
        "LOCATOR": "B.1.11",
        "SEGMENT1": "B",
        "SEGMENT2": "1",
        "SEGMENT3": "11",
        "SEGMENT4": "",
        "SEGMENT5": ""
    },
    {
        "SUBINVENTORY_ID": "300000002125251",
        "SUBINVENTORY_CODE": "QA",
        "INVENTORY_LOCATION_ID": "",
        "LOCATOR": "",
        "SEGMENT1": "",
        "SEGMENT2": "",
        "SEGMENT3": "",
        "SEGMENT4": "",
        "SEGMENT5": ""
    },
    {
        "SUBINVENTORY_ID": "300000003096940",
        "SUBINVENTORY_CODE": "FAI",
        "INVENTORY_LOCATION_ID": "",
        "LOCATOR": "",
        "SEGMENT1": "",
        "SEGMENT2": "",
        "SEGMENT3": "",
        "SEGMENT4": "",
        "SEGMENT5": ""
    },
    {
        "SUBINVENTORY_ID": "300000004133747",
        "SUBINVENTORY_CODE": "Test",
        "INVENTORY_LOCATION_ID": "",
        "LOCATOR": "",
        "SEGMENT1": "",
        "SEGMENT2": "",
        "SEGMENT3": "",
        "SEGMENT4": "",
        "SEGMENT5": ""
    }
]