{
    "openapi": "3.0.0",
    "info": {
        "title": "postAvailableQuantityDetails",
        "version": "1.0.0"
    },
    "servers": [
        {
            "url": "https://enno-dev2.fa.ap1.oraclecloud.com/fscmRestApi/resources/11.13.18.05",
            "description": "FscmRestApi 11.13.18.05",
            "x-vb": {
                "authentication": {
                    "authenticated": {
                        "type": "propagate"
                    }
                }
            }
        }
    ],
    "paths": {
        "/availableQuantityDetails": {
            "post": {
                "operationId": "postAvailableQuantityDetails",
                "requestBody": {
                    "content": {
                        "application/json": {
                            "schema": {
                                "$ref": "#/components/schemas/PostAvailableQuantityDetailsRequest"
                            },
                            "examples": {
                                "vb": {
                                    "externalValue": "./examples/postAvailableQuantityDetails/request_application_json_vb.json"
                                }
                            }
                        }
                    }
                },
                "responses": {
                    "default": {
                        "description": "Default response",
                        "content": {
                            "application/json": {
                                "schema": {
                                    "$ref": "#/components/schemas/PostAvailableQuantityDetailsResponse"
                                },
                                "examples": {
                                    "vb": {
                                        "externalValue": "./examples/postAvailableQuantityDetails/response_default_application_json_vb.json"
                                    }
                                }
                            }
                        }
                    }
                },
                "x-vb": {
                    "headers": {
                        "Content-Type": "application/vnd.oracle.adf.resourceitem+json"
                    },
                    "actionHint": "getOne"
                }
            }
        }
    },
    "components": {
        "schemas": {
            "PostAvailableQuantityDetailsRequest": {
                "type": "object",
                "properties": {
                    "OrganizationCode": {
                        "type": "string"
                    },
                    "ItemNumber": {
                        "type": "string"
                    }
                }
            },
            "PostAvailableQuantityDetailsResponse": {
                "type": "object",
                "properties": {
                    "OrganizationCode": {
                        "type": "string"
                    },
                    "OrganizationId": {
                        "type": "integer"
                    },
                    "ItemNumber": {
                        "type": "string"
                    },
                    "InventoryItemId": {
                        "type": "integer"
                    },
                    "ItemRevision": {
                        "nullable": true
                    },
                    "Subinventory": {
                        "nullable": true
                    },
                    "LocatorId": {
                        "nullable": true
                    },
                    "Lot": {
                        "nullable": true
                    },
                    "OwningEntityId": {
                        "nullable": true
                    },
                    "PrimaryUnitOfMeasure": {
                        "type": "string"
                    },
                    "QuantityOnhand": {
                        "type": "integer"
                    },
                    "AvailableToTransact": {
                        "type": "integer"
                    },
                    "SecondaryUnitOfMeasure": {
                        "nullable": true
                    },
                    "SecondaryQuantityOnhand": {
                        "nullable": true
                    },
                    "SecondaryAvailableToTransact": {
                        "nullable": true
                    },
                    "ReturnStatus": {
                        "type": "string"
                    },
                    "ReturnMessageName": {
                        "nullable": true
                    },
                    "ReturnMessageText": {
                        "nullable": true
                    },
                    "InventoryProject": {
                        "nullable": true
                    },
                    "InventoryProjectId": {
                        "nullable": true
                    },
                    "InventoryTask": {
                        "nullable": true
                    },
                    "InventoryTaskId": {
                        "nullable": true
                    },
                    "InventoryCountryOfOrigin": {
                        "nullable": true
                    },
                    "InventoryCountryOfOriginCode": {
                        "nullable": true
                    },
                    "Locator": {
                        "nullable": true
                    },
                    "OwningPartySite": {
                        "nullable": true
                    },
                    "links": {
                        "type": "array",
                        "items": {
                            "type": "object",
                            "properties": {
                                "rel": {
                                    "type": "string"
                                },
                                "href": {
                                    "type": "string"
                                },
                                "name": {
                                    "type": "string"
                                },
                                "kind": {
                                    "type": "string"
                                }
                            }
                        }
                    }
                }
            }
        }
    }
}