[
    {
        "SUBINVENTORY_CODE": "QA",
        "PROJECT_NUMBER": "",
        "TASK_NUMBER": "",
        "LOCATOR": "",
        "PRIMARY_TRANSACTION_QUANTITY": "12000",
        "TRANSACTION_QUANTITY": "12000",
        "PENDING_TRANSACTION_COUNT": "0",
        "RESERVED_TRANSACTION_COUNT": "0"
    },
    {
        "SUBINVENTORY_CODE": "STORAGE",
        "PROJECT_NUMBER": "",
        "TASK_NUMBER": "",
        "LOCATOR": "A.11.2",
        "PRIMARY_TRANSACTION_QUANTITY": "215",
        "TRANSACTION_QUANTITY": "215",
        "PENDING_TRANSACTION_COUNT": "191",
        "RESERVED_TRANSACTION_COUNT": "0"
    },
    {
        "SUBINVENTORY_CODE": "STORAGE",
        "PROJECT_NUMBER": "1010",
        "TASK_NUMBER": "3.1",
        "LOCATOR": "A.11.2",
        "PRIMARY_TRANSACTION_QUANTITY": "31",
        "TRANSACTION_QUANTITY": "31",
        "PENDING_TRANSACTION_COUNT": "1",
        "RESERVED_TRANSACTION_COUNT": "0"
    },
    {
        "SUBINVENTORY_CODE": "DISPATCH",
        "PROJECT_NUMBER": "1000",
        "TASK_NUMBER": "1.1",
        "LOCATOR": "",
        "PRIMARY_TRANSACTION_QUANTITY": "1",
        "TRANSACTION_QUANTITY": "1",
        "PENDING_TRANSACTION_COUNT": "0",
        "RESERVED_TRANSACTION_COUNT": "1"
    },
    {
        "SUBINVENTORY_CODE": "AAPOL",
        "PROJECT_NUMBER": "",
        "TASK_NUMBER": "",
        "LOCATOR": "",
        "PRIMARY_TRANSACTION_QUANTITY": "5",
        "TRANSACTION_QUANTITY": "5",
        "PENDING_TRANSACTION_COUNT": "0",
        "RESERVED_TRANSACTION_COUNT": "0"
    },
    {
        "SUBINVENTORY_CODE": "AATRX",
        "PROJECT_NUMBER": "",
        "TASK_NUMBER": "",
        "LOCATOR": "",
        "PRIMARY_TRANSACTION_QUANTITY": "80",
        "TRANSACTION_QUANTITY": "80",
        "PENDING_TRANSACTION_COUNT": "0",
        "RESERVED_TRANSACTION_COUNT": "0"
    },
    {
        "SUBINVENTORY_CODE": "STORAGE",
        "PROJECT_NUMBER": "",
        "TASK_NUMBER": "",
        "LOCATOR": "A.11.1",
        "PRIMARY_TRANSACTION_QUANTITY": "1014",
        "TRANSACTION_QUANTITY": "1014",
        "PENDING_TRANSACTION_COUNT": "1005",
        "RESERVED_TRANSACTION_COUNT": "0"
    },
    {
        "SUBINVENTORY_CODE": "STORAGE",
        "PROJECT_NUMBER": "1010",
        "TASK_NUMBER": "2.1.1",
        "LOCATOR": "A.11.2",
        "PRIMARY_TRANSACTION_QUANTITY": "3",
        "TRANSACTION_QUANTITY": "3",
        "PENDING_TRANSACTION_COUNT": "0",
        "RESERVED_TRANSACTION_COUNT": "0"
    },
    {
        "SUBINVENTORY_CODE": "AACBL",
        "PROJECT_NUMBER": "1001",
        "TASK_NUMBER": "1.1",
        "LOCATOR": "",
        "PRIMARY_TRANSACTION_QUANTITY": "2",
        "TRANSACTION_QUANTITY": "2",
        "PENDING_TRANSACTION_COUNT": "0",
        "RESERVED_TRANSACTION_COUNT": "0"
    },
    {
        "SUBINVENTORY_CODE": "DISPATCH",
        "PROJECT_NUMBER": "",
        "TASK_NUMBER": "",
        "LOCATOR": "",
        "PRIMARY_TRANSACTION_QUANTITY": "42",
        "TRANSACTION_QUANTITY": "42",
        "PENDING_TRANSACTION_COUNT": "6",
        "RESERVED_TRANSACTION_COUNT": "36"
    },
    {
        "SUBINVENTORY_CODE": "STORAGE",
        "PROJECT_NUMBER": "1010",
        "TASK_NUMBER": "1.1",
        "LOCATOR": "A.11.2",
        "PRIMARY_TRANSACTION_QUANTITY": "119",
        "TRANSACTION_QUANTITY": "119",
        "PENDING_TRANSACTION_COUNT": "1",
        "RESERVED_TRANSACTION_COUNT": "0"
    },
    {
        "SUBINVENTORY_CODE": "AACBL",
        "PROJECT_NUMBER": "1000",
        "TASK_NUMBER": "1.1",
        "LOCATOR": "",
        "PRIMARY_TRANSACTION_QUANTITY": "94",
        "TRANSACTION_QUANTITY": "94",
        "PENDING_TRANSACTION_COUNT": "3",
        "RESERVED_TRANSACTION_COUNT": "0"
    },
    {
        "SUBINVENTORY_CODE": "STORAGE",
        "PROJECT_NUMBER": "",
        "TASK_NUMBER": "",
        "LOCATOR": "A.11.3",
        "PRIMARY_TRANSACTION_QUANTITY": "20",
        "TRANSACTION_QUANTITY": "20",
        "PENDING_TRANSACTION_COUNT": "0",
        "RESERVED_TRANSACTION_COUNT": "0"
    }
]