[
    {
        "SUBINVENTORY_CODE": "STORAGE",
        "PROJECT_ID": "0",
        "TASK_ID": "300000004200024",
        "PRIMARY_TRANSACTION_QUANTITY": "300000003071923",
        "TRANSACTION_QUANTITY": "100000004168139",
        "PENDING_TRANSACTION_COUNT": "10",
        "RESERVED_TRANSACTION_COUNT": "10",
        "INVENTORY_ITEM_ID": "300000002124609",
        "ORGANIZATION_ID": "300000002255111",
        "LOCATOR_ID": "0",
        "ERROR_MESSAGE": ""
    },
    {
        "SUBINVENTORY_CODE": "STORAGE",
        "PROJECT_ID": "0",
        "TASK_ID": "300000004200024",
        "PRIMARY_TRANSACTION_QUANTITY": "",
        "TRANSACTION_QUANTITY": "",
        "PENDING_TRANSACTION_COUNT": "3",
        "RESERVED_TRANSACTION_COUNT": "3",
        "INVENTORY_ITEM_ID": "300000002124609",
        "ORGANIZATION_ID": "300000002255111",
        "LOCATOR_ID": "9",
        "ERROR_MESSAGE": ""
    }
]