[
    {
        "SUBINVENTORY_ID": "300000001891430",
        "SUBINVENTORY_CODE": "AACBL",
        "INVENTORY_LOCATION_ID": "300000004333991",
        "LOCATOR": " F/C. "
    },
    {
        "SUBINVENTORY_ID": "300000001891434",
        "SUBINVENTORY_CODE": "DGOODS",
        "INVENTORY_LOCATION_ID": "300000002686559",
        "LOCATOR": "A.11.1"
    },
    {
        "SUBINVENTORY_ID": "300000001891435",
        "SUBINVENTORY_CODE": "CHEMICAL",
        "INVENTORY_LOCATION_ID": "300000004333992",
        "LOCATOR": "F/C.  "
    },
    {
        "SUBINVENTORY_ID": "300000002123891",
        "SUBINVENTORY_CODE": "STORAGE",
        "INVENTORY_LOCATION_ID": "300000002982756",
        "LOCATOR": "a.11.3"
    },
    {
        "SUBINVENTORY_ID": "300000002123891",
        "SUBINVENTORY_CODE": "STORAGE",
        "INVENTORY_LOCATION_ID": "1000000000",
        "LOCATOR": ""
    },
    {
        "SUBINVENTORY_ID": "300000002123891",
        "SUBINVENTORY_CODE": "STORAGE",
        "INVENTORY_LOCATION_ID": "300000003855651",
        "LOCATOR": "NA.  "
    },
    {
        "SUBINVENTORY_ID": "300000002123891",
        "SUBINVENTORY_CODE": "STORAGE",
        "INVENTORY_LOCATION_ID": "300000002255111",
        "LOCATOR": "A.11.1"
    },
    {
        "SUBINVENTORY_ID": "300000002123891",
        "SUBINVENTORY_CODE": "STORAGE",
        "INVENTORY_LOCATION_ID": "300000004496845",
        "LOCATOR": "B.1.11"
    },
    {
        "SUBINVENTORY_ID": "300000002123891",
        "SUBINVENTORY_CODE": "STORAGE",
        "INVENTORY_LOCATION_ID": "300000003880176",
        "LOCATOR": "123.123.123"
    },
    {
        "SUBINVENTORY_ID": "300000002123891",
        "SUBINVENTORY_CODE": "STORAGE",
        "INVENTORY_LOCATION_ID": "300000002255255",
        "LOCATOR": "A.11.2"
    },
    {
        "SUBINVENTORY_ID": "300000002123891",
        "SUBINVENTORY_CODE": "STORAGE",
        "INVENTORY_LOCATION_ID": "300000003855650",
        "LOCATOR": "NA.1. "
    },
    {
        "SUBINVENTORY_ID": "300000002123891",
        "SUBINVENTORY_CODE": "STORAGE",
        "INVENTORY_LOCATION_ID": "300000003855649",
        "LOCATOR": "NA.1.1"
    },
    {
        "SUBINVENTORY_ID": "300000002123891",
        "SUBINVENTORY_CODE": "STORAGE",
        "INVENTORY_LOCATION_ID": "300000002982722",
        "LOCATOR": "A.11.3"
    }
]