{
  "pageModelVersion": "19.4.3",
  "title": "",
  "description": "",
  "variables": {
    "SelectedProjectVar": {
      "type": "WorkPackListResponseType"
    },
    "SelectedWOrderVar": {
      "type": "WorkPackListResponseType"
    },
    "TempWorkPackListADP": {
      "type": "vb/ArrayDataProvider2",
      "defaultValue": {
        "itemType": "WorkPackListResponseType",
        "keyAttributes": [
          "HeaderId"
        ]
      },
      "input": "fromCaller"
    },
    "WorkPackListADP": {
      "type": "vb/ArrayDataProvider2",
      "defaultValue": {
        "itemType": "WorkPackListResponseType",
        "keyAttributes": "items"
      }
    }
  },
  "metadata": {},
  "types": {
    "@decorators.WorkPackListResponseType": {
      "endpoint": "getFscmRestApiResources",
      "service": "fusionService",
      "path": "response-_-items[0]"
    },
    "WorkPackListResponseType": {
        "AgreementHeaderId": "any",
        "AgreementNumber": "any",
        "AgreementVersionNumber": "any",
        "BusinessUnitId": "number",
        "BusinessUnitName": "string",
        "BuyingPartyContactFirstName": "string",
        "BuyingPartyContactId": "number",
        "CanceledFlag": "boolean",
        "CancelReason": "any",
        "CancelReasonCode": "any",
        "Comments": "any",
        "CreatedBy": "string",
        "CreationDate": "string",
        "CustomerPONumber": "string",
        "HeaderId": "number",
        "LastUpdateDate": "string",
        "LastUpdatedBy": "string",
        "OrderKey": "string",
        "OrderNumber": "string",
        "Status": "string",
        "StatusCode": "string",
        "TransactionOn": "string",
        "TransactionType": "string"
      }
  },
  "chains": {
    "OnWorkOrderSearchRestAPI": {
      "root": "assignVariables1",
      "description": "",
      "variables": {},
      "actions": {
        "assignVariables1": {
          "module": "vb/action/builtin/assignVariablesAction",
          "parameters": {
            "$page.variables.WorkPackListADP": {
              "auto": "always",
              "reset": "empty"
            }
          },
          "outcomes": {
            "success": "assignVariables2"
          }
        },
        "assignVariables2": {
          "module": "vb/action/builtin/assignVariablesAction",
          "parameters": {
            "$page.variables.WorkPackListADP": {
              "source": {
                "data": "{{ $page.variables.TempWorkPackListADP.data }}"
              },
              "reset": "none",
              "auto": "always",
              "mapping": {
                "$target.data": {
                  "source": "$source.data",
                  "reset": "toDefault"
                }
              }
            }
          }
        }
      }
    },
    "SearchWPOrderButtonActionChain": {
      "description": "",
      "variables": {
        "detail": {
          "required": true,
          "type": "any",
          "input": "fromCaller"
        }
      },
      "root": "assignVariables1",
      "actions": {
        "assignVariables1": {
          "module": "vb/action/builtin/assignVariablesAction",
          "parameters": {
            "$page.variables.WorkPackListADP": {
              "auto": "always",
              "reset": "empty"
            }
          },
          "outcomes": {
            "success": "if1"
          }
        },
        "if1": {
          "module": "vb/action/builtin/ifAction",
          "parameters": {
            "condition": "[[ $flow.variables.InvFeedWoSearchVar == null || $flow.variables.InvFeedWoSearchVar == '' || $flow.variables.InvFeedWoSearchVar == undefined ]]"
          },
          "outcomes": {
            "true": "fireNotification1",
            "false": "callRestEndpoint1"
          }
        },
        "fireNotification1": {
          "module": "vb/action/builtin/fireNotificationEventAction",
          "parameters": {
            "target": "leaf",
            "summary": "[[ $flow.variables.PickFeedBackVar.OrderSearchVar ]]"
          }
        },
        "callRestEndpoint1": {
          "module": "vb/action/builtin/restAction",
          "parameters": {
            "endpoint": "fusionService/getFscmRestApiResources",
            "uriParams": {
              "q": "{{ 'OrderNumber LIKE '+$flow.variables.InvFeedWoSearchVar+'%;StatusCode=OPEN;TransactionTypeCode=WPSO' }}"
            }
          },
          "outcomes": {
            "failure": "fireNotification2",
            "success": "fireNotification3"
          }
        },
        "fireNotification2": {
          "module": "vb/action/builtin/fireNotificationEventAction",
          "parameters": {
            "target": "leaf",
            "summary": "[[ $chain.results.callRestEndpoint1.message.summary ]]",
            "type": "error",
            "displayMode": "persist"
          }
        },
        "fireNotification3": {
          "module": "vb/action/builtin/fireNotificationEventAction",
          "parameters": {
            "target": "leaf",
            "summary": "Success",
            "message": "Success"
          },
          "outcomes": {
            "success": "assignVariables2"
          }
        },
        "assignVariables2": {
          "module": "vb/action/builtin/assignVariablesAction",
          "parameters": {
            "$page.variables.WorkPackListADP": {
              "source": {
                "data": "{{ $chain.results.callRestEndpoint1.body.items }}"
              },
              "reset": "none",
              "auto": "always",
              "mapping": {
                "$target.data": {
                  "source": "$source.data",
                  "reset": "empty",
                  "auto": "always",
                  "mapping": {
                    "$target.items": {
                      "source": "$source.items",
                      "reset": "empty",
                      "auto": "always"
                    }
                  }
                }
              }
            }
          }
        }
      }
    },
    "TableFirstSelectedRowChangeChain": {
      "description": "",
      "root": "assignVariables1",
      "actions": {
        "assignVariables1": {
          "module": "vb/action/builtin/assignVariablesAction",
          "parameters": {
            "$page.variables.SelectedWOrderVar": {
              "source": "{{ $variables.rowData }}",
              "auto": "always"
            }
          }
        }
      },
      "variables": {
        "rowKey": {
          "required": true,
          "type": "any",
          "input": "fromCaller"
        },
        "rowData": {
          "required": true,
          "type": "any",
          "input": "fromCaller"
        }
      }
    },
    "OkButtonActionChain": {
      "description": "",
      "root": "assignVariables1",
      "actions": {
        "assignVariables1": {
          "module": "vb/action/builtin/assignVariablesAction",
          "parameters": {
            "$flow.variables.PickFeedBackVar": {
              "source": {
                "OrderHeaderId": "{{ $page.variables.SelectedWOrderVar.HeaderId }}",
                "OrderKey": "{{ $page.variables.SelectedWOrderVar.OrderKey }}",
                "OrderNumber": "{{ $page.variables.SelectedWOrderVar.OrderNumber }}"
              },
              "reset": "none",
              "auto": "always"
            }
      },
          "outcomes": {
            "success": "navigateBack1"
          }
        },
        "navigateBack1": {
          "module": "vb/action/builtin/navigateBackAction"
        }
      },
      "variables": {
        "detail": {
          "required": true,
          "type": "any",
          "input": "fromCaller"
        },
        "key": {
          "required": true,
          "type": "any",
          "input": "fromCaller"
        },
        "index": {
          "required": true,
          "type": "number",
          "input": "fromCaller"
        },
        "current": {
          "required": true,
          "type": "any",
          "input": "fromCaller"
        }
      }
    },
    "CacelButtonActionChain": {
      "description": "",
      "root": "navigateBack1",
      "actions": {
        "navigateBack1": {
          "module": "vb/action/builtin/navigateBackAction"
        }
      },
      "variables": {
        "detail": {
          "required": true,
          "type": "any",
          "input": "fromCaller"
        },
        "key": {
          "required": true,
          "type": "any",
          "input": "fromCaller"
        },
        "index": {
          "required": true,
          "type": "number",
          "input": "fromCaller"
        },
        "current": {
          "required": true,
          "type": "any",
          "input": "fromCaller"
        }
      }
    }
  },
  "eventListeners": {
    "invFeedCancelOjAction": {
      "chains": [
        {
          "chainId": "CacelButtonActionChain",
          "parameters": {
            "detail": "{{ $event.detail }}",
            "key": "{{ $current.key }}",
            "index": "{{ $current.index }}",
            "current": "{{ $current }}"
          }
        }
      ]
    },
    "invFeedOkOjAction": {
      "chains": [
        {
          "chainId": "OkButtonActionChain",
          "parameters": {
            "detail": "{{ $event.detail }}",
            "key": "{{ $current.key }}",
            "index": "{{ $current.index }}",
            "current": "{{ $current }}"
          }
        }
      ]
    },
    "ojButtonOjAction3": {
      "chains": [
        {
          "chainId": "SearchWPOrderButtonActionChain",
          "parameters": {
            "detail": "{{ $event.detail }}"
          }
        }
      ]
    },
    "vbEnter": {
      "chains": [
        {
          "chainId": "OnWorkOrderSearchRestAPI",
          "parameters": {}
        }
      ]
    },
    "wOrderTableFirstSelectedRow": {
      "chains": [
        {
          "chainId": "TableFirstSelectedRowChangeChain",
          "parameters": {
            "rowKey": "{{$event.detail.value.key}}",
            "rowData": "{{$event.detail.value.data}}"
          }
        }
      ]
    }
  },
  "imports": {
    "components": {
      "oj-ext-mobile-page-template": {
        "path": "vb/components/mobile-page-template/loader"
      },
      "oj-label": {
        "path": "ojs/ojlabel"
      },
      "oj-input-text": {
        "path": "ojs/ojinputtext"
      },
      "oj-button": {
        "path": "ojs/ojbutton"
      },
      "oj-table": {
        "path": "ojs/ojtable"
      }
    }
  }
}