{
  "pageModelVersion": "19.4.3",
  "title": "",
  "description": "",
  "variables": {
    "WorkPackListADP": {
      "type": "vb/ArrayDataProvider2",
      "defaultValue": {
        "itemType": "WorkPackListResponseType",
        "keyAttributes": "items"
      }
    }
  },
  "metadata": {},
  "types": {
    "@decorators.WorkPackListResponseType": {
      "endpoint": "getFscmRestApiResources",
      "service": "fusionService",
      "path": "response"
    },
    "WorkPackListResponseType": [
      {
        "items": [
          {
            "AgreementHeaderId": "any",
            "AgreementNumber": "any",
            "AgreementVersionNumber": "any",
            "AllowCurrencyOverrideFlag": "boolean",
            "AppliedCurrencyCode": "string",
            "AppliedCurrencyName": "string",
            "BusinessUnitId": "number",
            "BusinessUnitName": "string",
            "BuyingPartyContactFirstName": "string",
            "BuyingPartyContactId": "number",
            "BuyingPartyContactLastName": "string",
            "BuyingPartyContactMiddleName": "any",
            "BuyingPartyContactName": "string",
            "BuyingPartyContactNameSuffix": "any",
            "BuyingPartyContactNumber": "string",
            "BuyingPartyContactTitle": "any",
            "BuyingPartyId": "number",
            "BuyingPartyName": "string",
            "BuyingPartyNumber": "string",
            "BuyingPartyPersonFirstName": "any",
            "BuyingPartyPersonLastName": "any",
            "BuyingPartyPersonMiddleName": "any",
            "BuyingPartyPersonNameSuffix": "any",
            "BuyingPartyPersonTitle": "any",
            "CanceledFlag": "boolean",
            "CancelReason": "any",
            "CancelReasonCode": "any",
            "Comments": "any",
            "CreatedBy": "string",
            "CreationDate": "string",
            "CurrencyConversionDate": "any",
            "CurrencyConversionRate": "any",
            "CurrencyConversionType": "any",
            "CustomerPONumber": "string",
            "DemandClass": "any",
            "DemandClassCode": "any",
            "EarliestAcceptableShipDate": "any",
            "FOBPoint": "any",
            "FOBPointCode": "any",
            "FreezePriceFlag": "boolean",
            "FreezeShippingChargeFlag": "boolean",
            "FreezeTaxFlag": "boolean",
            "FreightTerms": "any",
            "FreightTermsCode": "any",
            "HeaderId": "number",
            "LastUpdateDate": "string",
            "LastUpdatedBy": "string",
            "LatestAcceptableArrivalDate": "any",
            "LatestAcceptableShipDate": "any",
            "links": [
              {
                "href": "string",
                "kind": "string",
                "name": "string",
                "properties": {
                  "changeIndicator": "string"
                },
                "rel": "string"
              }
            ],
            "MessageText": "any",
            "OnHoldFlag": "boolean",
            "OpenFlag": "boolean",
            "OrderKey": "string",
            "OrderNumber": "string",
            "OrigSystemDocumentReference": "any",
            "PackingInstructions": "any",
            "PartialShipAllowedFlag": "boolean",
            "PaymentTerms": "string",
            "PaymentTermsCode": "number",
            "PreCreditCheckedFlag": "boolean",
            "PreferredSoldToContactPointId": "number",
            "PricedOn": "any",
            "PricingSegment": "string",
            "PricingSegmentCode": "string",
            "PricingSegmentExplanation": "string",
            "PricingStrategyExplanation": "string",
            "PricingStrategyId": "number",
            "PricingStrategyName": "string",
            "RequestedArrivalDate": "any",
            "RequestedCancelDate": "any",
            "RequestedFulfillmentOrganizationCode": "string",
            "RequestedFulfillmentOrganizationId": "number",
            "RequestedFulfillmentOrganizationName": "string",
            "RequestedShipDate": "string",
            "RequestingBusinessUnitId": "number",
            "RequestingBusinessUnitName": "string",
            "RequestingLegalEntity": "string",
            "RequestingLegalEntityId": "number",
            "RevisionSourceSystem": "string",
            "SalesChannel": "any",
            "SalesChannelCode": "any",
            "Salesperson": "any",
            "SalespersonId": "any",
            "SegmentExplanationMessageName": "any",
            "ShipmentPriority": "any",
            "ShipmentPriorityCode": "any",
            "ShippingCarrier": "any",
            "ShippingCarrierId": "any",
            "ShippingInstructions": "any",
            "ShippingMode": "any",
            "ShippingModeCode": "any",
            "ShippingServiceLevel": "any",
            "ShippingServiceLevelCode": "any",
            "ShipsetFlag": "boolean",
            "SourceTransactionId": "string",
            "SourceTransactionNumber": "string",
            "SourceTransactionRevisionNumber": "number",
            "SourceTransactionSystem": "string",
            "Status": "string",
            "StatusCode": "string",
            "StrategyExplanationMessageName": "any",
            "SubmittedBy": "string",
            "SubmittedDate": "string",
            "SubmittedFlag": "boolean",
            "SubstituteAllowedFlag": "boolean",
            "SupplierId": "number",
            "SupplierName": "string",
            "SupplierSiteId": "number",
            "SupplierSiteName": "string",
            "TradeComplianceResult": "any",
            "TradeComplianceResultCode": "any",
            "TransactionalCurrencyCode": "string",
            "TransactionalCurrencyName": "string",
            "TransactionDocumentTypeCode": "any",
            "TransactionOn": "string",
            "TransactionType": "string",
            "TransactionTypeCode": "string"
          }
        ]
      }
    ]
  },
  "chains": {
    "SearchWPOrderButtonActionChain": {
      "description": "",
      "variables": {
        "detail": {
          "required": true,
          "type": "any",
          "input": "fromCaller"
        }
      },
      "root": "assignVariables1",
      "actions": {
        "assignVariables1": {
          "module": "vb/action/builtin/assignVariablesAction"
        }
      }
    }
  },
  "eventListeners": {
    "ojButtonOjAction3": {
      "chains": [
        {
          "chainId": "SearchWPOrderButtonActionChain",
          "parameters": {
            "detail": "{{ $event.detail }}"
          }
        }
      ]
    }
  },
  "imports": {
    "components": {
      "oj-ext-mobile-page-template": {
        "path": "vb/components/mobile-page-template/loader"
      },
      "oj-label": {
        "path": "ojs/ojlabel"
      },
      "oj-input-text": {
        "path": "ojs/ojinputtext"
      },
      "oj-button": {
        "path": "ojs/ojbutton"
      },
      "oj-table": {
        "path": "ojs/ojtable"
      }
    }
  }
}