{
  "pageModelVersion": "19.4.3",
  "title": "",
  "description": "",
  "variables": {
    "v_itemsOnHand": {
      "type": "postGetItemOnHand"
    },
    "va_itemsOH": {
      "type": "vb/ArrayDataProvider2",
      "defaultValue": {
        "itemType": "postGetItemOnHand",
        "keyAttributes": "PROJECT_NUMBER"
      }
    },
    "v_input_itemsOnHand": {
      "type": "input_itemsOnHand"
    },

    "va_username": {
      "type": "input_GetBusinessUnits"
    },
    "itemNumber": {
      "type": "string"
    },
    "getItemsV2ListSDP2": {
      "type": "vb/ServiceDataProvider",
      "defaultValue": {
        "endpoint": "fusionService/getItemsV2",
        "idAttribute": "ItemId",
        "itemsPath": "items",
        "responseType": "page:getItemsV2Response2"
      }
    },
    "selectedOrgId": {
      "type": "string"
    },
    "test": {
      "type": "number"
    },
    "totalQuantityAvailableVar": {
      "type": "number"
    }

  },
  "metadata": {},
  "types": {
    "@decorators.input_itemsOnHand": {
      "endpoint": "postGetItemOnHand",
      "service": "postItemsOnHand",
      "path": "request"
    },
    "input_itemsOnHand": {
      "INVENTORYITEMID": "string",
      "ORGANIZATIONID": "string"
    },
    "@decorators.postGetBusinessUnits": {
      "endpoint": "postGetBusinessUnits",
      "service": "postBusinessUnits",
      "path": "response"
    },
    "postGetBusinessUnits": {
      "NAME": "string",
      "ORGANIZATION_CODE": "string",
      "ORGANIZATION_ID": "string"
    },
    "@decorators.input_GetBusinessUnits": {
      "endpoint": "postGetBusinessUnits",
      "service": "postBusinessUnits",
      "path": "request"
    },
    "input_GetBusinessUnits": {
      "username": "string"
    },
    "getItemsV2Response": {
      "items": [
        {
          "ItemDescription": "string",
          "ItemId": "number",
          "PrimaryUOMValue": "string"
        }
      ]
    },
    "@decorators.getItemsV2Response": {
      "endpoint": "getItemsV2",
      "service": "fusionService",
      "path": "response"
    },
    "getItemsV2Response2": {
      "items": [
        {
          "ItemDescription": "string",
          "ItemId": "number",
          "PrimaryUOMValue": "string"
        }
      ]
    },
    "@decorators.getItemsV2Response2": {
      "endpoint": "getItemsV2",
      "service": "fusionService",
      "path": "response"
    },
    "@decorators.postGetItemOnHand": {
      "endpoint": "postGetItemOnHand",
      "service": "postItemsOnHand1",
      "path": "response"
    },
    "postGetItemOnHand": {
      "LOCATOR": "string",
      "PENDING_TRANSACTION_COUNT": "number",
      "PRIMARY_TRANSACTION_QUANTITY": "number",
      "PROJECT_NUMBER": "string",
      "RESERVED_TRANSACTION_COUNT": "number",
      "SUBINVENTORY_CODE": "string",
      "TASK_NUMBER": "string",
      "TRANSACTION_QUANTITY": "number",
      "AVAILABLE_QUANTITY": "number"
    }

  },
  "chains": {
    "ButtonActionChain": {
      "description": "",
      "variables": {
        "detail": {
          "required": true,
          "type": "any",
          "input": "fromCaller"
        }
      },
      "root": "navigateBack1",
      "actions": {
        "navigateBack1": {
          "module": "vb/action/builtin/navigateBackAction"
        }
      }
    },


    "ComboboxOneValueChangeChain": {
      "description": "",
      "variables": {
        "value": {
          "required": true,
          "type": "any",
          "input": "fromCaller"
        }
      },
      "root": "callModuleFunction1",
      "actions": {
        "callModuleFunction1": {
          "module": "vb/action/builtin/callModuleFunctionAction",
          "parameters": {
            "module": "[[ $page.functions ]]",
            "functionName": "printEPData",
            "params": [
              "{{ $chain.variables.value }}"
            ]
          },
          "outcomes": {
            "success": "assignVariables1"
          }
        },
        "assignVariables1": {
          "module": "vb/action/builtin/assignVariablesAction",
          "parameters": {
            "$page.variables.v_input_itemsOnHand": {
              "source": {
                "organizationId": "{{ $chain.variables.value }}",
                "ORGANIZATIONID": "{{ $chain.variables.value }}"
              },
              "reset": "none",
              "auto": "always"
            }
          }
        }
      }
    },
    "InputTextValueChangeChain1": {
      "description": "",
      "variables": {
        "value": {
          "required": true,
          "type": "any",
          "input": "fromCaller"
        }
      },
      "root": "assignVariables1",
      "actions": {
        "assignVariables1": {
          "module": "vb/action/builtin/assignVariablesAction",
          "parameters": {

            "$page.variables.getItemsV2ListSDP2": {
              "source": {
                "uriParameters": "{{ { \"q\" : 'ItemNumber = '+ $page.variables.itemNumber +';OrganizationId = '+ $page.variables.v_input_itemsOnHand.ORGANIZATIONID } }}"
              },
              "reset": "none",
              "auto": "always"
            },
            "$page.variables.va_itemsOH": {
              "mapping": {
                "$target.data": {
                  "source": "$source.data",
                  "auto": "always",
                  "reset": "empty"
                }
              }
            }
          },
          "outcomes": {
            "success": "callRestEndpoint1"
          }
        }
      }
    },


    "ButtonActionChain1": {
      "description": "",
      "variables": {
        "detail": {
          "required": true,
          "type": "any",
          "input": "fromCaller"
        }
      },
      "root": "assignVariables2",
      "actions": {
        "callRestEndpoint1": {
          "module": "vb/action/builtin/restAction",
          "parameters": {
            "endpoint": "postItemsOnHand1/postGetItemOnHand",
            "body": "{{ $page.variables.v_input_itemsOnHand }}"
          },
          "outcomes": {
            "failure": "fireNotification1",
            "success": "callModuleFunction1"
          }
        },
        "fireNotification1": {
          "module": "vb/action/builtin/fireNotificationEventAction",
          "parameters": {
            "target": "leaf",
            "summary": "[[ $chain.results.callRestEndpoint1.message.summary ]]",
            "type": "error",
            "displayMode": "persist"
          }
        },
        "assignVariables1": {
          "module": "vb/action/builtin/assignVariablesAction",
          "parameters": {
            "$page.variables.va_itemsOH": {
              "source": {
                "data": "{{ $chain.results.callRestEndpoint1.body }}"
              },
              "reset": "none",
              "auto": "always"
            }
          },
          "outcomes": {
            "success": "callModuleFunction2"
          }
        },
        "callModuleFunction1": {
          "module": "vb/action/builtin/callModuleFunctionAction",
          "parameters": {
            "module": "[[ $page.functions ]]",
            "functionName": "printEPData",
            "params": [
              "{{ $chain.results.callRestEndpoint1.body }}"
            ]
          },
          "outcomes": {
            "success": "assignVariables1"
          }
        },
        "callModuleFunction2": {
          "module": "vb/action/builtin/callModuleFunctionAction",
          "parameters": {
            "module": "[[ $page.functions ]]",
            "functionName": "printData",
            "params": [
              "{{ $page.variables.va_itemsOH.data }}",
              "{{ $page.variables.test }}"
            ],
            "returnType": "number"
          },
          "outcomes": {
            "success": "assignVariables3"
          }
        },
        "assignVariables2": {
          "module": "vb/action/builtin/assignVariablesAction",
          "parameters": {
            "$page.variables.va_itemsOH": {
              "auto": "always",
              "reset": "empty"
            }
           
          },
          "outcomes": {
            "success": "callModuleFunction3"
          }
        },
        "callModuleFunction3": {
          "module": "vb/action/builtin/callModuleFunctionAction",
          "parameters": {
            "module": "[[ $page.functions ]]",
            "functionName": "printEPData",
            "params": [
              "{{ $page.variables.v_input_itemsOnHand }}"
            ]
          },
          "outcomes": {
            "success": "callRestEndpoint1"
          }
        },
        "assignVariables3": {
          "module": "vb/action/builtin/assignVariablesAction",
          "parameters": {
            "$page.variables.totalQuantityAvailableVar": {
              "source": "{{ $chain.results.callModuleFunction2 }}"
            }
          }
        }
      }

    }


  },
  "eventListeners": {
    "ojButtonOjAction": {
      "chains": [
        {
          "chainId": "ButtonActionChain",
          "parameters": {
            "detail": "{{ $event.detail }}"
          }
        }
      ]
    },
    "ojButtonOjAction2": {
      "chains": [
        {
          "chainId": "ButtonActionChain1",
          "parameters": {
            "detail": "{{ $event.detail }}"
          }
        }
      ]
    },
    "ojComboboxOneValue": {
      "chains": [
        {
          "chainId": "ComboboxOneValueChangeChain",
          "parameters": {
            "value": "{{ $event.detail.value }}"
          }
        }
      ]
    },
    "ojInputTextValue": {
      "chains": [
        {
          "chainId": "InputTextValueChangeChain1",
          "parameters": {
            "value": "{{ $event.detail.value }}"
          }
        }
      ]
    },
    "ojListViewSelected": {
      "chains": [
        {
          "chainId": "ListViewSelectedChangeChain",
          "parameters": {
            "keys": "{{ Array.from($event.detail.value.values()) }}"
          }
        }
      ]
    },
    "ojTableOjBeforeRowEdit": {
      "chains": [
        {
          "chainId": "TableBeforeRowEditChain",
          "parameters": {
            "rowKey": "{{$event.detail.rowContext.status.rowKey}}",
            "rowIndex": "{{$event.detail.rowContext.status.rowIndex}}",
            "rowData": "{{$event.detail.rowContext.componentElement.getDataForVisibleRow($event.detail.rowContext.status.rowIndex).data}}"
          }
        }
      ]
    },
    "ojButtonOjAction3": {
      "chains": [
        {
          "chainId": "ButtonActionChain1",
          "parameters": {
            "detail": "{{ $event.detail }}"
          }
        }
      ]
    },
    "ojInputTextValue2": {
      "chains": [
        {
          "chainId": "InputTextValueChangeChain",
          "parameters": {
            "value": "{{ $event.detail.value }}",
            "key": "{{ $current.key }}",
            "index": "{{ $current.index }}",
            "current": "{{ $current }}"
          }
        }
      ]
    }
  },
  "imports": {
    "components": {
      "oj-ext-mobile-page-template": {
        "path": "vb/components/mobile-page-template/loader"
      },
      "oj-button": {
        "path": "ojs/ojbutton"
      },
      "oj-input-text": {
        "path": "ojs/ojinputtext"
      },
      "oj-label": {
        "path": "ojs/ojlabel"
      },
      "oj-table": {
        "path": "ojs/ojtable"
      },
      "oj-combobox-one": {
        "path": "ojs/ojselectcombobox"
      },
      "oj-list-view": {
        "path": "ojs/ojlistview"
      },
      "oj-vb-list-item": {
        "path": "vb/components/list-item/loader"
      }
    }
  }
}