{
  "pageModelVersion": "19.4.3",
  "title": "",
  "description": "",
  "variables": {
    "itemsOnHandRequestVar": {
      "type": "itemsOnHandRequestType"
    },
    "itemsOnHandResponseVar": {
      "type": "vb/ArrayDataProvider2",
      "defaultValue": {
        "itemType": "itemsOnHandResponseType",
        "keyAttributes": "PROJECT_NUMBER"
      }
    },
    "itemNumber": {
      "type": "string"
    },
    "itemDescResponseVar": {
      "type": "vb/ArrayDataProvider2",
      "defaultValue": {
        "itemType": "itemDescResponseType",
        "keyAttributes": "ItemId"
      }
    },
    "finalAvailableQuantityVar": {
      "type": "number"
    },
    "itemDescDisplayVar": {
      "type": "itemDescResponseType"
    },
    "searchButtonSelectedVar": {
      "type": "boolean",
      "defaultValue": true
    }
  },
  "metadata": {},
  "types": {
    "@decorators.itemsOnHandRequestType": {
      "endpoint": "getItemsOnHand",
      "service": "oicService",
      "path": "request"
    },
    "itemsOnHandRequestType": {
      "INVENTORYITEMID": "string",
      "ORGANIZATIONID": "string"
    },
    "@decorators.itemsOnHandResponseType": {
      "endpoint": "getItemsOnHand",
      "service": "oicService",
      "path": "response"
    },
    "itemsOnHandResponseType": {
      "LOCATOR": "string",
      "PENDING_TRANSACTION_COUNT": "number",
      "PRIMARY_TRANSACTION_QUANTITY": "number",
      "PROJECT_NUMBER": "string",
      "RESERVED_TRANSACTION_COUNT": "number",
      "SUBINVENTORY_CODE": "string",
      "TASK_NUMBER": "string",
      "TRANSACTION_QUANTITY": "number",
      "AVAILABLE_QUANTITY": "number"
    },
    "itemDescResponseType": {
      "ItemDescription": "string",
      "ItemId": "number",
      "PrimaryUOMValue": "string",
      "ItemNumber": "string",
      "ItemType": "string"
    }
  },
  "chains": {
    "InputTextValueChangeChain": {
      "description": "",
      "variables": {
        "value": {
          "required": true,
          "type": "any",
          "input": "fromCaller"
        }
      },
      "root": "assignVariables1",
      "actions": {
        "assignVariables1": {
          "module": "vb/action/builtin/assignVariablesAction",
          "parameters": {
            "$page.variables.itemNumber": {
              "source": "{{ $chain.variables.value }}"
            }
          }
        }
      }
    },
    "ButtonActionChain1": {
      "description": "",
      "variables": {
        "detail": {
          "required": true,
          "type": "any",
          "input": "fromCaller"
        }
      },
      "root": "navigateBack1",
      "actions": {
        "navigateBack1": {
          "module": "vb/action/builtin/navigateBackAction"
        }
      }
    },
    "ItemSearchButtonActionChain": {
      "description": "",
      "variables": {
        "detail": {
          "required": true,
          "type": "any",
          "input": "fromCaller"
        }
      },
      "root": "getItemNumbersEndpoint",
      "actions": {
        "fireNotification1": {
          "module": "vb/action/builtin/fireNotificationEventAction",
          "parameters": {
            "target": "leaf",
            "summary": "[[ $chain.results.getItemNumbersEndpoint.message.summary ]]",
            "type": "error",
            "displayMode": "persist"
          }
        },
        "if1": {
          "module": "vb/action/builtin/ifAction",
          "parameters": {
            "condition": "[[ $chain.results.getItemNumbersEndpoint.body.count === 1 ]]"
          },
          "outcomes": {
            "true": "assignVariables1",
            "false": "assignVariables2"
          }
        },
        "getItemNumbersEndpoint": {
          "module": "vb/action/builtin/restAction",
          "outcomes": {
            "failure": "fireNotification1",
            "success": "if1"
          },
          "parameters": {
            "endpoint": "fusionService/getItemsV2",
            "uriParams": {
              "q": "{{ 'ItemNumber LIKE '+ $flow.variables.itemOnHandScreenItemNumberVar +'% ;OrganizationId =' + $flow.variables.itemOnHandScreenBusinessUnitIDVar }}"
            }
          }
        },
        "assignVariables1": {
          "module": "vb/action/builtin/assignVariablesAction",
          "parameters": {
            "$flow.variables.itemOnHandScreenItemNumberVar": {
              "source": "{{ $chain.results.getItemNumbersEndpoint.body.items[0].ItemNumber }}"
            },
            "$flow.variables.itemOnHandItemSearchFlag": {
              "source": false
            }
          },
          "outcomes": {
            "success": "callActionChain1"
          }
        },
        "assignVariables2": {
          "module": "vb/action/builtin/assignVariablesAction",
          "parameters": {
            "$flow.variables.searchItemNumberVar": {
              "source": "{{ $flow.variables.itemOnHandScreenItemNumberVar }}"
            }
          },
          "outcomes": {
            "success": "navigateToPage1"
          }
        },
        "navigateToPage1": {
          "module": "vb/action/builtin/navigateToPageAction",
          "parameters": {
            "page": "inv_item_search_page",
            "params": {
              "tempItemSearchVarADP": {
                "data": "{{ $chain.results.getItemNumbersEndpoint.body.items }}"
              }
            }
          }
        },
        "callActionChain1": {
          "module": "vb/action/builtin/callChainAction",
          "parameters": {
            "id": "SearchButtonActionChain",
            "params": {
              "detail": "{{ $chain.variables.detail }}"
            }
          }
        }
      }
    },
    "BusinessUnitComboboxActionChain": {
      "description": "",
      "variables": {
        "value": {
          "required": true,
          "type": "any",
          "input": "fromCaller"
        }
      },
      "root": "assignVariables1",
      "actions": {
        "assignVariables1": {
          "module": "vb/action/builtin/assignVariablesAction",
          "parameters": {
            "$page.variables.itemsOnHandRequestVar": {
              "source": {
                "ORGANIZATIONID": "{{ $chain.variables.value }}"
              },
              "reset": "none",
              "auto": "always"
            },
            "$flow.variables.itemOnHandScreenBusinessUnitIDVar": {
              "source": "{{ $chain.variables.value }}"
            },
           
            "$flow.variables.bookoutHeaderType": {
              "source": {
                "bsinessUnitVar": "{{ $chain.variables.value }}"
              },
              "reset": "none",
              "auto": "always"
            }
          }
        }
      }
    },
    "SearchButtonActionChain": {
      "description": "",
      "variables": {
        "detail": {
          "required": true,
          "type": "any",
          "input": "fromCaller"
        }
      },
      "root": "assignVariables4",
      "actions": {
        "callRestEndpoint1": {
          "module": "vb/action/builtin/restAction",
          "parameters": {
            "endpoint": "fusionService/getItemsV2",
            "uriParams": {
              "q": "{{ 'ItemNumber= '+ $flow.variables.itemOnHandScreenItemNumberVar+';OrganizationId ='+ $flow.variables.itemOnHandScreenBusinessUnitIDVar }}",
              "expand": "ItemDFF"
            }
          },
          "outcomes": {
            "failure": "fireNotification1",
            "success": "assignVariables1"
          }
        },
        "fireNotification1": {
          "module": "vb/action/builtin/fireNotificationEventAction",
          "parameters": {
            "target": "leaf",
            "summary": "[[ $chain.results.callRestEndpoint1.message.summary ]]",
            "type": "error",
            "displayMode": "persist"
          }
        },
        "assignVariables1": {
          "module": "vb/action/builtin/assignVariablesAction",
          "parameters": {
            "$page.variables.itemsOnHandRequestVar": {
              "source": {
                "INVENTORYITEMID": "{{ $chain.results.callRestEndpoint1.body.items[0].ItemId }}",
                "ORGANIZATIONID": "{{ $flow.variables.itemOnHandScreenBusinessUnitIDVar }}"
              },
              "reset": "none",
              "auto": "always"
            },
            "$page.variables.itemDescResponseVar": {
              "source": {
                "data": [
                  {
                    "ItemDescription": "{{ $chain.results.callRestEndpoint1.body.items[0].ItemDescription }}",
                    "ItemId": "{{ $chain.results.callRestEndpoint1.body.items[0].ItemId }}",
                    "PrimaryUOMValue": "{{ $chain.results.callRestEndpoint1.body.items[0].PrimaryUOMValue }}",
                    "ItemNumber": "{{ $chain.results.callRestEndpoint1.body.items[0].ItemNumber }}",
                    "ItemType": "{{ $chain.results.callRestEndpoint1.body.items[0].ItemDFF[0].ppeOrTool }}"
                  }
                ]
              },
              "reset": "none",
              "auto": "always",
              "mapping": {
                "$target.data": {
                  "source": "$source.data",
                  "reset": "empty",
                  "auto": "always"
                }
              }
            },
            "$page.variables.itemDescDisplayVar": {
              "source": {
                "ItemDescription": "{{ $chain.results.callRestEndpoint1.body.items[0].ItemDescription }}",
                "ItemId": "{{ $chain.results.callRestEndpoint1.body.items[0].ItemId }}",
                "ItemNumber": "{{ $chain.results.callRestEndpoint1.body.items[0].ItemNumber }}",
                "PrimaryUOMValue": "{{ $chain.results.callRestEndpoint1.body.items[0].PrimaryUOMValue }}",
                "ItemType": "{{ $chain.results.callRestEndpoint1.body.items[0].ItemDFF[0].ppeOrTool }}"
              },
              "reset": "none",
              "auto": "always"
            }
          },
          "outcomes": {
            "success": "callModuleFunction1"
          }
        },
        "callModuleFunction1": {
          "module": "vb/action/builtin/callModuleFunctionAction",
          "parameters": {
            "module": "[[ $page.functions ]]",
            "functionName": "printEPData",
            "params": [
              "{{ $page.variables.itemDescResponseVar }}"
            ]
          },
          "outcomes": {
            "success": "callRestEndpoint2"
          }
        },
        "callRestEndpoint2": {
          "module": "vb/action/builtin/restAction",
          "parameters": {
            "endpoint": "oicService/getItemsOnHand",
            "body": "{{ $page.variables.itemsOnHandRequestVar }}"
          },
          "outcomes": {
            "failure": "fireNotification2",
            "success": "assignVariables2"
          }
        },
        "fireNotification2": {
          "module": "vb/action/builtin/fireNotificationEventAction",
          "parameters": {
            "target": "leaf",
            "summary": "[[ $chain.results.callRestEndpoint2.message.summary ]]",
            "type": "error",
            "displayMode": "persist"
          }
        },
        "callModuleFunction2": {
          "module": "vb/action/builtin/callModuleFunctionAction",
          "parameters": {
            "module": "[[ $page.functions ]]",
            "functionName": "printData",
            "params": [
              "{{ $page.variables.itemsOnHandResponseVar.data }}"
            ],
            "returnType": "number"
          },
          "outcomes": {
            "success": "assignVariables3"
          }
        },
        "assignVariables2": {
          "module": "vb/action/builtin/assignVariablesAction",
          "parameters": {
            "$page.variables.itemsOnHandResponseVar": {
              "source": {
                "data": "{{ $chain.results.callRestEndpoint2.body }}"
              },
              "reset": "none",
              "auto": "always"
            }
          },
          "outcomes": {
            "success": "callModuleFunction2"
          }
        },
        "assignVariables3": {
          "module": "vb/action/builtin/assignVariablesAction",
          "parameters": {
            "$page.variables.finalAvailableQuantityVar": {
              "source": "{{ $chain.results.callModuleFunction2 }}"
            }
          }
        },
        "assignVariables4": {
          "module": "vb/action/builtin/assignVariablesAction",
          "parameters": {
            "$page.variables.itemsOnHandResponseVar": {
              "auto": "always",
              "reset": "empty"
            },
            "$page.variables.itemDescResponseVar": {
              "auto": "always",
              "reset": "empty"
            }
          },
          "outcomes": {
            "success": "callRestEndpoint1"
          }
        }
      }
    },
    "ItemNumberValueChangeActionChain": {
      "description": "",
      "variables": {
        "value": {
          "required": true,
          "type": "any",
          "input": "fromCaller"
        }
      },
      "root": "assignVariables1",
      "actions": {
        "assignVariables1": {
          "module": "vb/action/builtin/assignVariablesAction",
          "parameters": {
            "$flow.variables.itemOnHandItemSearchFlag": {
              "source": true
            },
            "$page.variables.itemsOnHandResponseVar": {
              "auto": "always",
              "reset": "empty"
            },
            "$page.variables.itemDescDisplayVar": {
              "auto": "always",
              "reset": "empty"
            },
            "$page.variables.finalAvailableQuantityVar": {
              "reset": "empty"
            }
          }
        }
      }
    },
    "getItemDetailsActionChain": {
      "description": "",
      "variables": {
        "detail": {
          "required": true,
          "type": "any",
          "input": "fromCaller"
        }
      },
      "root": "assignVariables4",
      "actions": {
        "callRestEndpoint1": {
          "module": "vb/action/builtin/restAction",
          "parameters": {
            "endpoint": "fusionService/getItemsV2",
            "uriParams": {
              "q": "{{ 'ItemNumber= '+ $flow.variables.itemOnHandScreenItemNumberVar+';OrganizationId ='+ $flow.variables.itemOnHandScreenBusinessUnitIDVar }}",
              "expand": "ItemDFF"
            }
          },
          "outcomes": {
            "failure": "fireNotification1",
            "success": "assignVariables1"
          }
        },
        "fireNotification1": {
          "module": "vb/action/builtin/fireNotificationEventAction",
          "parameters": {
            "target": "leaf",
            "summary": "[[ $chain.results.callRestEndpoint1.message.summary ]]",
            "type": "error",
            "displayMode": "persist"
          }
        },
        "assignVariables1": {
          "module": "vb/action/builtin/assignVariablesAction",
          "parameters": {
            "$page.variables.itemsOnHandRequestVar": {
              "source": {
                "INVENTORYITEMID": "{{ $chain.results.callRestEndpoint1.body.items[0].ItemId }}",
                "ORGANIZATIONID": "{{ $flow.variables.itemOnHandScreenBusinessUnitIDVar }}"
              },
              "reset": "none",
              "auto": "always"
            },
            "$page.variables.itemDescResponseVar": {
              "source": {
                "data": [
                  {
                    "ItemDescription": "{{ $chain.results.callRestEndpoint1.body.items[0].ItemDescription }}",
                    "ItemId": "{{ $chain.results.callRestEndpoint1.body.items[0].ItemId }}",
                    "PrimaryUOMValue": "{{ $chain.results.callRestEndpoint1.body.items[0].PrimaryUOMValue }}",
                    "ItemNumber": "{{ $chain.results.callRestEndpoint1.body.items[0].ItemNumber }}",
                    "ItemType": "{{ $chain.results.callRestEndpoint1.body.items[0].ItemDFF[0].ppeOrTool }}"
                  }
                ]
              },
              "reset": "none",
              "auto": "always",
              "mapping": {
                "$target.data": {
                  "source": "$source.data",
                  "reset": "empty",
                  "auto": "always"
                }
              }
            },
            "$page.variables.itemDescDisplayVar": {
              "source": {
                "ItemDescription": "{{ $chain.results.callRestEndpoint1.body.items[0].ItemDescription }}",
                "ItemId": "{{ $chain.results.callRestEndpoint1.body.items[0].ItemId }}",
                "ItemNumber": "{{ $chain.results.callRestEndpoint1.body.items[0].ItemNumber }}",
                "PrimaryUOMValue": "{{ $chain.results.callRestEndpoint1.body.items[0].PrimaryUOMValue }}",
                "ItemType": "{{ $chain.results.callRestEndpoint1.body.items[0].ItemDFF[0].ppeOrTool }}"
              },
              "reset": "none",
              "auto": "always"
            }
          },
          "outcomes": {
            "success": "callModuleFunction1"
          }
        },
        "callModuleFunction1": {
          "module": "vb/action/builtin/callModuleFunctionAction",
          "parameters": {
            "module": "[[ $page.functions ]]",
            "functionName": "printEPData",
            "params": [
              "{{ $page.variables.itemDescResponseVar }}"
            ]
          },
          "outcomes": {
            "success": "callRestEndpoint2"
          }
        },
        "callRestEndpoint2": {
          "module": "vb/action/builtin/restAction",
          "parameters": {
            "endpoint": "oicService/getItemsOnHand",
            "body": "{{ $page.variables.itemsOnHandRequestVar }}"
          },
          "outcomes": {
            "failure": "fireNotification2",
            "success": "assignVariables2"
          }
        },
        "fireNotification2": {
          "module": "vb/action/builtin/fireNotificationEventAction",
          "parameters": {
            "target": "leaf",
            "summary": "[[ $chain.results.callRestEndpoint2.message.summary ]]",
            "type": "error",
            "displayMode": "persist"
          }
        },
        "callModuleFunction2": {
          "module": "vb/action/builtin/callModuleFunctionAction",
          "parameters": {
            "module": "[[ $page.functions ]]",
            "functionName": "printData",
            "params": [
              "{{ $page.variables.itemsOnHandResponseVar.data }}"
            ],
            "returnType": "number"
          },
          "outcomes": {
            "success": "assignVariables3"
          }
        },
        "assignVariables2": {
          "module": "vb/action/builtin/assignVariablesAction",
          "parameters": {
            "$page.variables.itemsOnHandResponseVar": {
              "source": {
                "data": "{{ $chain.results.callRestEndpoint2.body }}"
              },
              "reset": "none",
              "auto": "always"
            }
          },
          "outcomes": {
            "success": "callModuleFunction2"
          }
        },
        "assignVariables3": {
          "module": "vb/action/builtin/assignVariablesAction",
          "parameters": {
            "$page.variables.finalAvailableQuantityVar": {
              "source": "{{ $chain.results.callModuleFunction2 }}"
            }
          }
        },
        "assignVariables4": {
          "module": "vb/action/builtin/assignVariablesAction",
          "parameters": {
            "$page.variables.itemsOnHandResponseVar": {
              "auto": "always",
              "reset": "empty"
            },
            "$page.variables.itemDescResponseVar": {
              "auto": "always",
              "reset": "empty"
            }
          },
          "outcomes": {
            "success": "callRestEndpoint1"
          }
        }
      }
    },
    "enterBackFromOkScreenActionChain": {
      "root": "if1",
      "description": "",
      "variables": {},
      "actions": {
        "if1": {
          "module": "vb/action/builtin/ifAction",
          "parameters": {
            "condition": "[[ $flow.variables.itemOnHandItemSearchFlag === false ]]"
          },
          "outcomes": {
            "true": "assignVariables1"
          }
        },
        "callActionChain1": {
          "module": "vb/action/builtin/callChainAction",
          "parameters": {
            "id": "SearchButtonActionChain"
          }
        },
        "assignVariables1": {
          "module": "vb/action/builtin/assignVariablesAction",
          "parameters": {
            "$flow.variables.itemOnHandItemSearchFlag": {
              "source": true
            }
          },
          "outcomes": {
            "success": "callActionChain1"
          }
        }
      }
    }
  },
  "eventListeners": {
    "inputText1Value": {
      "chains": [
        {
          "chainId": "InputTextValueChangeChain",
          "parameters": {
            "value": "{{ $event.detail.value }}"
          }
        }
      ]
    },
    "comboBox1Value": {
      "chains": [
        {
          "chainId": "BusinessUnitComboboxActionChain",
          "parameters": {
            "value": "{{ $event.detail.value }}"
          }
        }
      ]
    },
    "ojButtonOjAction": {
      "chains": [
        {
          "chainId": "SearchButtonActionChain",
          "parameters": {
            "detail": "{{ $event.detail }}"
          }
        }
      ]
    },
    "ojButtonOjAction1": {
      "chains": [
        {
          "chainId": "ButtonActionChain1",
          "parameters": {
            "detail": "{{ $event.detail }}"
          }
        }
      ]
    },
    "ojButtonOjAction2": {
      "chains": [
        {
          "chainId": "ItemSearchButtonActionChain",
          "parameters": {
            "detail": "{{ $event.detail }}"
          }
        }
      ]
    },
    "itemNumberIdValue": {
      "chains": [
        {
          "chainId": "ItemNumberValueChangeActionChain",
          "parameters": {
            "value": "{{ $event.detail.value }}"
          }
        }
      ]
    },
    "vbEnter": {
      "chains": [
        {
          "chainId": "enterBackFromOkScreenActionChain",
          "parameters": {}
        }
      ]
    }
  },
  "imports": {
    "components": {
      "oj-ext-mobile-page-template": {
        "path": "vb/components/mobile-page-template/loader"
      },
      "oj-label": {
        "path": "ojs/ojlabel"
      },
      "oj-combobox-one": {
        "path": "ojs/ojselectcombobox"
      },
      "oj-input-text": {
        "path": "ojs/ojinputtext"
      },
      "oj-button": {
        "path": "ojs/ojbutton"
      },
      "oj-list-view": {
        "path": "ojs/ojlistview"
      },
      "oj-vb-list-item": {
        "path": "vb/components/list-item/loader"
      },
      "oj-table": {
        "path": "ojs/ojtable"
      }
    }
  }
}