{
  "pageModelVersion": "19.4.3",
  "title": "",
  "description": "",
  "variables": {},
  "metadata": {},
  "types": {},
  "chains": { 
      "DrawerActionChain": {
      "description": "",
      "root": "fireCustomEvent1",
      "actions": {
        "fireCustomEvent1": {
          "module": "vb/action/builtin/fireCustomEventAction",
          "parameters": {
            "name": "application:navigateToItem",
            "payload": {
              "item": "{{ $variables.detail }}"
            }
          }
        }
      },
      "variables": {
        "detail": {
          "required": true,
          "type": "any",
          "input": "fromCaller"
        }
      }
    },
    "ButtonActionChain": {
      "description": "",
      "variables": {
        "detail": {
          "required": true,
          "type": "any",
          "input": "fromCaller"
        }
      },
      "root": "assignVariables1",
      "actions": {
        "navigateToPage1": {
          "module": "vb/action/builtin/navigateToPageAction",
          "parameters": {
            "page": "inv_book_out",
            "params": {
              "transactionType": "{{ $flow.variables.transactionType }}"
            }
          }
        },
        "assignVariables1": {
          "module": "vb/action/builtin/assignVariablesAction",
          "parameters": {
            "$flow.variables.transactionType": {
              "source": "BOOKOUT_IN"
            }
          },
          "outcomes": {
            "success": "callModuleFunction1"
          }
        },
        "callModuleFunction1": {
          "module": "vb/action/builtin/callModuleFunctionAction",
          "parameters": {
            "module": "[[ $page.functions ]]",
            "functionName": "populateTransactionType",
            "params": [
              "{{ $flow.variables.transactionType }}"
            ]
          },
          "outcomes": {
            "success": "assignVariables2"
          }
        },
        "assignVariables2": {
          "module": "vb/action/builtin/assignVariablesAction",
          "parameters": {
            "$flow.variables.transactionTypeDisplayName": {
              "source": "{{ $chain.results.callModuleFunction1 }}"
            }
          },
          "outcomes": {
            "success": "navigateToPage1"
          }
        }
      }
    },
    "ButtonActionChain1": {
      "description": "",
      "variables": {
        "detail": {
          "required": true,
          "type": "any",
          "input": "fromCaller"
        }
      },
      "root": "assignVariables1",
      "actions": {
        "navigateToPage1": {
          "module": "vb/action/builtin/navigateToPageAction",
          "parameters": {
            "page": "inv_book_out",
            "params": {
            }
          }
        },
        "assignVariables1": {
          "module": "vb/action/builtin/assignVariablesAction",
          "parameters": {
            "$flow.variables.transactionType": {
              "source": "BOOKOUT"
            }
          },
          "outcomes": {
            "success": "callModuleFunction1"
          }
        },
        "callModuleFunction1": {
          "module": "vb/action/builtin/callModuleFunctionAction",
          "parameters": {
            "module": "[[ $page.functions ]]",
            "functionName": "populateTransactionType",
            "params": [
              "{{ $flow.variables.transactionType }}"
            ]
          },
          "outcomes": {
            "success": "assignVariables2"
          }
        },
        "assignVariables2": {
          "module": "vb/action/builtin/assignVariablesAction",
          "parameters": {
            "$flow.variables.transactionTypeDisplayName": {
              "source": "{{ $chain.results.callModuleFunction1 }}"
            }
          },
          "outcomes": {
            "success": "navigateToPage1"
          }
        }
      }
    },
    "ButtonActionChain2": {
      "description": "",
      "variables": {
        "detail": {
          "required": true,
          "type": "any",
          "input": "fromCaller"
        }
      },
      "root": "assignVariables1",
      "actions": {
        "navigateToPage1": {
          "module": "vb/action/builtin/navigateToPageAction",
          "parameters": {
            "page": "inv_book_out",
            "params": {
              "transactionType": "{{ $flow.variables.transactionType }}"
            }
          }
        },
        "assignVariables1": {
          "module": "vb/action/builtin/assignVariablesAction",
          "parameters": {
            "$flow.variables.transactionType": {
              "source": "BOOKOUT_OTHERS"
            }
          },
          "outcomes": {
            "success": "callModuleFunction1"
          }
        },
        "callModuleFunction1": {
          "module": "vb/action/builtin/callModuleFunctionAction",
          "parameters": {
            "module": "[[ $page.functions ]]",
            "functionName": "populateTransactionType",
            "params": [
              "{{ $flow.variables.transactionType }}"
            ]
          },
          "outcomes": {
            "success": "assignVariables2"
          }
        },
        "assignVariables2": {
          "module": "vb/action/builtin/assignVariablesAction",
          "parameters": {
            "$flow.variables.transactionTypeDisplayName": {
              "source": "{{ $chain.results.callModuleFunction1 }}"
            }
          },
          "outcomes": {
            "success": "navigateToPage1"
          }
        }
      }
    },
    "ButtonActionChain3": {
      "description": "",
      "variables": {
        "detail": {
          "required": true,
          "type": "any",
          "input": "fromCaller"
        }
      },
      "root": "assignVariables1",
      "actions": {
        "navigateToPage1": {
          "module": "vb/action/builtin/navigateToPageAction",
          "parameters": {
            "page": "inv_book_out",
            "params": {
              "transactionType": "{{ $flow.variables.transactionType }}"
            }
          }
        },
        "assignVariables1": {
          "module": "vb/action/builtin/assignVariablesAction",
          "parameters": {
            "$flow.variables.transactionType": {
              "source": "BOOKOUT_PPE"
            }
          },
          "outcomes": {
            "success": "callModuleFunction1"
          }
        },
        "callModuleFunction1": {
          "module": "vb/action/builtin/callModuleFunctionAction",
          "parameters": {
            "module": "[[ $page.functions ]]",
            "functionName": "populateTransactionType",
            "params": [
              "{{ $flow.variables.transactionType }}"
            ]
          },
          "outcomes": {
            "success": "assignVariables2"
          }
        },
        "assignVariables2": {
          "module": "vb/action/builtin/assignVariablesAction",
          "parameters": {
            "$flow.variables.transactionTypeDisplayName": {
              "source": "{{ $chain.results.callModuleFunction1 }}"
            }
          },
          "outcomes": {
            "success": "navigateToPage1"
          }
        }
      }
    },
    "ButtonActionChain4": {
      "description": "",
      "variables": {
        "detail": {
          "required": true,
          "type": "any",
          "input": "fromCaller"
        }
      },
      "root": "navigateToPage1",
      "actions": {
        "navigateToPage1": {
          "module": "vb/action/builtin/navigateToPageAction",
          "parameters": {
            "page": "inv_feedback"
          }
        }
      }
    },
    "ButtonActionChain5": {
      "description": "",
      "variables": {
        "detail": {
          "required": true,
          "type": "any",
          "input": "fromCaller"
        }
      },
      "root": "assignVariables1",
      "actions": {
        "navigateToPage1": {
          "module": "vb/action/builtin/navigateToPageAction",
          "parameters": {
            "page": "inv_on_hand1"
          }
        },
        "assignVariables1": {
          "module": "vb/action/builtin/assignVariablesAction",
          "parameters": {
            "$flow.variables.itemOnHandScreenItemNumberVar": {
              "reset": "empty"
            },
            "$flow.variables.itemOnHandScreenBusinessUnitIDVar": {
              "reset": "empty"
            }
          },
          "outcomes": {
            "success": "navigateToPage1"
          }
        }
      }
    }
  },
  "eventListeners": {
    "ojButtonOjAction": {
     "chains": [
        {
          "chainId": "ButtonActionChain",
          "parameters": {
            "detail": "{{ $event.detail }}"
          }
        }
      ]
    },
     "ojButtonOjAction1": {
      "chains": [
        {
          "chainId": "ButtonActionChain1",
          "parameters": {
            "detail": "{{ $event.detail }}"
          }
        }
      ]
    },
     "ojButtonOjAction2": {
      "chains": [
        {
          "chainId": "ButtonActionChain2",
          "parameters": {
            "detail": "{{ $event.detail }}"
          }
        }
      ]
    },
     "ojButtonOjAction3": {
      "chains": [
        {
          "chainId": "ButtonActionChain3",
          "parameters": {
            "detail": "{{ $event.detail }}"
          }
        }
      ]
    },
     "ojButtonOjAction4": {
      "chains": [
        {
          "chainId": "ButtonActionChain4",
          "parameters": {
            "detail": "{{ $event.detail }}"
          }
        }
      ]
    },
     "ojButtonOjAction5": {
      "chains": [
        {
          "chainId": "ButtonActionChain5",
          "parameters": {
            "detail": "{{ $event.detail }}"
          }
        }
      ]
    },
        "ojMyRequestOjAction": {
      "chains": [
        {
          "chainId": "DrawerActionChain",
          "parameters": {
            "detail": "myRequests"
          }
        }
      ]
    },
    "ojInventoryOjAction": {
      "chains": [
        {
          "chainId": "DrawerActionChain",
          "parameters": {
            "detail": "inventory"
          }
        }
      ]
    }

  },
  "imports": {
    "components": {
      "oj-ext-mobile-page-template": {
        "path": "vb/components/mobile-page-template/loader"
      },
      "oj-button": {
        "path": "ojs/ojbutton"
      },
      "oj-label": {
        "path": "ojs/ojlabel"
      },
      "oj-navigation-list": {
        "path": "ojs/ojnavigationlist"
      },
      "oj-sample-drawer": {
        "path": "oj-sample/drawer/loader"
      }
      
    }
  }
}