{
  "pageModelVersion": "19.4.3",
  "title": "",
  "description": "",
  "variables": {
    "itemListADPVar": {
      "type": "vb/ArrayDataProvider2",
      "defaultValue": {
        "itemType": "itemListType",
        "keyAttributes": "ItemId"
      }
    },
    "selectedItemVar": {
      "type": "itemListType"
    },
    "tempItemSearchVarADP": {
      "type": "vb/ArrayDataProvider2",
      "defaultValue": {
        "itemType": "itemListType",
        "keyAttributes": "ItemId"
      },
      "input": "fromCaller"
    }
  },
  "metadata": {},
  "types": {
    "itemListType": {
      "ItemId": "number",
      "ItemNumber": "string",
      "ItemDescription": "string",
      "PrimaryUOMValue": "string"
    }
  },
  "chains": {
    "OkClickActionChain": {
      "description": "",
      "variables": {
        "detail": {
          "required": true,
          "type": "any",
          "input": "fromCaller"
        }
      },
      "root": "if1",
      "actions": {
        "assignVariables1": {
          "module": "vb/action/builtin/assignVariablesAction",
          "parameters": {
            "$flow.variables.bookoutLineType.itemNumberVar": {
              "source": "{{ $page.variables.selectedItemVar.ItemNumber }}"
            },
            "$flow.variables.callItemActionChainFlag": {
              "source": "Y"
            },
            "$flow.variables.expandTab": {
              "source": "1"
            },
            "$flow.variables.bookoutLineType.itemIdVar": {
              "source": "{{ $page.variables.selectedItemVar.ItemId }}"
            },
            "$flow.variables.bookoutLineType.itemDescVar": {
              "source": "{{ $page.variables.selectedItemVar.ItemDescription }}"
            },
            "$flow.variables.bookoutLineType.itemPrimaryUOMVar": {
              "source": "{{ $page.variables.selectedItemVar.PrimaryUOMValue }}"
            }
          },
          "outcomes": {
            "success": "navigateToPage1"
          }
        },
        "navigateToPage1": {
          "module": "vb/action/builtin/navigateToPageAction",
          "parameters": {
            "page": "inv_book_out",
            "params": {
              "transactionType": "{{ $flow.variables.transactionType }}"
            }
          },
          "outcomes": {}
        },
        "if1": {
          "module": "vb/action/builtin/ifAction",
          "parameters": {
            "condition": "[[ $flow.variables.transactionType == 'BOOKOUT' || $flow.variables.transactionType == 'BOOKOUT_OTHERS' || $flow.variables.transactionType == 'BOOKOUT_IN' ]]"
          },
          "outcomes": {
            "true": "assignVariables1",
            "false": "assignVariables2"
          }
        },
        "navigateToPage2": {
          "module": "vb/action/builtin/navigateToPageAction",
          "parameters": {
            "page": "inv_on_hand1"
          }
        },
        "assignVariables2": {
          "module": "vb/action/builtin/assignVariablesAction",
          "parameters": {
            "$flow.variables.itemOnHandScreenItemNumberVar": {
              "source": "{{ $page.variables.selectedItemVar.ItemNumber }}"
            },
            "$flow.variables.itemOnHandItemSearchFlag": {
              "source": false
            }
          },
          "outcomes": {
            "success": "navigateToPage2"
          }
        }
      }
    },
    "cancelButtonActionChain": {
      "description": "",
      "variables": {
        "detail": {
          "required": true,
          "type": "any",
          "input": "fromCaller"
        }
      },
      "root": "if1",
      "actions": {
        "navigateToPage1": {
          "module": "vb/action/builtin/navigateToPageAction",
          "parameters": {
            "page": "inv_book_out"
          }
        },
        "assignVariables1": {
          "module": "vb/action/builtin/assignVariablesAction",
          "parameters": {
            "$flow.variables.callItemActionChainFlag": {
              "reset": "empty"
            }
          },
          "outcomes": {
            "success": "navigateToPage1"
          }
        },
        "if1": {
          "module": "vb/action/builtin/ifAction",
          "parameters": {
            "condition": "[[ $flow.variables.transactionType === 'BOOKOUT' ]]"
          },
          "outcomes": {
            "true": "assignVariables1",
            "false": "navigateBack1"
          }
        },
        "navigateBack1": {
          "module": "vb/action/builtin/navigateBackAction"
        }
      }
    },
    "TableFirstSelectedRowChangeChain": {
      "description": "",
      "variables": {
        "rowKey": {
          "required": true,
          "type": "any",
          "input": "fromCaller"
        },
        "rowData": {
          "required": true,
          "type": "any",
          "input": "fromCaller"
        }
      },
      "root": "assignVariables1",
      "actions": {
        "assignVariables1": {
          "module": "vb/action/builtin/assignVariablesAction",
          "parameters": {
            "$page.variables.selectedItemVar": {
              "source": "{{ $chain.variables.rowData }}",
              "auto": "always"
            }
          }
        }
      }
    },
    "onloadItemSearchActionChin": {
      "root": "assignVariables2",
      "description": "",
      "variables": {},
      "actions": {
        "assignVariables2": {
          "module": "vb/action/builtin/assignVariablesAction",
          "parameters": {
            "$page.variables.itemListADPVar": {
              "auto": "always",
              "reset": "empty"
            }
          },
          "outcomes": {
            "success": "if1"
          }
        },
        "assignVariables3": {
          "module": "vb/action/builtin/assignVariablesAction",
          "parameters": {
            "$page.variables.itemListADPVar": {
              "source": {
                "data": "{{ $page.variables.tempItemSearchVarADP.data }}"
              },
              "reset": "none",
              "auto": "always"
            }
          }
        },
        "if1": {
          "module": "vb/action/builtin/ifAction",
          "parameters": {
            "condition": "[[ $flow.variables.transactionType == 'BOOKOUT_OTHERS' ]]"
          },
          "outcomes": {
            "false": "assignVariables3",
            "true": "filterPpeToolTypeItemListModuleFunction"
          }
        },
        "filterPpeToolTypeItemListModuleFunction": {
          "module": "vb/action/builtin/callModuleFunctionAction",
          "parameters": {
            "module": "[[ $functions ]]",
            "functionName": "populateItemSearchListForPpeAndTool",
            "params": [
              "{{ $page.variables.tempItemSearchVarADP.data }}"
            ]
          },
          "outcomes": {
            "success": "assignVariables1"
          }
        },
        "assignVariables1": {
          "module": "vb/action/builtin/assignVariablesAction",
          "parameters": {
            "$page.variables.itemListADPVar": {
              "source": {
                "data": "{{ $chain.results.filterPpeToolTypeItemListModuleFunction }}"
              },
              "reset": "none",
              "auto": "always"
            }
          }
        }
      }
    },
    "ItemScanActionChain": {
      "description": "",
      "root": "callItemScanModuleFunction",
      "actions": {
        "callItemScanModuleFunction": {
          "module": "vb/action/builtin/callModuleFunctionAction",
          "parameters": {
            "module": "[[ $functions ]]",
            "functionName": "scanItemDetailsFunction"
          },
          "outcomes": {
            "success": "assignVariables1"
          }
        },
        "assignVariables1": {
          "module": "vb/action/builtin/assignVariablesAction",
          "parameters": {
            "$flow.variables.searchItemNumberVar": {
              "source": "{{ $chain.results.callItemScanModuleFunction }}"
            }
          }
        }
      },
      "variables": {
        "detail": {
          "required": true,
          "type": "any",
          "input": "fromCaller"
        }
      }
    }
  },
  "eventListeners": {
    "ojButtonOjAction4": {
      "chains": [
        {
          "chainId": "ItemScanActionChain",
          "parameters": {
            "detail": "{{ $event.detail }}"
          }
        }
      ]
    },
    "vbEnter": {
      "chains": [
        {
          "chainId": "onloadItemSearchActionChin",
          "parameters": {}
        }
      ]
    },
    "ojButtonOjAction": {
      "chains": [
        {
          "chainId": "itemSearchActionChain"
        }
      ]
    },
    "ojButtonOjAction2": {
      "chains": [
        {
          "chainId": "OkClickActionChain",
          "parameters": {
            "detail": "{{ $event.detail }}"
          }
        }
      ]
    },
    "ojButtonOjAction3": {
      "chains": [
        {
          "chainId": "cancelButtonActionChain",
          "parameters": {
            "detail": "{{ $event.detail }}"
          }
        }
      ]
    },
    "ojTableFirstSelectedRow": {
      "chains": [
        {
          "chainId": "TableFirstSelectedRowChangeChain",
          "parameters": {
            "rowKey": "{{$event.detail.value.key}}",
            "rowData": "{{$event.detail.value.data}}"
          }
        }
      ]
    }
  },
  "imports": {
    "components": {
      "oj-ext-mobile-page-template": {
        "path": "vb/components/mobile-page-template/loader"
      },
      "oj-label": {
        "path": "ojs/ojlabel"
      },
      "oj-input-text": {
        "path": "ojs/ojinputtext"
      },
      "oj-button": {
        "path": "ojs/ojbutton"
      },
      "oj-table": {
        "path": "ojs/ojtable"
      }
    }
  }
}