{
  "pageModelVersion": "19.4.3",
  "title": "",
  "description": "",
  "variables": {
    "projectListADP": {
      "type": "vb/ArrayDataProvider2",
      "defaultValue": {
        "itemType": "ProjectResponseType",
        "keyAttributes": "ProjectId"
      },
      "input": "none"
    },
    "SelectedProjectVar": {
      "type": "ProjectResponseType"
    },
    "tempProejctListADP": {
      "type": "vb/ArrayDataProvider2",
      "defaultValue": {
        "itemType": "ProjectResponseType",
        "keyAttributes": "ProjectId"
      },
      "input": "fromCaller"
    }
  },
  "metadata": {},
  "types": {
    "ProjectResponseType": {
      "OwningOrganizationName": "string",
      "ProjectEndDate": "string",
      "ProjectId": "number",
      "ProjectName": "string",
      "ProjectNumber": "string",
      "ProjectStartDate": "string",
      "ProjectStatus": "string",
      "ProjectStatusCode": "string",
      "Tasks": [
        {
          "TaskId": "number",
          "TaskName": "string",
          "TaskNumber": "string"
        }
      ]
    }
  },
  "chains": {
    "cancelActionChain": {
      "description": "",
      "variables": {
        "detail": {
          "required": true,
          "type": "any",
          "input": "fromCaller"
        }
      },
      "root": "navigateBack1",
      "actions": {
        "navigateBack1": {
          "module": "vb/action/builtin/navigateBackAction"
        }
      }
    },
    "onloadProjectSearchRestAPI": {
      "root": "assignVariables1",
      "description": "",
      "variables": {},
      "actions": {
        "assignVariables1": {
          "module": "vb/action/builtin/assignVariablesAction",
          "parameters": {
            "$page.variables.projectListADP": {
              "auto": "always",
              "reset": "empty"
            }
          },
          "outcomes": {
            "success": "assignVariables3"
          }
        },
        "assignVariables3": {
          "module": "vb/action/builtin/assignVariablesAction",
          "parameters": {
            "$page.variables.projectListADP": {
              "source": {
                "data": "{{ $page.variables.tempProejctListADP.data }}"
              },
              "reset": "none",
              "auto": "always"
            }
          }
        }
      }
    },
    "SearchProjectButtonActionChain": {
      "description": "",
      "variables": {
        "detail": {
          "required": true,
          "type": "any",
          "input": "fromCaller"
        }
      },
      "root": "assignVariables2",
      "actions": {
        "fireNotification1": {
          "module": "vb/action/builtin/fireNotificationEventAction",
          "parameters": {
            "target": "leaf",
            "summary": "[[ $chain.results.callProjectRestApi.message.summary ]]",
            "type": "error",
            "displayMode": "persist"
          }
        },
        "assignVariables1": {
          "module": "vb/action/builtin/assignVariablesAction",
          "parameters": {
            "$page.variables.projectListADP": {
              "source": {
                "data": "{{ $chain.results.callProjectRestApi.body.items }}"
              },
              "reset": "none",
              "auto": "always",
              "mapping": {
                "$target.data": {
                  "source": "$source.data",
                  "reset": "empty",
                  "auto": "always"
                }
              }
            }
          }
        },
        "callProjectRestApi": {
          "module": "vb/action/builtin/restAction",
          "parameters": {
            "endpoint": "fusionService/getProjects",
            "uriParams": {
              "expand": "Tasks",
              "q": "{{ 'ProjectNumber LIKE '+ $flow.variables.projectSearchVar +'%' }}"
            }
          },
          "outcomes": {
            "failure": "fireNotification1",
            "success": "assignVariables1"
          }
        },
        "assignVariables2": {
          "module": "vb/action/builtin/assignVariablesAction",
          "parameters": {
            "$page.variables.projectListADP": {
              "auto": "always",
              "reset": "empty"
            }
          },
          "outcomes": {
            "success": "if1"
          }
        },
        "if1": {
          "module": "vb/action/builtin/ifAction",
          "parameters": {
            "condition": "[[ $flow.variables.projectSearchVar == null || $flow.variables.projectSearchVar == '' || $flow.variables.projectSearchVar == undefined ]]"
          },
          "outcomes": {
            "false": "callProjectRestApi",
            "true": "fireNotification2"
          }
        },
        "fireNotification2": {
          "module": "vb/action/builtin/fireNotificationEventAction",
          "parameters": {
            "target": "leaf",
            "summary": "Please enter Project Number",
            "message": "Project Number can't be null"
          }
        }
      }
    },
    "OkButtonActionChain": {
      "description": "",
      "variables": {
        "detail": {
          "required": true,
          "type": "any",
          "input": "fromCaller"
        }
      },
      "root": "AsssignProjectNumberandTask",
      "actions": {
        "AsssignProjectNumberandTask": {
          "module": "vb/action/builtin/assignVariablesAction",
          "parameters": {
            "$flow.variables.expandTab": {
              "source": "0"
            },
            "$flow.variables.bookoutHeaderType": {
              "source": {
                "departmentVar": "{{ $page.variables.SelectedProjectVar.OwningOrganizationName }}",
                "projectIdVar": "{{ $page.variables.SelectedProjectVar.ProjectId }}",
                "selectedProjectVar": "{{ $page.variables.SelectedProjectVar.ProjectName }}",
                "projectNumberVar": "{{ $page.variables.SelectedProjectVar.ProjectNumber }}"
              },
              "reset": "none",
              "auto": "always"
            },
            "$flow.variables.ProjectTaskVar": {
              "source": {
                "data": "{{ $page.variables.SelectedProjectVar.Tasks }}"
              },
              "reset": "none",
              "auto": "always"
            }
          },
          "outcomes": {
            "success": "navigateBack1"
          }
        },
        "navigateBack1": {
          "module": "vb/action/builtin/navigateBackAction"
        }
      }
    },
    "TableFirstSelectedRowChangeChain": {
      "description": "",
      "root": "assignVariables1",
      "actions": {
        "assignVariables1": {
          "module": "vb/action/builtin/assignVariablesAction",
          "parameters": {
            "$page.variables.SelectedProjectVar": {
              "source": "{{ $variables.rowData }}",
              "auto": "always"
            }
          }
        }
      },
      "variables": {
        "rowKey": {
          "required": true,
          "type": "any",
          "input": "fromCaller"
        },
        "rowData": {
          "required": true,
          "type": "any",
          "input": "fromCaller"
        }
      }
    }
  },
  "eventListeners": {
    "ojButtonOjAction": {
      "chains": [
        {
          "chainId": "OkButtonActionChain",
          "parameters": {
            "detail": "{{ $event.detail }}"
          }
        }
      ]
    },
    "ojButtonOjAction2": {
      "chains": [
        {
          "chainId": "cancelActionChain",
          "parameters": {
            "detail": "{{ $event.detail }}"
          }
        }
      ]
    },
    "projectTableFirstSelectedRow": {
      "chains": [
        {
          "chainId": "TableFirstSelectedRowChangeChain",
          "parameters": {
            "rowKey": "{{$event.detail.value.key}}",
            "rowData": "{{$event.detail.value.data}}"
          }
        }
      ]
    },
    "vbEnter": {
      "chains": [
        {
          "chainId": "onloadProjectSearchRestAPI",
          "parameters": {}
        }
      ]
    },
    "ojButtonOjAction3": {
      "chains": [
        {
          "chainId": "SearchProjectButtonActionChain",
          "parameters": {
            "detail": "{{ $event.detail }}"
          }
        }
      ]
    }
  },
  "imports": {
    "components": {
      "oj-ext-mobile-page-template": {
        "path": "vb/components/mobile-page-template/loader"
      },
      "oj-label": {
        "path": "ojs/ojlabel"
      },
      "oj-input-text": {
        "path": "ojs/ojinputtext"
      },
      "oj-button": {
        "path": "ojs/ojbutton"
      },
      "oj-table": {
        "path": "ojs/ojtable"
      }
    }
  }
}