{
  "pageModelVersion": "19.4.3",
  "title": "",
  "description": "",
  "variables": {
    "cancelAllVar": {
      "type": "boolean"
    },
    "getOnHandforPickFeedbackVar": {
      "type": "vb/ArrayDataProvider2",
      "defaultValue": {
        "itemType": "getOnHandforPickFeedbackType",
        "keyAttributes": [
          "SUBINVENTORY_CODE"
        ]
      }
    },
    "pickSlipDataVar": {
      "type": "vb/ArrayDataProvider2",
      "defaultValue": {
        "itemType": "pickSlipDetailsType",
        "keyAttributes": [
          "UID"
        ]
      }
    },
     "pickSlipHasMoreFlag": {
      "type": "boolean",
      "defaultValue": true
    },
    "pickSlipLimit": {
      "type": "number",
      "defaultValue": 3
    },
    "pickSlipOffset": {
      "type": "number",
      "defaultValue": 0
    },
    "pickLinesHasMoreFlag": {
      "type": "boolean",
      "defaultValue": true
    },
    "pickLinesLimit": {
      "type": "number",
      "defaultValue": 3
    },
    "pickLinesOffset": {
      "type": "number",
      "defaultValue": 0
    },
    "tempPickListData": {
      "type": "vb/ArrayDataProvider2",
      "defaultValue": {
        "itemType": "pickSlipDetailsType",
        "keyAttributes": [
          "PickSlip",
          "pickSlipLine"
        ]
      }
    }
  },
  "metadata": {},
  "types": {
    "@decorators.getOnHandforPickFeedbackType": {
      "endpoint": "get_OnHand_BookOut",
      "service": "oicService",
      "path": "response"
    },
    "getOnHandforPickFeedbackType": {
      "AvailableQuantity": "number",
      "INVENTORY_ITEM_ID": "string",
      "LOCATOR_ID": "string",
      "ORGANIZATION_ID": "string",
      "PENDING_TRANSACTION_COUNT": "string",
      "PRIMARY_TRANSACTION_QUANTITY": "string",
      "PROJECT_ID": "string",
      "RESERVED_TRANSACTION_COUNT": "string",
      "SUBINVENTORY_CODE": "string",
      "TASK_ID": "string",
      "TRANSACTION_QUANTITY": "string"
    },
    "pickSlipDetailsType": {
      "AvailableQuantity": "number",
      "CancelFlag": "boolean",
      "Item": "string",
      "ItemID": "string",
      "Order": "string",
      "Organization": "string",
      "OrganizationID": "string",
      "PickedQuantity": "number",
      "PickSlip": "number",
      "pickSlipLine": "number",
      "projectID": "string",
      "projectNumber": "string",
      "RequestedQuantity": "number",
      "Shipment": "string",
      "SourceLocator": "string",
      "SourceSubinventory": "string",
      "taskID": "string",
      "taskNumber": "string",
      "UID": "number",
      "UOM": "string"
    }
  },
  "chains": {
    "dummyData": {
      "root": "assignVariables1",
      "description": "",
      "variables": {},
      "actions": {
        "assignVariables1": {
          "module": "vb/action/builtin/assignVariablesAction",
          "parameters": {
            "$page.variables.tempPickListData": {
              "auto": "always",
              "reset": "empty"
            }
          }
        }
      }
    },
    "NavToMainPageButtonActionChain": {
      "description": "",
      "root": "navigateToPage1",
      "actions": {
        "navigateToPage1": {
          "module": "vb/action/builtin/navigateToPageAction",
          "parameters": {
            "page": "inv_main"
          }
        }
      },
      "variables": {
        "detail": {
          "required": true,
          "type": "any",
          "input": "fromCaller"
        }
      }
    },
    "SwitchValueChangeChain": {
      "description": "",
      "root": "callModuleFunction2",
      "actions": {
        "callModuleFunction1": {
          "module": "vb/action/builtin/callModuleFunctionAction",
          "parameters": {
            "module": "[[ $functions ]]",
            "functionName": "testSwitchPrint",
            "params": [
              "{{ $page.variables.tempPickListData.data }}"
            ]
          }
        },
        "callModuleFunction2": {
          "module": "vb/action/builtin/callModuleFunctionAction",
          "parameters": {
            "module": "[[ $functions ]]",
            "functionName": "assignItemCancelFlagFunc",
            "params": [
              "{{ $page.variables.tempPickListData.data }}",
              "{{ $variables.value }}",
              "{{ $variables.index }}",
              "1"
            ]
          },
          "outcomes": {
            "success": "assignVariables1"
          }
        },
        "assignVariables1": {
          "module": "vb/action/builtin/assignVariablesAction",
          "parameters": {
            "$page.variables.tempPickListData": {
              "source": {
                "data": "{{ $chain.results.callModuleFunction2 }}"
              },
              "reset": "empty",
              "auto": "ifNoMappings"
            }
          },
          "outcomes": {
            "success": "callModuleFunction1"
          }
        }
      },
      "variables": {
        "value": {
          "required": true,
          "type": "any",
          "input": "fromCaller"
        },
        "key": {
          "required": true,
          "type": "any",
          "input": "fromCaller"
        },
        "index": {
          "required": true,
          "type": "number",
          "input": "fromCaller"
        },
        "current": {
          "required": true,
          "type": "any",
          "input": "fromCaller"
        }
      }
    },
    "SwitchValueChangeChain1": {
      "description": "",
      "root": "assignVariables1",
      "actions": {
        "assignVariables1": {
          "module": "vb/action/builtin/assignVariablesAction",
          "parameters": {
            "$page.variables.tempPickListData": {
              "source": {
                "data": "{{ $page.variables.tempPickListData.data }}"
              },
              "reset": "none",
              "auto": "always",
              "mapping": {
                "$target.data": {
                  "source": "$source.data",
                  "reset": "empty",
                  "auto": "always",
                  "mapping": {
                    "$target.CancelFlag": {
                      "source": "$page.variables.cancelAllVar",
                      "reset": "none"
                    }
                  }
                }
              }
            }
          }
        }
      },
      "variables": {
        "value": {
          "required": true,
          "type": "any",
          "input": "fromCaller"
        }
      }
    },
    "WPOrderValueChangeChain": {
      "description": "",
      "variables": {
        "value": {
          "required": true,
          "type": "any[]",
          "input": "fromCaller"
        }
      },
      "root": "if1",
      "actions": {
        "if1": {
          "module": "vb/action/builtin/ifAction",
          "parameters": {
            "condition": "[[ $chain.variables.value == null || $chain.variables.value == '' || $chain.variables.value == undefined ]]"
          },
          "outcomes": {
            "false": "callRestGetWPOrders",
            "true": "assignVariables3"
          }
        },
        "fireNotification1": {
          "module": "vb/action/builtin/fireNotificationEventAction",
          "parameters": {
            "target": "leaf",
            "summary": "[[ $chain.results.callRestGetWPOrders.message.summary ]]",
            "type": "error",
            "displayMode": "persist"
          }
        },
        "if2": {
          "module": "vb/action/builtin/ifAction",
          "parameters": {
            "condition": "[[ [[ $chain.results.callRestGetWPOrders.body.count ]] == 1 ]]"
          },
          "outcomes": {
            "true": "fireNotification3",
            "false": "fireNotification2"
          }
        },
        "assignVariables1": {
          "module": "vb/action/builtin/assignVariablesAction",
          "parameters": {
            "$flow.variables.PickFeedBackVar": {
              "source": {
                "OrderNumber": "{{ $chain.results.callRestGetWPOrders.body.items[0].OrderNumber }}"
              },
              "reset": "none",
              "auto": "always"
            }
          }
        },
        "assignVariables2": {
          "module": "vb/action/builtin/assignVariablesAction",
          "parameters": {
            "$flow.variables.PickFeedBackVar": {
              "source": {
                "OrderSearchVar": "{{ $variables.value[0] }}"
              },
              "reset": "none",
              "auto": "always"
            },
            "$flow.variables.InvFeedWoSearchVar": {
              "source": "{{ $variables.value }}"
            }
          },
          "outcomes": {
            "success": "navigateToPage1"
          }
        },
        "navigateToPage1": {
          "module": "vb/action/builtin/navigateToPageAction",
          "parameters": {
            "page": "inv-feed_order_search_page",
            "params": {
              "TempWorkPackListADP": {
                "data": "{{ $chain.results.callRestGetWPOrders.body.items }}"
              }
            }
          }
        },
        "callRestGetWPOrders": {
          "module": "vb/action/builtin/restAction",
          "parameters": {
            "endpoint": "fusionService/getFscmRestApiResources",
            "uriParams": {
              "q": "{{ 'OrderNumber LIKE '+$chain.variables.value+'%;StatusCode=OPEN;TransactionTypeCode=WPSO' }}"
            },
            "responseBodyFormat": "json"
          },
          "outcomes": {
            "failure": "fireNotification1",
            "success": "if2"
          }
        },
        "assignVariables3": {
          "module": "vb/action/builtin/assignVariablesAction",
          "parameters": {
            "$flow.variables.PickFeedBackVar": {
              "reset": "none",
              "auto": "always",
              "mapping": {
                "$target.OrderSearchVar": {
                  "source": "$variables.value[0]",
                  "reset": "none"
                }
              }
            }
          }
        },
        "fireNotification2": {
          "module": "vb/action/builtin/fireNotificationEventAction",
          "parameters": {
            "target": "leaf",
            "summary": "[[ $flow.variables.PickFeedBackVar.OrderSearchVar ]]"
          },
          "outcomes": {
            "success": "assignVariables2"
          }
        },
        "fireNotification3": {
          "module": "vb/action/builtin/fireNotificationEventAction",
          "parameters": {
            "target": "leaf",
            "summary": "[[ $variables.value[0] ]]"
          },
          "outcomes": {
            "success": "assignVariables1"
          }
        }
      }
    },
    "PopulateListButtonActionChain": {
      "description": "",
      "root": "assignVariables1",
      "actions": {
        "callRestEndpoint1": {
          "module": "vb/action/builtin/restAction",
          "parameters": {
            "endpoint": "fusionService/getPickSlipDetails",
            "uriParams": {
              "expand": "pickLines",
              "q": "Order=512"
            }
          },
          "outcomes": {
            "failure": "fireNotification1",
            "success": "forEach1"
          }
        },
        "fireNotification1": {
          "module": "vb/action/builtin/fireNotificationEventAction",
          "parameters": {
            "target": "leaf",
            "summary": "[[ $chain.results.callRestEndpoint1.message.summary ]]",
            "type": "error",
            "displayMode": "persist"
          }
        },
        "forEach1": {
          "module": "vb/action/builtin/forEachAction",
          "parameters": {
            "items": "{{ $chain.results.callRestEndpoint1.body.items }}",
            "actionId": "callModuleFunction1"
          },
          "outcomes": {
            "success": "callModuleFunction2"
          }
        },
        "assignVariables1": {
          "module": "vb/action/builtin/assignVariablesAction",
          "parameters": {
            "$page.variables.tempPickListData": {
              "auto": "always",
              "reset": "empty"
            }
          },
          "outcomes": {
            "success": "callRestEndpoint1"
          }
        },
        "callModuleFunction1": {
          "module": "vb/action/builtin/callModuleFunctionAction",
          "parameters": {
            "module": "[[ $functions ]]",
            "functionName": "testSwitchPrint",
            "params": [
              "{{ $current.data }}",
              "{{ $current.data.pickLines }}"
            ]
          },
          "outcomes": {
            "success": "assignVariables2"
          }
        },
        "assignVariables2": {
          "module": "vb/action/builtin/assignVariablesAction",
          "parameters": {
            "$page.variables.tempPickListData": {
              "source": {
                "data": "{{ $current.data.pickLines }}"
              },
              "reset": "none",
              "auto": "always"
            }
          }
        },
        "callModuleFunction2": {
          "module": "vb/action/builtin/callModuleFunctionAction",
          "parameters": {
            "module": "[[ $functions ]]",
            "functionName": "assignItemCancelFlagFunc",
            "params": [
              "{{ $page.variables.tempPickListData.data }}",
              "{{ null }}",
              "{{ null }}",
              "2"
            ]
          },
          "outcomes": {
            "success": "assignVariables3"
          }
        },
        "assignVariables3": {
          "module": "vb/action/builtin/assignVariablesAction",
          "parameters": {
            "$page.variables.tempPickListData": {
              "source": {
                "data": "{{ $chain.results.callModuleFunction2 }}"
              },
              "reset": "empty",
              "auto": "ifNoMappings"
            }
          },
          "outcomes": {
            "success": "callModuleFunction3"
          }
        },
        "callModuleFunction3": {
          "module": "vb/action/builtin/callModuleFunctionAction",
          "parameters": {
            "module": "[[ $functions ]]",
            "functionName": "testSwitchPrint",
            "params": [
              "{{ $page.variables.tempPickListData.data }}"
            ]
          }
        }
      },
      "variables": {
        "detail": {
          "required": true,
          "type": "any",
          "input": "fromCaller"
        },
        "test": {
          "type": "string"
        }
      }
    },
    "submitRequestButtonActionChain": {
      "description": "",
      "root": "prepareItemListMF",
      "actions": {
        "prepareItemListMF": {
          "module": "vb/action/builtin/callModuleFunctionAction",
          "parameters": {
            "module": "[[ $functions ]]",
            "functionName": "prepareItemListToSubmit",
            "params": [
              "{{ $page.variables.pickSlipDataVar.data }}",
              "{{ $page.variables.getOnHandforPickFeedbackVar.data }}"
            ]
          }
        }
    },
      "variables": {
        "detail": {
          "required": true,
          "type": "any",
          "input": "fromCaller"
        }
      }
    },
    "searchOrderButtonActionChain": {
      "description": "",
      "root": "callActionChain1",
      "actions": {
        "forEach1": {
          "module": "vb/action/builtin/forEachAction",
          "parameters": {
            "items": "{{ $page.variables.pickSlipDataVar.data }}",
            "actionId": "callItemOnHandforPickFeedbackRestCall"
          }
        },
        "fireNotification2": {
          "module": "vb/action/builtin/fireNotificationEventAction",
          "parameters": {
            "target": "leaf",
            "summary": "[[ $chain.results.callItemOnHandforPickFeedbackRestCall.message.summary ]]",
            "type": "error",
            "displayMode": "persist"
          }
        },
        "callItemOnHandforPickFeedbackRestCall": {
          "module": "vb/action/builtin/restAction",
          "parameters": {
            "endpoint": "oicService/get_OnHand_BookOut",
            "body": "{{ {\n  \"ORGANIZATIONID\" : $page.variables.pickSlipDataVar.data[$current.index].OrganizationID,\n  \"INVENTORYITEMID\" : $page.variables.pickSlipDataVar.data[$current.index].ItemID,\n  \"SUBINVENTORY_CODE\": $page.variables.pickSlipDataVar.data[$current.index].SourceSubinventory,\n  \"LOCATOR_ID\": $page.variables.pickSlipDataVar.data[$current.index].SourceLocator,\n  \"PROJECT_ID\" : $page.variables.pickSlipDataVar.data[$current.index].projectID,\n  \"TASK_ID\" : $page.variables.pickSlipDataVar.data[$current.index].taskID\n} }}"
          },
          "outcomes": {
            "failure": "fireNotification2",
            "success": "getAvailableQuantityMF"
          }
        },
        "getAvailableQuantityMF": {
          "module": "vb/action/builtin/callModuleFunctionAction",
          "parameters": {
            "module": "[[ $functions ]]",
            "functionName": "getAvailableQuantity",
            "params": [
              "{{ $chain.results.callItemOnHandforPickFeedbackRestCall.body }}"
            ]
          },
          "outcomes": {
            "success": "fireDataProviderEvent1"
          }
        },
        "fireDataProviderEvent1": {
          "module": "vb/action/builtin/fireDataProviderEventAction",
          "parameters": {
            "target": "[[ $page.variables.pickSlipDataVar ]]",
            "update": "{{ {\n \"data\": [\n  {\n   \"AvailableQuantity\": $chain.results.getAvailableQuantityMF.totalQuantity,\n   \"ItemID\": $page.variables.pickSlipDataVar.data[$current.index].ItemID,\n   \"Item\": $page.variables.pickSlipDataVar.data[$current.index].Item,\n   \"OrganizationID\": $page.variables.pickSlipDataVar.data[$current.index].OrganizationID,\n   \"UID\":  $page.variables.pickSlipDataVar.data[$current.index].UID,\n   \"SourceSubinventory\":  $page.variables.pickSlipDataVar.data[$current.index].SourceSubinventory,\n   \"SourceLocator\": $page.variables.pickSlipDataVar.data[$current.index].SourceLocator,\n   \"taskID\": $page.variables.pickSlipDataVar.data[$current.index].taskID,\n   \"projectID\": $page.variables.pickSlipDataVar.data[$current.index].projectID,\n   \"UOM\": $page.variables.pickSlipDataVar.data[$current.index].UOM,\n   \"pickSlipLine\":  $page.variables.pickSlipDataVar.data[$current.index].pickSlipLine,\n   \"PickSlip\": $page.variables.pickSlipDataVar.data[$current.index].PickSlip,\n   \"CancelFlag\": $page.variables.pickSlipDataVar.data[$current.index].CancelFlag,\n   \"Shipment\": $page.variables.pickSlipDataVar.data[$current.index].Shipment,\n   \"Order\":  $page.variables.pickSlipDataVar.data[$current.index].Order,\n   \"Organization\": $page.variables.pickSlipDataVar.data[$current.index].Organization,\n   \"projectNumber\": $page.variables.pickSlipDataVar.data[$current.index].projectNumber,\n   \"taskNumber\": $page.variables.pickSlipDataVar.data[$current.index].taskNumber,\n   \"RequestedQuantity\": $page.variables.pickSlipDataVar.data[$current.index].RequestedQuantity,\n   \"PickedQuantity\": $page.variables.pickSlipDataVar.data[$current.index].PickedQuantity\n  }\n ]\n} }}"
          },
          "outcomes": {
            "success": "fireDataProviderEvent2"
          }
        },
        "fireDataProviderEvent2": {
          "module": "vb/action/builtin/fireDataProviderEventAction",
          "parameters": {
            "target": "[[ $page.variables.getOnHandforPickFeedbackVar ]]",
            "add": {
              "data": "{{ $chain.results.getAvailableQuantityMF.data }}"
            }
          }
        },
        "callActionChain1": {
          "module": "vb/action/builtin/callChainAction",
          "parameters": {
            "id": "callPickSlipServiceActionChain"
          },
          "outcomes": {
            "success": "forEach1"
          }
        }
      },
      "variables": {
        "detail": {
          "required": true,
          "type": "any",
          "input": "fromCaller"
        }
      }
    },
    "PickedQuantityValueChangeActioChain": {
      "description": "",
      "root": "fireNotification1",
      "actions": {
        "fireDataProviderEvent1": {
          "module": "vb/action/builtin/fireDataProviderEventAction",
          "parameters": {
            "target": "[[ $page.variables.pickSlipDataVar ]]",
            "update": "{{ {\n \"data\": [\n  {\n   \"AvailableQuantity\": $page.variables.pickSlipDataVar.data[$variables.index].AvailableQuantity,\n   \"ItemID\": $page.variables.pickSlipDataVar.data[$variables.index].ItemID,\n   \"Item\": $page.variables.pickSlipDataVar.data[$variables.index].Item,\n   \"OrganizationID\": $page.variables.pickSlipDataVar.data[$variables.index].OrganizationID,\n   \"UID\":  $page.variables.pickSlipDataVar.data[$variables.index].UID,\n   \"SourceSubinventory\":  $page.variables.pickSlipDataVar.data[$variables.index].SourceSubinventory,\n   \"SourceLocator\": $page.variables.pickSlipDataVar.data[$variables.index].SourceLocator,\n   \"taskID\": $page.variables.pickSlipDataVar.data[$variables.index].taskID,\n   \"projectID\": $page.variables.pickSlipDataVar.data[$variables.index].projectID,\n   \"UOM\": $page.variables.pickSlipDataVar.data[$variables.index].UOM,\n   \"pickSlipLine\":  $page.variables.pickSlipDataVar.data[$variables.index].pickSlipLine,\n   \"PickSlip\": $page.variables.pickSlipDataVar.data[$variables.index].PickSlip,\n   \"CancelFlag\": $page.variables.pickSlipDataVar.data[$variables.index].CancelFlag,\n   \"Shipment\": $page.variables.pickSlipDataVar.data[$variables.index].Shipment,\n   \"Order\":  $page.variables.pickSlipDataVar.data[$variables.index].Order,\n   \"Organization\": $page.variables.pickSlipDataVar.data[$variables.index].Organization,\n   \"projectNumber\": $page.variables.pickSlipDataVar.data[$variables.index].projectNumber,\n   \"taskNumber\": $page.variables.pickSlipDataVar.data[$variables.index].taskNumber,\n   \"RequestedQuantity\": $page.variables.pickSlipDataVar.data[$variables.index].RequestedQuantity,\n   \"PickedQuantity\": $variables.value\n  }\n ]\n} }}"
          }
        },
        "fireNotification1": {
          "module": "vb/action/builtin/fireNotificationEventAction",
          "parameters": {
            "target": "leaf",
            "summary": "[[ $variables.current + $variables.index + $variables.key + $variables.value ]]"
          },
          "outcomes": {
            "success": "fireDataProviderEvent1"
          }
        }
      },
      "variables": {
        "value": {
          "required": true,
          "type": "any",
          "input": "fromCaller"
        },
        "key": {
          "required": true,
          "type": "any",
          "input": "fromCaller"
        },
        "index": {
          "required": true,
          "type": "number",
          "input": "fromCaller"
        },
        "current": {
          "required": true,
          "type": "any",
          "input": "fromCaller"
        }
      }
    },
     "callPickSlipServiceActionChain": {
      "root": "if1",
      "description": "",
      "actions": {
        "fireNotification1": {
          "module": "vb/action/builtin/fireNotificationEventAction",
          "parameters": {
            "target": "leaf",
            "summary": "[[ $chain.results.getPickSlipDetailsRestCall.message.summary ]]",
            "type": "error",
            "displayMode": "persist"
          }
        },
        "getPickSlipDetailsRestCall": {
          "module": "vb/action/builtin/restAction",
          "parameters": {
            "endpoint": "fusionService/getPickSlipDetails",
            "uriParams": {
              "q": "Order=534",
              "onlyData": "true",
              "limit": "{{ $page.variables.pickSlipLimit }}",
              "offset": "{{ $page.variables.pickSlipOffset }}"
            }
          },
          "outcomes": {
            "failure": "fireNotification1",
            "success": "assignVariables1"
          }
        },
        "if1": {
          "module": "vb/action/builtin/ifAction",
          "parameters": {
            "condition": "[[ $page.variables.pickSlipHasMoreFlag === true ]]"
          },
          "outcomes": {
            "true": "getPickSlipDetailsRestCall",
            "false": "callModuleFunction1"
          }
        },
        "assignVariables1": {
          "module": "vb/action/builtin/assignVariablesAction",
          "parameters": {
            "$page.variables.pickSlipOffset": {
              "source": "{{ $page.variables.pickSlipOffset + $chain.results.getPickSlipDetailsRestCall.body.count }}"
            },
            "$page.variables.pickSlipHasMoreFlag": {
              "source": "{{ $chain.results.getPickSlipDetailsRestCall.body.hasMore }}"
            },
            "$page.variables.pickLinesHasMoreFlag": {
              "source": true
            },
            "$page.variables.pickLinesOffset": {
              "source": "0"
            }
          },
          "outcomes": {
            "success": "forEach1"
          }
        },
        "callActionChain1": {
          "module": "vb/action/builtin/callChainAction",
          "parameters": {
            "id": "getPickLinesActionChain",
            "params": {
              "Order": "{{ $current.data.Order }}",
              "Organization": "{{ $current.data.Organization }}",
              "PickSlip": "{{ $current.data.PickSlip }}",
              "Shipment": "{{ $current.data.Shipment }}"
            }
          }
        },
        "callActionChain2": {
          "module": "vb/action/builtin/callChainAction",
          "parameters": {
            "id": "callPickSlipServiceActionChain"
          }
        },
        "callModuleFunction1": {
          "module": "vb/action/builtin/callModuleFunctionAction",
          "parameters": {
            "module": "[[ $functions ]]",
            "functionName": "testSwitchPrint",
            "params": [
              "{{ $page.variables.pickSlipDataVar.data }}"
            ]
          },
          "outcomes": {
            "success": "return1"
          }
        },
        "return1": {
          "module": "vb/action/builtin/returnAction",
          "parameters": {
            "outcome": "success"
          }
        },
        "forEach1": {
          "module": "vb/action/builtin/forEachAction",
          "parameters": {
            "actionId": "assignVariables2",
            "items": "{{ $chain.results.getPickSlipDetailsRestCall.body.items }}"
          },
          "outcomes": {
            "success": "callActionChain2"
          }
        },
        "assignVariables2": {
          "module": "vb/action/builtin/assignVariablesAction",
          "parameters": {
            "$page.variables.pickLinesHasMoreFlag": {
              "source": true
            },
            "$page.variables.pickLinesOffset": {
              "source": "0"
            }
          },
          "outcomes": {
            "success": "callModuleFunction2"
          }
        },
        "callModuleFunction2": {
          "module": "vb/action/builtin/callModuleFunctionAction",
          "outcomes": {
            "success": "callActionChain1"
          },
          "parameters": {
            "module": "[[ $functions ]]",
            "functionName": "testSwitchPrint",
            "params": [
              "{{ $current.data.PickSlip }}",
              "{{ $page.variables.pickSlipDataVar.data }}"
            ]
          }
        }
      },
      "variables": {
        "detail": {
          "required": true,
          "type": "any",
          "input": "fromCaller"
        }
      }
    },
     "getPickLinesActionChain": {
      "root": "if1",
      "description": "Gets all the lines for a particular Pickslip number",
      "variables": {
        "Order": {
          "type": "string",
          "required": true,
          "input": "fromCaller"
        },
        "Organization": {
          "type": "string",
          "required": true,
          "input": "fromCaller"
        },
        "PickSlip": {
          "type": "number",
          "required": true,
          "input": "fromCaller"
        },
        "Shipment": {
          "type": "string",
          "required": true,
          "input": "fromCaller"
        }
      },
      "actions": {
        "if1": {
          "module": "vb/action/builtin/ifAction",
          "parameters": {
            "condition": "[[ $page.variables.pickLinesHasMoreFlag === true ]]"
          },
          "outcomes": {
            "true": "callRestEndpoint1",
            "false": "return1"
          }
        },
        "callRestEndpoint1": {
          "module": "vb/action/builtin/restAction",
          "parameters": {
            "endpoint": "fusionService/getPickLines",
            "uriParams": {
              "PickSlip": "{{ $variables.PickSlip }}",
              "expand": "inventoryAttributesDFF",
              "limit": "{{ $page.variables.pickLinesLimit }}",
              "offset": "{{ $page.variables.pickLinesOffset }}",
              "onlyData": "true"
            }
          },
          "outcomes": {
            "failure": "fireNotification1",
            "success": "callModuleFunction1"
          }
        },
        "fireNotification1": {
          "module": "vb/action/builtin/fireNotificationEventAction",
          "parameters": {
            "target": "leaf",
            "summary": "[[ $chain.results.callRestEndpoint1.message.summary ]]",
            "type": "error",
            "displayMode": "persist"
          }
        },
        "fireDataProviderEvent1": {
          "module": "vb/action/builtin/fireDataProviderEventAction",
          "parameters": {
            "target": "[[ $page.variables.pickSlipDataVar ]]",
            "add": {
              "data": "{{ $chain.results.callModuleFunction1 }}"
            }
          },
          "outcomes": {
            "success": "assignVariables1"
          }
        },
        "callModuleFunction1": {
          "module": "vb/action/builtin/callModuleFunctionAction",
          "outcomes": {
            "success": "fireDataProviderEvent1"
          },
          "parameters": {
            "module": "[[ $functions ]]",
            "functionName": "createPickLinesADP",
            "params": [
              "{{ $chain.results.callRestEndpoint1.body.items }}",
              "{{ $variables.Organization }}",
              "{{ $variables.Shipment }}",
              "{{ $variables.PickSlip }}",
              "{{ $variables.Order }}"
            ]
          }
        },
        "callActionChain1": {
          "module": "vb/action/builtin/callChainAction",
          "parameters": {
            "id": "getPickLinesActionChain",
            "params": {
              "Order": "{{ $variables.Order }}",
              "Organization": "{{ $variables.Organization }}",
              "PickSlip": "{{ $variables.PickSlip }}",
              "Shipment": "{{ $variables.Shipment }}"
            }
          }
        },
        "assignVariables1": {
          "module": "vb/action/builtin/assignVariablesAction",
          "parameters": {
            "$page.variables.pickLinesHasMoreFlag": {
              "source": "{{ $chain.results.callRestEndpoint1.body.hasMore }}"
            },
            "$page.variables.pickLinesLimit": {
              "source": "{{ $page.variables.pickLinesLimit }}"
            },
            "$page.variables.pickLinesOffset": {
              "source": "{{ $page.variables.pickLinesOffset + $chain.results.callRestEndpoint1.body.count }}"
            }
          },
          "outcomes": {
            "success": "callActionChain1"
          }
        },
        "return1": {
          "module": "vb/action/builtin/returnAction",
          "parameters": {
            "outcome": "success"
          }
        }
      }
    }
  },
  "eventListeners": {
    "ojButtonOjAction2": {
      "chains": [
        {
          "chainId": "submitRequestButtonActionChain",
          "parameters": {
            "detail": "{{ $event.detail }}"
          }
        }
      ]
    },
    "ojButtonOjAction3": {
      "chains": [
        {
          "chainId": "searchOrderButtonActionChain",
          "parameters": {
            "detail": "{{ $event.detail }}"
          }
        }
      ]
    },
    "ojInputNumberValue": {
      "chains": [
        {
          "chainId": "PickedQuantityValueChangeActioChain",
          "parameters": {
            "value": "{{ $event.detail.value }}",
            "key": "{{ $current.key }}",
            "index": "{{ $current.index }}",
            "current": "{{ $current }}"
          }
        }
      ]
    },
    "ojSwitch17608838691Value": {
      "chains": [
        {
          "chainId": "CancelAllActionChain",
          "parameters": {
            "value": "{{ $event.detail.value }}"
          }
        }
      ]
    },
    "ojSwitch17608838691Value2": {
      "chains": [
        {
          "chainId": "SwitchValueChangeChain1",
          "parameters": {
            "value": "{{ $event.detail.value }}"
          }
        }
      ]
    },
    "ojSwitchValue": {
      "chains": [
        {
          "chainId": "CancelItemActionChain",
          "parameters": {
            "value": "{{ $event.detail.value }}",
            "key": "{{ $current.key }}",
            "index": "{{ $current.index }}",
            "current": "{{ $current }}"
          }
        }
      ]
    },
    "ojSwitchValue2": {
      "chains": [
        {
          "chainId": "SwitchValueChangeChain",
          "parameters": {
            "value": "{{ $event.detail.value }}",
            "key": "{{ $current.key }}",
            "index": "{{ $current.index }}",
            "current": "{{ $current }}"
          }
        }
      ]
    },
    "vbEnter": {
      "chains": [
        {
          "chainId": "dummyData",
          "parameters": {}
        }
      ]
    },
    "wpInputValue": {
      "chains": [
        {
          "chainId": "WPOrderValueChangeChain",
          "parameters": {
            "value": "{{ $event.detail.value }}"
          }
        }
      ]
    },
    "ojButtonOjAction": {
      "chains": [
        {
          "chainId": "NavToMainPageButtonActionChain",
          "parameters": {
            "detail": "{{ $event.detail }}"
          }
        }
      ]
    }
  },
  "imports": {
    "components": {
      "oj-ext-mobile-page-template": {
        "path": "vb/components/mobile-page-template/loader"
      },
      "oj-button": {
        "path": "ojs/ojbutton"
      },
      "oj-label": {
        "path": "ojs/ojlabel"
      },
      "oj-combobox-one": {
        "path": "ojs/ojselectcombobox"
      },
      "oj-combobox-many": {
        "path": "ojs/ojselectcombobox"
      },
      "oj-input-text": {
        "path": "ojs/ojinputtext"
      },
      "oj-table": {
        "path": "ojs/ojtable"
      },
      "oj-switch": {
        "path": "ojs/ojswitch"
      },
      "oj-list-view": {
        "path": "ojs/ojlistview"
      },
      "oj-vb-list-item": {
        "path": "vb/components/list-item/loader"
      },
      "oj-input-number": {
        "path": "ojs/ojinputnumber"
      }
    }
  }
}