{
    "buildProfiles": {
        "androidProfiles": [
            {
                "OS": "android",
                "profileId": "Config1_007793650815939257",
                "profileName": "Config1",
                "appID": "vbcs.getcredentials.logincredentials.appid",
                "buildType": "debug",
                "versionName": "1.0.0",
                "versionCode": 1,
                "keystorePassword": "vb_5013a83a-c561-41c1-a09e-3faa69415529",
                "keyAlias": "barcode-app-key",
                "keyPassword": "vb_8fa9e675-6a7f-466d-b186-253c67db17ca",
                "keystoreFile": "vb_87ec7df7-e32f-4592-8b99-d1746610442b",
                "customTemplateId": "AndriodScan_05798409942518332"
            }
         ],
        "iosProfiles": []
    }
}