{
  "pageModelVersion": "19.4.3",
  "title": "",
  "description": "",
  "variables": {
    "businessUnitArray": {
      "type": "vb/ArrayDataProvider2",
      "defaultValue": {
        "itemType": "businessUnitType"
      }
    },
    "empListListSDP": {
      "type": "vb/ServiceDataProvider",
      "defaultValue": {
        "idAttribute": "id",
        "itemsPath": "items",
        "responseType": "page:getallEmpListResponse",
        "fetchChainId": "getall_EmpListFetchAction"
      }
    }
  },
  "metadata": {},
  "types": {
    "businessUnitType": {
      "businessUnitId": "number",
      "unitType": "string",
      "businessUnitName": "string",
      "customId": "number"
    },
    "getallEmpListResponse": {
      "items": [
        {
          "createdBy": "string",
          "employeeName": "string",
          "id": "number"
        }
      ]
    },
    "@decorators.getallEmpListResponse": {
      "endpoint": "getall_EmpList",
      "service": "businessObjects",
      "path": "response"
    }
  },
  "chains": {
    "loadData": {
      "root": "assignVariables1",
      "description": "",
      "variables": {},
      "actions": {
        "assignVariables1": {
          "module": "vb/action/builtin/assignVariablesAction",
          "parameters": {
            "$page.variables.businessUnitArray": {
              "source": {
                "data": [
                  {
                    "businessUnitId": 1,
                    "unitType": "Internal",
                    "businessUnitName": "Test Main BU1",
                    "customId":10010
                  },
                  {
                    "businessUnitId": 2,
                    "unitType": "Internal",
                    "businessUnitName": "Test Main BU2",
                    "customId":10020
                  },
                  {
                    "businessUnitId": 3,
                    "unitType": "External",
                    "businessUnitName": "Test Main BU3",
                    "customId":10030
                  },
                  {
                    "businessUnitId": 4,
                    "unitType": "External",
                    "businessUnitName": "Test Main Start",
                    "customId":10030
                  }
                ]
              },
              "reset": "none",
              "auto": "always"
            }
          },
          "outcomes": {
            "success": "callModuleFunction1"
          }
        },
        "callModuleFunction1": {
          "module": "vb/action/builtin/callModuleFunctionAction",
          "parameters": {
            "module": "[[ $page.functions ]]",
            "functionName": "printData",
            "params": [
              "{{ $page.variables.businessUnitArray.data }}",
              "{{ $page.variables.businessUnitArray.data[0] }}",
              "{{ $page.variables.businessUnitArray}}"
            ]
          }
        }
      }
    },
    "getall_EmpListFetchAction": {
      "root": "callRestEndpoint1",
      "actions": {
        "callRestEndpoint1": {
          "module": "vb/action/builtin/restAction",
          "parameters": {
            "requestType": "json",
            "endpoint": "businessObjects/getall_EmpList",
            "responseType": "page:getallEmpListResponse",
            "hookHandler": "{{ $variables.configuration.hookHandler }}"
          },
          "outcomes": {
            "success": "return1"
          }
        },
        "return1": {
          "module": "vb/action/builtin/returnAction",
          "parameters": {
            "outcome": "success",
            "payload": "{{ $chain.results.callRestEndpoint1 }}"
          }
        }
      },
      "variables": {
        "configuration": {
          "type": {
            "hookHandler": "vb/RestHookHandler"
          },
          "input": "fromCaller",
          "required": true
        }
      }
    },
    "ComboboxOneValueChangeChain": {
      "description": "",
      "variables": {
        "value": {
          "required": true,
          "type": "any",
          "input": "fromCaller"
        }
      },
      "root": "callModuleFunction1",
      "actions": {
        "callModuleFunction1": {
          "module": "vb/action/builtin/callModuleFunctionAction",
          "parameters": {
            "module": "[[ $page.functions ]]",
            "functionName": "printSelectedValue",
            "params": [
              "{{ $chain.variables.value }}"
            ]
          }
        }
      }
    }
  },
  "eventListeners": {
    "vbEnter": {
      "chains": [
        {
          "chainId": "loadData",
          "parameters": {}
        }
      ]
    },
    "ojComboboxOne4303071592Value": {
      "chains": [
        {
          "chainId": "ComboboxOneValueChangeChain",
          "parameters": {
            "value": "{{ $event.detail.value }}"
          }
        }
      ]
    }
  },
  "imports": {
    "components": {
      "oj-ext-mobile-page-template": {
        "path": "vb/components/mobile-page-template/loader"
      },
      "oj-label": {
        "path": "ojs/ojlabel"
      },
      "oj-combobox-one": {
        "path": "ojs/ojselectcombobox"
      }
    }
  }
}