{
  "pageModelVersion": "19.4.3",
  "title": "",
  "description": "",
  "variables": {
    "inputVar": {
      "type": "string"
    },
    "testBOListSDP": {
      "type": "vb/ServiceDataProvider",
      "defaultValue": {
        "endpoint": "businessObjects/getall_TestBO",
        "idAttribute": "id",
        "itemsPath": "items",
        "responseType": "page:getallTestBOResponse"
      }
    },
    "tableVar": {
      "type": "vb/ArrayDataProvider2",
      "defaultValue": {
        "itemType": "any"
      }
    },
    "dateVar": {
      "type": "string"
    }
  },
  "metadata": {},
  "types": {
    "getallTestBOResponse": {
      "items": [
        {
          "id": "number",
          "projectNumber": "number"
        }
      ]
    },
    "@decorators.getallTestBOResponse": {
      "endpoint": "getall_TestBO",
      "service": "businessObjects",
      "path": "response"
    }
  },
  "chains": {
    "populateData": {
      "root": "assignVariables1",
      "description": "",
      "variables": {},
      "actions": {
        "assignVariables1": {
          "module": "vb/action/builtin/assignVariablesAction",
          "parameters": {
            "$page.variables.inputVar": {
              "source": "\"Hello to All\""
            },
            "$page.variables.tableVar": {
              "source": "[\n {\n  \"headerId\": \"1\",\n  \"headerName\": \"IT\",\n },\n {\n  \"headerId\": \"2\",\n  \"headerName\": \"COMP\",\n }\n]"
            }
          }
        }
      }
    },
    "ButtonActionChain": {
      "description": "",
      "variables": {
        "detail": {
          "required": true,
          "type": "any",
          "input": "fromCaller"
        }
      },
      "root": "callComponentMethod1",
      "actions": {
        "callComponentMethod1": {
          "module": "vb/action/builtin/callComponentMethodAction",
          "parameters": {
            "component": "{{ document.getElementById('iVar') }}",
            "method": "reset"
          },
          "outcomes": {
            "success": "assignVariables1"
          }
        },
        "assignVariables1": {
          "module": "vb/action/builtin/assignVariablesAction",
          "parameters": {
            "$page.variables.inputVar": {
              "source": "''"
            }
          },
          "outcomes": {
            "success": "forEach1"
          }
        },
        "forEach1": {
          "module": "vb/action/builtin/forEachAction",
          "parameters": {
            "actionId": "if1"
          }
        },
        "if1": {
          "module": "vb/action/builtin/ifAction"
        }
      }
    },
    "ButtonActionChain1": {
      "description": "",
      "variables": {
        "detail": {
          "required": true,
          "type": "any",
          "input": "fromCaller"
        },
        "counter": {
          "type": "number",
          "defaultValue": 1
        },
        "allowRestCall": {
          "type": "boolean",
          "defaultValue": true
        }
      },
      "root": "callModuleFunction1",
      "actions": {
        "callModuleFunction1": {
          "module": "vb/action/builtin/callModuleFunctionAction",
          "parameters": {
            "module": "[[ $page.functions ]]",
            "functionName": "printDateVar",
            "params": [
              "{{ $page.variables.dateVar }}"
            ]
          },
          "outcomes": {
            "success": "callRestEndpoint1"
          }
        },
        "callRestEndpoint1": {
          "module": "vb/action/builtin/restAction",
          "parameters": {
            "endpoint": "expenditureType/getExpenditureTypesLOV"
          },
          "outcomes": {
            "failure": "fireNotification1",
            "success": "callModuleFunction2"
          }
        },
        "fireNotification1": {
          "module": "vb/action/builtin/fireNotificationEventAction",
          "parameters": {
            "target": "leaf",
            "summary": "[[ $chain.results.callRestEndpoint1.message.summary ]]",
            "type": "error",
            "displayMode": "persist"
          }
        },
        "callModuleFunction2": {
          "module": "vb/action/builtin/callModuleFunctionAction",
          "parameters": {
            "module": "[[ $page.functions ]]",
            "functionName": "printMainContent",
            "params": [
              "{{ $chain.results.callRestEndpoint1.body.items }}"
            ]
          }
        }
      }
    }
  },
  "eventListeners": {
    "vbEnter": {
      "chains": [
        {
          "chainId": "populateData",
          "parameters": {}
        }
      ]
    },
    "ojButtonOjAction": {
      "chains": [
        {
          "chainId": "ButtonActionChain",
          "parameters": {
            "detail": "{{ $event.detail }}"
          }
        }
      ]
    },
    "ojButtonOjAction2": {
      "chains": [
        {
          "chainId": "ButtonActionChain1",
          "parameters": {
            "detail": "{{ $event.detail }}"
          }
        }
      ]
    }
  },
  "imports": {
    "components": {
      "oj-ext-mobile-page-template": {
        "path": "vb/components/mobile-page-template/loader"
      },
      "oj-label": {
        "path": "ojs/ojlabel"
      },
      "oj-input-text": {
        "path": "ojs/ojinputtext"
      },
      "oj-table": {
        "path": "ojs/ojtable"
      },
      "oj-button": {
        "path": "ojs/ojbutton"
      },
      "oj-input-date": {
        "path": "ojs/ojdatetimepicker"
      }
    }
  }
}