{
  "pageModelVersion": "19.4.3",
  "title": "",
  "description": "",
  "variables": {
    "deptList": {
      "type": "vb/ArrayDataProvider2",
      "defaultValue": {
        "itemType": "dept_type"
      }
    }
  },
  "metadata": {},
  "types": {
    "dept_type": {
        "dept-id": "number",
        "dept-name": "string",
        "dept-description": "string"
      }
  },
  "chains": {
    "loadData": {
      "root": "assignVariables1",
      "description": "",
      "variables": {},
      "actions": {
        "assignVariables1": {
          "module": "vb/action/builtin/assignVariablesAction",
          "parameters": {
            "$page.variables.deptList": {
              "source": {
                "data": [
                  {
                    "dept-id": 1,
                    "dept-name": "HR",
                    "dept-description": "HR Department"
                  },
                  {
                    "dept-id": 2,
                    "dept-name": "IT",
                    "dept-description": "IT Department"
                  }
                ]
              },
              "reset": "none",
              "auto": "always"
            }
          },
          "outcomes": {
            "success": "callModuleFunction1"
          }
        },
        "callModuleFunction1": {
          "module": "vb/action/builtin/callModuleFunctionAction",
          "parameters": {
            "module": "[[ $page.functions ]]",
            "functionName": "printData",
            "params": [
              "{{ $page.variables.deptList.data }}"
            ]
          }
        }
      }
    }
  },
  "eventListeners": {
    "vbEnter": {
      "chains": [
        {
          "chainId": "loadData",
          "parameters": {}
        }
      ]
    }
  },
  "imports": {
    "components": {
      "oj-ext-mobile-page-template": {
        "path": "vb/components/mobile-page-template/loader"
      },
      "oj-table": {
        "path": "ojs/ojtable"
      },
      "oj-list-view": {
        "path": "ojs/ojlistview"
      },
      "oj-vb-list-item": {
        "path": "vb/components/list-item/loader"
      }
    }
  }
}