{
  "pageModelVersion": "19.4.3",
  "title": "",
  "description": "",
  "variables": {
    "projectDetails": {
      "type": "vb/ArrayDataProvider2",
      "defaultValue": {
        "itemType": "PDetails"
      }
    },

    "testBOListSDP": {
      "type": "vb/ServiceDataProvider",
      "defaultValue": {
        "endpoint": "businessObjects/getall_TestBO",
        "idAttribute": "projectNumber",
        "itemsPath": "items",
        "responseType": "page:getallTestBOResponse"
      }
    },
    "testBOListSDP2": {
      "type": "vb/ServiceDataProvider",
      "defaultValue": {
        "endpoint": "businessObjects/getall_TestBO",
        "idAttribute": "projectNumber",
        "itemsPath": "items",
        "responseType": "page:getallTestBOResponse2"
      }
    },
    "testBOListSDP3": {
      "type": "vb/ServiceDataProvider",
      "defaultValue": {
        "endpoint": "businessObjects/getall_TestBO",
        "idAttribute": "projectNumber",
        "itemsPath": "items",
        "responseType": "page:getallTestBOResponse3"
      }
    }
  },
  "metadata": {},
  "types": {
    "PDetails": [
      {
        "ProjectNumber": "number",
        "TaskNumber": "string",
        "Subinventory": "string",
        "Locator": "string",
        "Quantity": "number",
        "QToBeReserved": "number"
      }
    ],

    "getallTestBOResponse": {
      "items": [
        {
          "locator": "string",
          "projectNumber": "number",
          "quantity": "number",
          "quantityToBeReserved": "number",
          "subInventory": "string",
          "taskNumber": "string"
        }
      ]
    },
    "@decorators.getallTestBOResponse": {
      "endpoint": "getall_TestBO",
      "service": "businessObjects",
      "path": "response"
    },
    "getallTestBOResponse2": {
      "items": [
        {
          "locator": "string",
          "projectNumber": "number",
          "quantity": "number",
          "quantityToBeReserved": "number",
          "subInventory": "string",
          "taskNumber": "string"
        }
      ]
    },
    "@decorators.getallTestBOResponse2": {
      "endpoint": "getall_TestBO",
      "service": "businessObjects",
      "path": "response"
    },
    "getallTestBOResponse3": {
      "items": [
        {
          "projectNumber": "number",
          "quantity": "number",
          "quantityToBeReserved": "number",
          "subInventory": "string",
          "taskNumber": "string"
        }
      ]
    },
    "@decorators.getallTestBOResponse3": {
      "endpoint": "getall_TestBO",
      "service": "businessObjects",
      "path": "response"
    }
  },


  "imports": {
    "components": {
      "oj-ext-mobile-page-template": {
        "path": "vb/components/mobile-page-template/loader"
      },
      "oj-table": {
        "path": "ojs/ojtable"
      },
      "oj-input-number": {
        "path": "ojs/ojinputnumber"
      },
      "oj-list-view": {
        "path": "ojs/ojlistview"
      },
      "oj-label": {
        "path": "ojs/ojlabel"
      }


    }
  }

}