{
  "pageModelVersion": "19.4.3",
  "title": "",
  "description": "",
  "variables": {
    "errorText": {
      "type": "string",
      "defaultValue": "Hello to All"
    },
    "showError": {
      "type": "boolean",
      "defaultValue": false
    }
  },
  "metadata": {},
  "types": {},
  "chains": {
    "ButtonActionChain": {
      "description": "",
      "variables": {
        "detail": {
          "required": true,
          "type": "any",
          "input": "fromCaller"
        }
      },
      "root": "assignVariables1",
      "actions": {
        "callModuleFunction1": {
          "module": "vb/action/builtin/callModuleFunctionAction",
          "parameters": {
            "module": "[[ $page.functions ]]",
            "functionName": "showErrorMessage"
          },
          "outcomes": {
            "success": "assignVariables2"
          }
        },
        "assignVariables1": {
          "module": "vb/action/builtin/assignVariablesAction",
          "parameters": {
            "$page.variables.showError": {
              "source": true
            }
          },
          "outcomes": {
            "success": "callModuleFunction1"
          }
        },
        "assignVariables2": {
          "module": "vb/action/builtin/assignVariablesAction",
          "parameters": {
            "$page.variables.showError": {
              "source": false
            }
          }
        }
      }
    }
  },
  "eventListeners": {
    "ojButtonOjAction": {
      "chains": [
        {
          "chainId": "ButtonActionChain",
          "parameters": {
            "detail": "{{ $event.detail }}"
          }
        }
      ]
    }
  },
  "imports": {
    "components": {
      "oj-ext-mobile-page-template": {
        "path": "vb/components/mobile-page-template/loader"
      },
      "oj-button": {
        "path": "ojs/ojbutton"
      }
    }
  }
}