{
  "pageModelVersion": "19.4.3",
  "title": "",
  "description": "",
  "variables": {
    "Name_Role": {
      "type": "vb/ArrayDataProvider2",
      "defaultValue": {
        "itemType": "name_role_type"
      }
    },
    "test": {
      "type": "string"
    },
    "Name": {
      "type": "string"
    },
    "Role": {
      "type": "string"
    }
  },
  "metadata": {},
  "types": {
    "name_role_type": {
      "Name": "string",
      "Role": "string"
    }
  },
  "chains": {
    "loadData": {
      "root": "assignVariables1",
      "description": "",
      "variables": {},
      "actions": {
        "assignVariables1": {
          "module": "vb/action/builtin/assignVariablesAction",
          "parameters": {
            "$page.variables.Name_Role": {
              "source": {
                "data": [
                  {
                    "Name": "Meghana",
                    "Role": "Book_In"
                  },
                  {
                    "Name": "Meghana",
                    "Role": "OnHandCheck"
                  },
                  {
                    "Name": "Meghana",
                    "Role": "Book_Out_PPE"
                  },
                  {
                    "Name": "Akshay",
                    "Role": "Book_Out"
                  },
                  {
                    "Name": "Akshay",
                    "Role": "Book_In"
                  }
                ]
              },
              "auto": "always"
            }
          }
        }
      }
    },
    "InputTextValueChangeChain1": {
      "description": "",
      "variables": {
        "value": {
          "required": true,
          "type": "any",
          "input": "fromCaller"
        }
      },
      "root": "assignVariables1",
      "actions": {
        "assignVariables1": {
          "module": "vb/action/builtin/assignVariablesAction",
          "parameters": {
            "$page.variables.test": {
              "source": "{{ $page.variables.test }}"
            }
          },
          "outcomes": {
            "success": "callModuleFunction1"
          }
        },
        "callModuleFunction1": {
          "module": "vb/action/builtin/callModuleFunctionAction",
          "parameters": {
            "module": "[[ $page.functions ]]",
            "functionName": "showTest",
            "params": [
              "{{ $page.variables.test }}"
            ]
          }
        }
      }
    }
  },
  "eventListeners": {
    "vbEnter": {
      "chains": [
        {
          "chainId": "loadData",
          "parameters": {}
        }
      ]
    }
  },
  "imports": {
    "components": {
      "oj-ext-mobile-page-template": {
        "path": "vb/components/mobile-page-template/loader"
      },
      "oj-label": {
        "path": "ojs/ojlabel"
      },
      "oj-input-text": {
        "path": "ojs/ojinputtext"
      },
      "oj-button": {
        "path": "ojs/ojbutton"
      }
    }
  }
}