{
  "pageModelVersion": "19.4.3",
  "title": "",
  "description": "",
  "variables": {
    "mainData": {
      "type": "vb/ArrayDataProvider2",
      "defaultValue": {
        "itemType": "mainData",
        "keyAttributes": "id"
      },
      "persisted": "history"
    },
    "cityList": {
      "type": "vb/ArrayDataProvider2"
    },
    "test": {
      "type": "cityList[]"
    }
  },
  "metadata": {},
  "types": {
    "mainData": {
      "id": "number",
      "firstName": "string",
      "secondName": "string",
      "empType": "string",
      "salary": "number"
    },
    "cityList": {
      "cityName": "string",
      "cityId": "number"
    }
  },
  "chains": {
    "loadData": {
      "root": "assignVariables1",
      "description": "",
      "actions": {
        "assignVariables1": {
          "module": "vb/action/builtin/assignVariablesAction",
          "parameters": {
            "$page.variables.mainData": {
              "source": {
                "data": [
                  {
                    "id": 1,
                    "firstName": "Akshay",
                    "secondName": "Nayak",
                    "empType": "Permanent",
                    "salary": 40
                  },
                  {
                    "id": 2,
                    "firstName": "Rohit",
                    "secondName": "Chaturvedi",
                    "empType": "Contarctor",
                    "salary": 90
                  },
                  {
                    "id": 3,
                    "firstName": "Meghana",
                    "secondName": "Dundigala",
                    "empType": "Temporary",
                    "salary": 30
                  },
                  {
                    "id": 4,
                    "firstName": "Sujoy",
                    "secondName": "Bhai",
                    "empType": "Contarctor",
                    "salary": 90
                  },
                  {
                    "id": 5,
                    "firstName": "Aishwarya",
                    "secondName": "bala",
                    "empType": "Type",
                    "salary": 900
                  },{
                    "id": 1,
                    "firstName": "Akshay",
                    "secondName": "Nayak",
                    "empType": "Permanent",
                    "salary": 40
                  },
                  {
                    "id": 2,
                    "firstName": "Rohit",
                    "secondName": "Chaturvedi",
                    "empType": "Contarctor",
                    "salary": 90
                  },
                  {
                    "id": 3,
                    "firstName": "Meghana",
                    "secondName": "Dundigala",
                    "empType": "Temporary",
                    "salary": 30
                  },
                  {
                    "id": 4,
                    "firstName": "Sujoy",
                    "secondName": "Bhai",
                    "empType": "Contarctor",
                    "salary": 90
                  },
                  {
                    "id": 5,
                    "firstName": "Aishwarya",
                    "secondName": "bala",
                    "empType": "Type",
                    "salary": 900
                  },
                  {
                    "id": 1,
                    "firstName": "Akshay",
                    "secondName": "Nayak",
                    "empType": "Permanent",
                    "salary": 40
                  },
                  {
                    "id": 2,
                    "firstName": "Rohit",
                    "secondName": "Chaturvedi",
                    "empType": "Contarctor",
                    "salary": 90
                  },
                  {
                    "id": 3,
                    "firstName": "Meghana",
                    "secondName": "Dundigala",
                    "empType": "Temporary",
                    "salary": 30
                  },
                  {
                    "id": 4,
                    "firstName": "Sujoy",
                    "secondName": "Bhai",
                    "empType": "Contarctor",
                    "salary": 90
                  },
                  {
                    "id": 5,
                    "firstName": "Aishwarya",
                    "secondName": "bala",
                    "empType": "Type",
                    "salary": 900
                  },
                  {
                    "id": 1,
                    "firstName": "Akshay",
                    "secondName": "Nayak",
                    "empType": "Permanent",
                    "salary": 40
                  },
                  {
                    "id": 2,
                    "firstName": "Rohit",
                    "secondName": "Chaturvedi",
                    "empType": "Contarctor",
                    "salary": 90
                  },
                  {
                    "id": 3,
                    "firstName": "Meghana",
                    "secondName": "Dundigala",
                    "empType": "Temporary",
                    "salary": 30
                  },
                  {
                    "id": 4,
                    "firstName": "Sujoy",
                    "secondName": "Bhai",
                    "empType": "Contarctor",
                    "salary": 90
                  },
                  {
                    "id": 5,
                    "firstName": "Aishwarya",
                    "secondName": "bala",
                    "empType": "Type",
                    "salary": 900
                  },
                  {
                    "id": 1,
                    "firstName": "Akshay",
                    "secondName": "Nayak",
                    "empType": "Permanent",
                    "salary": 40
                  },
                  {
                    "id": 2,
                    "firstName": "Rohit",
                    "secondName": "Chaturvedi",
                    "empType": "Contarctor",
                    "salary": 90
                  },
                  {
                    "id": 3,
                    "firstName": "Meghana",
                    "secondName": "Dundigala",
                    "empType": "Temporary",
                    "salary": 30
                  },
                  {
                    "id": 4,
                    "firstName": "Sujoy",
                    "secondName": "Bhai",
                    "empType": "Contarctor",
                    "salary": 90
                  },
                  {
                    "id": 5,
                    "firstName": "Aishwarya",
                    "secondName": "bala",
                    "empType": "Type",
                    "salary": 900
                  },
                  {
                    "id": 1,
                    "firstName": "Akshay",
                    "secondName": "Nayak",
                    "empType": "Permanent",
                    "salary": 40
                  },
                  {
                    "id": 2,
                    "firstName": "Rohit",
                    "secondName": "Chaturvedi",
                    "empType": "Contarctor",
                    "salary": 90
                  },
                  {
                    "id": 3,
                    "firstName": "Meghana",
                    "secondName": "Dundigala",
                    "empType": "Temporary",
                    "salary": 30
                  },
                  {
                    "id": 4,
                    "firstName": "Sujoy",
                    "secondName": "Bhai",
                    "empType": "Contarctor",
                    "salary": 90
                  },
                  {
                    "id": 5,
                    "firstName": "Aishwarya",
                    "secondName": "bala",
                    "empType": "Type",
                    "salary": 900
                  }
                ]
              },
              "reset": "none",
              "auto": "always"
            }
          }
        }
      }
    },
    "InputTextValueChangeChain": {
      "description": "",
      "variables": {
        "value": {
          "required": true,
          "type": "any",
          "input": "fromCaller"
        },
        "key": {
          "required": true,
          "type": "any",
          "input": "fromCaller"
        },
        "index": {
          "required": true,
          "type": "number",
          "input": "fromCaller"
        },
        "current": {
          "required": true,
          "type": "any",
          "input": "fromCaller"
        }
      },
      "root": "callModuleFunction1",
      "actions": {
        "callModuleFunction1": {
          "module": "vb/action/builtin/callModuleFunctionAction",
          "parameters": {
            "module": "[[ $page.functions ]]",
            "functionName": "printData",
            "params": [
              "{{ $chain.variables.current }}",
              "{{ $chain.variables.index }}",
              "{{ $chain.variables.key }}",
              "{{ $chain.variables.value }}"
            ]
          },
          "outcomes": {
            "success": "assignVariables1"
          }
        },
        "assignVariables1": {
          "module": "vb/action/builtin/assignVariablesAction",
          "parameters": {
            "$page.variables.mainData": {
              "source": {
                "data": [
                  {
                    "firstName": "{{ $chain.variables.value }}"
                  }
                ]
              },
              "reset": "none",
              "auto": "always",
              "mapping": {
                "$target.data": {
                  "source": "$source.data",
                  "reset": "empty",
                  "auto": "always"
                }
              }
            }
          },
          "outcomes": {
            "success": "fireDataProviderEvent1"
          }
        },
        "fireDataProviderEvent1": {
          "module": "vb/action/builtin/fireDataProviderEventAction",
          "parameters": {
            "update": {
              "data": "{{ $chain.variables.current }}",
              "indexes": [
                "{{ $chain.variables.index }}"
              ]
            },
            "target": "[[ $page.variables.mainData ]]"
          }
        }
      }
    },
    "ComboboxOneValueChangeChain": {
      "description": "",
      "variables": {
        "value": {
          "required": true,
          "type": "any",
          "input": "fromCaller"
        },
        "key": {
          "required": true,
          "type": "any",
          "input": "fromCaller"
        },
        "index": {
          "required": true,
          "type": "number",
          "input": "fromCaller"
        },
        "current": {
          "required": true,
          "type": "any",
          "input": "fromCaller"
        }
      },
      "root": "callModuleFunction1",
      "actions": {
        "callModuleFunction1": {
          "module": "vb/action/builtin/callModuleFunctionAction",
          "parameters": {
            "module": "[[ $page.functions ]]",
            "functionName": "assignCollection",
            "params": [
              "{{ $chain.variables.value }}"
            ]
          },
          "outcomes": {
            "success": "assignVariables1"
          }
        },
        "assignVariables1": {
          "module": "vb/action/builtin/assignVariablesAction",
          "parameters": {
            "$page.variables.test": {
              "source": "{{ $chain.results.callModuleFunction1 }}"
            }
          }
        }
      },
      "returnType": "any"
    },
    "TableSelectedChangeChain": {
      "description": "",
      "variables": {
        "keys": {
          "required": true,
          "type": "any[]",
          "input": "fromCaller"
        }
      },
      "root": "callComponentMethod1",
      "actions": {
        "callComponentMethod1": {
          "module": "vb/action/builtin/callComponentMethodAction",
          "parameters": {
            "component": "{{ document.getElementById('oj-input-text-639824045-1') }}",
            "method": "focus"
          }
        }
      }
    },
    "ButtonActionChain": {
      "description": "",
      "variables": {
        "detail": {
          "required": true,
          "type": "any",
          "input": "fromCaller"
        }
      },
      "root": "navigateToPage1",
      "actions": {
        "navigateToPage1": {
          "module": "vb/action/builtin/navigateToPageAction",
          "parameters": {
            "page": "/app"
          }
        }
      }
    }
  },
  "eventListeners": {
    "vbEnter": {
      "chains": [
        {
          "chainId": "loadData",
          "parameters": {}
        }
      ]
    },
    "ojInputTextValue": {
      "chains": [
        {
          "chainId": "InputTextValueChangeChain",
          "parameters": {
            "value": "{{ $event.detail.value }}",
            "key": "{{ $current.key }}",
            "index": "{{ $current.index }}",
            "current": "{{ $current }}"
          }
        }
      ]
    },
    "ojComboboxOneValue": {
      "chains": [
        {
          "chainId": "ComboboxOneValueChangeChain",
          "parameters": {
            "value": "{{ $event.detail.value }}",
            "key": "{{ $current.key }}",
            "index": "{{ $current.index }}",
            "current": "{{ $current }}"
          }
        }
      ]
    },
    "ojTableSelected": {
      "chains": [
        {
          "chainId": "TableSelectedChangeChain",
          "parameters": {
            "keys": "{{ Array.from($event.detail.value.row.values()) }}"
          }
        }
      ]
    },
    "ojButtonOjAction": {
      "chains": [
        {
          "chainId": "ButtonActionChain",
          "parameters": {
            "detail": "{{ $event.detail }}"
          }
        }
      ]
    }
  },
  "imports": {
    "components": {
      "oj-ext-mobile-page-template": {
        "path": "vb/components/mobile-page-template/loader"
      },
      "oj-table": {
        "path": "ojs/ojtable"
      },
      "oj-input-text": {
        "path": "ojs/ojinputtext"
      },
      "oj-combobox-one": {
        "path": "ojs/ojselectcombobox"
      },
      "oj-option": {
        "path": "ojs/ojoption"
      },
      "oj-label": {
        "path": "ojs/ojlabel"
      },
      "oj-button": {
        "path": "ojs/ojbutton"
      }
    }
  }
}