{
  "pageModelVersion": "19.4.3",
  "title": "",
  "description": "",
  "variables": {
    "itemsOnHand": {
      "type": "postGetItemOnHand"
    },
    "organizationId": {
      "type": "number"
    },
    "itemId": {
      "type": "number"
    }
  },
  "metadata": {},
  "types": {
    "@decorators.postGetItemOnHand": {
      "endpoint": "postGetItemOnHand",
      "service": "itemsOnHand",
      "path": "response"
    },
    "postGetItemOnHand": {
      "LOCATOR_ID": "string",
      "PROJECT_ID": "string",
      "SUBINVENTORY_CODE": "string",
      "TASK_ID": "string"
    }
  },
  "chains": {
    "ButtonActionChain": {
      "description": "",
      "variables": {
        "detail": {
          "required": true,
          "type": "any",
          "input": "fromCaller"
        }
      },
      "root": "callRestEndpoint1",
      "actions": {
        "callRestEndpoint1": {
          "module": "vb/action/builtin/restAction",
          "parameters": {
            "endpoint": "itemsOnHand/postGetItemOnHand",
            "body": {
              "organizationId": "300000002124609",
              "inventoryItemId": "100000002793044"
            },
            "responseBodyFormat": "json",
            "responseType": "any"
          },
          "outcomes": {
            "failure": "fireNotification1",
            "success": "assignVariables1"
          }
        },
        "fireNotification1": {
          "module": "vb/action/builtin/fireNotificationEventAction",
          "parameters": {
            "target": "leaf",
            "summary": "[[ $chain.results.callRestEndpoint1.message.summary ]]",
            "type": "error",
            "displayMode": "persist"
          }
        },
        "assignVariables1": {
          "module": "vb/action/builtin/assignVariablesAction",
          "parameters": {
            "$page.variables.itemsOnHand": {
              "source": "{{ $chain.results.callRestEndpoint1.body }}",
              "auto": "always"
            }
          }
        }
      }
    },
    "ButtonActionChain1": {
      "description": "",
      "variables": {
        "detail": {
          "required": true,
          "type": "any",
          "input": "fromCaller"
        }
      },
      "root": "",
      "actions": {}
    }
  },
  "eventListeners": {
    "ojButtonOjAction": {
      "chains": [
        {
          "chainId": "ButtonActionChain",
          "parameters": {
            "detail": "{{ $event.detail }}"
          }
        }
      ]
    },
    "ojButtonOjAction2": {
      "chains": [
        {
          "chainId": "ButtonActionChain1",
          "parameters": {
            "detail": "{{ $event.detail }}"
          }
        }
      ]
    }
  },
  "imports": {
    "components": {
      "oj-ext-mobile-page-template": {
        "path": "vb/components/mobile-page-template/loader"
      },
      "oj-label": {
        "path": "ojs/ojlabel"
      },
      "oj-input-text": {
        "path": "ojs/ojinputtext"
      },
      "oj-table": {
        "path": "ojs/ojtable"
      },
      "oj-button": {
        "path": "ojs/ojbutton"
      }
    }
  }
}