{
  "pageModelVersion": "2010.0.0",
  "title": "",
  "description": "",
  "variables": {
    "empData": {
      "type": "vb/ArrayDataProvider2",
      "defaultValue": {
        "itemType": "empData",
        "keyAttributes": [
          "empId"
        ]
      }
    },
    "empPaginatedView": {
      "type": "any"
    }
  },
  "metadata": {},
  "types": {
    "empData": {
      "empId": "number",
      "empName": "string"
    }
  },
  "chains": {
    "loadData": {
      "root": "assignVariables1",
      "description": "",
      "variables": {},
      "actions": {
        "assignVariables1": {
          "module": "vb/action/builtin/assignVariablesAction",
          "parameters": {
            "$page.variables.empData": {
              "source": {
                "data": [
                  {
                    "empId": 1,
                    "empName": "Akshay"
                  },
                  {
                    "empId": 2,
                    "empName": "Meghana"
                  },
                  {
                    "empId": 3,
                    "empName": "Rohit"
                  },
                  {
                    "empId": 4,
                    "empName": "Sujoy"
                  },
                  {
                    "empId": 5,
                    "empName": "Aishwarya"
                  },
                  {
                    "empId": 6,
                    "empName": "Akshay1"
                  },
                  {
                    "empId": 7,
                    "empName": "Meghana7"
                  },
                  {
                    "empId": 8,
                    "empName": "Rohit8"
                  },
                  {
                    "empId": 9,
                    "empName": "Sujoy9"
                  },
                  {
                    "empId": 10,
                    "empName": "Aishwarya10"
                  }
                  
                ]
              },
              "reset": "none",
              "auto": "always"
            }
          },
          "outcomes": {
            "success": "callModuleFunction1"
          }
        },
        "callModuleFunction1": {
          "module": "vb/action/builtin/callModuleFunctionAction",
          "parameters": {
            "module": "[[ $functions ]]",
            "functionName": "modifyData",
            "params": [
              "{{ $page.variables.empData.data }}"
            ]
          },
          "outcomes": {
            "success": "assignVariables2"
          }
        },
        "assignVariables2": {
          "module": "vb/action/builtin/assignVariablesAction",
          "parameters": {
            "$page.variables.empPaginatedView": {
              "source": "{{ $chain.results.callModuleFunction1 }}"
            }
          }
        }
      }
    },
    "PagingControlClickChain": {
      "description": "",
      "root": "fireNotification1",
      "actions": {
        "fireNotification1": {
          "module": "vb/action/builtin/fireNotificationEventAction",
          "parameters": {
            "target": "leaf",
            "summary": "Test",
            "message": "Test"
          },
          "outcomes": {
            "success": "callModuleFunction1"
          }
        },
        "callModuleFunction1": {
          "module": "vb/action/builtin/callModuleFunctionAction",
          "parameters": {
            "module": "[[ $functions ]]",
            "functionName": "printData",
            "params": [
              "{{ $variables.current }}",
              "{{ $variables.detail }}",
              "{{ $variables.index }}",
              "{{ $variables.key }}"
            ]
          }
        }
      },
      "variables": {
        "detail": {
          "required": true,
          "type": "any",
          "input": "fromCaller"
        },
        "key": {
          "required": true,
          "type": "any",
          "input": "fromCaller"
        },
        "index": {
          "required": true,
          "type": "number",
          "input": "fromCaller"
        },
        "current": {
          "required": true,
          "type": "any",
          "input": "fromCaller"
        }
      }
    },
    "TableSelectedChangeChain": {
      "description": "",
      "root": "fireNotification1",
      "actions": {
        "fireNotification1": {
          "module": "vb/action/builtin/fireNotificationEventAction",
          "parameters": {
            "target": "leaf",
            "summary": "[[ $variables.keys ]]"
          }
        }
      },
      "variables": {
        "keys": {
          "required": true,
          "type": "any[]",
          "input": "fromCaller"
        }
      }
    }
  },
  "eventListeners": {
    "ojPagingControlClick": {
      "chains": [
        {
          "chainId": "PagingControlClickChain",
          "parameters": {
            "detail": "{{ $event.detail }}",
            "key": "{{ $current.key }}",
            "index": "{{ $current.index }}",
            "current": "{{ $current }}"
          }
        }
      ]
    },
    "ojTableSelected": {
      "chains": [
        {
          "chainId": "TableSelectedChangeChain",
          "parameters": {
            "keys": "{{ Array.from($event.detail.value.row.values()) }}"
          }
        }
      ]
    },
    "vbEnter": {
      "chains": [
        {
          "chainId": "loadData",
          "parameters": {}
        }
      ]
    }
  },
  "imports": {
    "components": {
      "oj-ext-mobile-page-template": {
        "path": "vb/components/mobile-page-template/loader"
      },
      "oj-table": {
        "path": "ojs/ojtable"
      },
       "oj-paging-control": {
        "path": "ojs/ojpagingcontrol"
      },
      "oj-button": {
        "path": "ojs/ojbutton"
      }
    }
  }
}