{
  "pageModelVersion": "19.4.3",
  "title": "",
  "description": "",
  "variables": {
    "tableData": {
      "type": "vb/ArrayDataProvider2",
      "defaultValue": {
        "itemType": "listVar",
        "keyAttributes": "headerId"
      }
    }
  },
  "metadata": {},
  "types": {
    "listVar": {
      "headerId": "number",
      "headerName": "string",
      "selected": "boolean"
    }
  },
  "chains": {
    "loadData": {
      "root": "assignVariables1",
      "description": "",
      "variables": {},
      "actions": {
        "assignVariables1": {
          "module": "vb/action/builtin/assignVariablesAction",
          "parameters": {
            "$page.variables.tableData": {
              "source": {
                "data": [
                  {
                    "headerId": 1,
                    "headerName": "Akshay",
                    "selected": false
                  },
                  {
                    "headerId": 2,
                    "headerName": "Rohit",
                    "selected": true
                  },
                  {
                    "headerId": 3,
                    "headerName": "Meghana",
                    "selected": true
                  }
                ]
              },
              "reset": "none",
              "auto": "always"
            }
          }
        }
      }
    },
    "ButtonActionChain": {
      "description": "",
      "variables": {
        "detail": {
          "required": true,
          "type": "any",
          "input": "fromCaller"
        }
      },
      "root": "callModuleFunction1",
      "actions": {
        "callModuleFunction1": {
          "module": "vb/action/builtin/callModuleFunctionAction",
          "parameters": {
            "module": "[[ $page.functions ]]",
            "functionName": "printListData",
            "params": [
              "{{ $page.variables.tableData.data }}"
            ]
          }
        }
      }
    },
    "SwitchValueChangeChain": {
      "description": "",
      "variables": {
        "value": {
          "required": true,
          "type": "any",
          "input": "fromCaller"
        },
        "key": {
          "required": true,
          "type": "any",
          "input": "fromCaller"
        },
        "index": {
          "required": true,
          "type": "number",
          "input": "fromCaller"
        },
        "current": {
          "required": true,
          "type": "any",
          "input": "fromCaller"
        }
      },
      "root": "callModuleFunction1",
      "actions": {
        "callModuleFunction1": {
          "module": "vb/action/builtin/callModuleFunctionAction",
          "parameters": {
            "module": "[[ $page.functions ]]",
            "functionName": "setValue",
            "params": [
              "{{ $chain.variables.current }}",
              "{{ $chain.variables.index }}",
              "{{ $chain.variables.key }}",
              "{{ $chain.variables.value }}"
            ]
          }
        }
      }
    }
  },
  "eventListeners": {
    "vbEnter": {
      "chains": [
        {
          "chainId": "loadData",
          "parameters": {}
        }
      ]
    },
    "ojButtonOjAction": {
      "chains": [
        {
          "chainId": "ButtonActionChain",
          "parameters": {
            "detail": "{{ $event.detail }}"
          }
        }
      ]
    },
    "ojSwitchValue": {
      "chains": [
        {
          "chainId": "SwitchValueChangeChain",
          "parameters": {
            "value": "{{ $event.detail.value }}",
            "key": "{{ $current.key }}",
            "index": "{{ $current.index }}",
            "current": "{{ $current }}"
          }
        }
      ]
    }
  },
  "imports": {
    "components": {
      "oj-ext-mobile-page-template": {
        "path": "vb/components/mobile-page-template/loader"
      },
      "oj-list-view": {
        "path": "ojs/ojlistview"
      },
      "oj-vb-list-item": {
        "path": "vb/components/list-item/loader"
      },
      "oj-button": {
        "path": "ojs/ojbutton"
      },
      "oj-switch": {
        "path": "ojs/ojswitch"
      }
    }
  }
}