{
  "pageModelVersion": "19.4.3",
  "title": "",
  "description": "",
  "variables": {
    "OrganizationCode": {
      "type": "string"
    },
    "ItemNumber": {
      "type": "number"
    },
    "Result": {
      "type": "postAvailableQuantityDetails"
    },
    "bodyVariables": {
      "type": "availableQuantityDetails"
    }
  },
  "metadata": {},
  "types": {
    "@decorators.postAvailableQuantityDetails": {
      "endpoint": "postAvailableQuantityDetails",
      "service": "postAvailableQuantityDetails",
      "path": "response"
    },
    "postAvailableQuantityDetails": {
      "AvailableToTransact": "number",
      "InventoryCountryOfOrigin": "any",
      "InventoryCountryOfOriginCode": "any",
      "InventoryItemId": "number",
      "InventoryProject": "any",
      "InventoryProjectId": "any",
      "InventoryTask": "any",
      "InventoryTaskId": "any",
      "ItemNumber": "string",
      "ItemRevision": "any",
      "links": [
        {
          "href": "string",
          "kind": "string",
          "name": "string",
          "rel": "string"
        }
      ],
      "Locator": "any",
      "LocatorId": "any",
      "Lot": "any",
      "OrganizationCode": "string",
      "OrganizationId": "number",
      "OwningEntityId": "any",
      "OwningPartySite": "any",
      "PrimaryUnitOfMeasure": "string",
      "QuantityOnhand": "number",
      "ReturnMessageName": "any",
      "ReturnMessageText": "any",
      "ReturnStatus": "string",
      "SecondaryAvailableToTransact": "any",
      "SecondaryQuantityOnhand": "any",
      "SecondaryUnitOfMeasure": "any",
      "Subinventory": "any"
    },
    "@decorators.availableQuantityDetails": {
      "endpoint": "postAvailableQuantityDetails",
      "service": "availableQuantityDetails01",
      "path": "request"
    },
    "availableQuantityDetails": {
      "ItemNumber": "string",
      "OrganizationCode": "string"
    }
  },
  "chains": {
    "ButtonActionChain": {
      "description": "",
      "variables": {
        "detail": {
          "required": true,
          "type": "any",
          "input": "fromCaller"
        }
      },
      "root": "callRestEndpoint1",
      "actions": {
        "callRestEndpoint1": {
          "module": "vb/action/builtin/restAction",
          "parameters": {
            "endpoint": "postAvailableQuantityDetails/postAvailableQuantityDetails",
            "body": "{{ $page.variables.bodyVariables }}"
          },
          "outcomes": {
            "failure": "fireNotification1",
            "success": "assignVariables1"
          }
        },
        "fireNotification1": {
          "module": "vb/action/builtin/fireNotificationEventAction",
          "parameters": {
            "target": "leaf",
            "summary": "[[ $chain.results.callRestEndpoint1.message.summary ]]",
            "type": "error",
            "displayMode": "transient",
            "message": "Sorry, couldn't call the endpoint."
          }
        },
        "assignVariables1": {
          "module": "vb/action/builtin/assignVariablesAction",
          "parameters": {
            "$page.variables.Result": {
              "source": {
                "AvailableToTransact": "{{ $chain.results.callRestEndpoint1.body.AvailableToTransact }}"
              },
              "reset": "none",
              "auto": "always"
            }
          }
        }
      }
    }
  },
  "eventListeners": {
    "ojButtonOjAction": {
      "chains": [
        {
          "chainId": "ButtonActionChain",
          "parameters": {
            "detail": "{{ $event.detail }}"
          }
        }
      ]
    }
  },
  "imports": {
    "components": {
      "oj-ext-mobile-page-template": {
        "path": "vb/components/mobile-page-template/loader"
      },
      "oj-label": {
        "path": "ojs/ojlabel"
      },
      "oj-input-text": {
        "path": "ojs/ojinputtext"
      },
      "oj-button": {
        "path": "ojs/ojbutton"
      }
    }
  }
}