{
  "pageModelVersion": "19.4.3",
  "title": "",
  "description": "",
  "variables": {
    "getExpenditureTypesLOVListSDP": {
      "type": "vb/ServiceDataProvider",
      "defaultValue": {
        "idAttribute": "ExpenditureCategoryId",
        "itemsPath": "items",
        "responseType": "page:getExpenditureTypesLOVResponse",
        "fetchChainId": "getExpenditureTypesLOVFetchAction"
      }
    }
  },
  "metadata": {},
  "types": {
    "getExpenditureTypesLOVResponse": {
      "items": [
        {
          "ExpenditureCategory": "string",
          "ExpenditureCategoryId": "number",
          "ExpenditureTypeName": "string"
        }
      ]
    },
    "@decorators.getExpenditureTypesLOVResponse": {
      "endpoint": "getExpenditureTypesLOV",
      "service": "expenditureType",
      "path": "response"
    }
  },
  "chains": {
    "ButtonActionChain": {
      "description": "",
      "variables": {
        "detail": {
          "required": true,
          "type": "any",
          "input": "fromCaller"
        }
      },
      "root": "callRestEndpoint1",
      "actions": {
        "callRestEndpoint1": {
          "module": "vb/action/builtin/restAction",
          "parameters": {
            "endpoint": "expenditureType/getExpenditureTypesLOV"
          },
          "outcomes": {
            "failure": "fireNotification1",
            "success": "callModuleFunction1"
          }
        },
        "fireNotification1": {
          "module": "vb/action/builtin/fireNotificationEventAction",
          "parameters": {
            "target": "leaf",
            "summary": "[[ $chain.results.callRestEndpoint1.message.summary ]]",
            "type": "error",
            "displayMode": "persist"
          }
        },
        "callModuleFunction1": {
          "module": "vb/action/builtin/callModuleFunctionAction",
          "parameters": {
            "module": "[[ $page.functions ]]",
            "functionName": "printData"
          },
          "outcomes": {
            "success": "callRestEndpoint2"
          }
        },
        "callRestEndpoint2": {
          "module": "vb/action/builtin/restAction",
          "parameters": {
            "endpoint": "itemsOnHand/postGetItemOnHand",
            "responseType": "getExpenditureTypesLOVResponse"
          },
          "outcomes": {
            "failure": "fireNotification2"
          }
        },
        "fireNotification2": {
          "module": "vb/action/builtin/fireNotificationEventAction",
          "parameters": {
            "target": "leaf",
            "summary": "[[ $chain.results.callRestEndpoint2.message.summary ]]",
            "type": "error",
            "displayMode": "persist"
          }
        }
      }
    },
    "ButtonActionChain1": {
      "description": "",
      "variables": {
        "detail": {
          "required": true,
          "type": "any",
          "input": "fromCaller"
        }
      },
      "root": "callRestEndpoint1",
      "actions": {
        "callRestEndpoint1": {
          "module": "vb/action/builtin/restAction",
          "parameters": {
            "endpoint": "expenditureType/getExpenditureTypesLOV"
          },
          "outcomes": {
            "failure": "fireNotification1"
          }
        },
        "fireNotification1": {
          "module": "vb/action/builtin/fireNotificationEventAction",
          "parameters": {
            "target": "leaf",
            "summary": "[[ $chain.results.callRestEndpoint1.message.summary ]]",
            "type": "error",
            "displayMode": "persist"
          }
        }
      }
    },
    "getExpenditureTypesLOVFetchAction": {
      "root": "callRestEndpoint1",
      "actions": {
        "callRestEndpoint1": {
          "module": "vb/action/builtin/restAction",
          "parameters": {
            "requestType": "json",
            "endpoint": "expenditureType/getExpenditureTypesLOV",
            "responseType": "page:getExpenditureTypesLOVResponse",
            "hookHandler": "{{ $variables.configuration.hookHandler }}"
          },
          "outcomes": {
            "success": "callModuleFunction1"
          }
        },
        "return1": {
          "module": "vb/action/builtin/returnAction",
          "parameters": {
            "outcome": "success",
            "payload": "{{ $chain.results.callRestEndpoint1 }}"
          }
        },
        "callModuleFunction1": {
          "module": "vb/action/builtin/callModuleFunctionAction",
          "parameters": {
            "module": "[[ $page.functions ]]",
            "functionName": "customizedActionChain",
            "params": [
              "{{ $chain.results.callRestEndpoint1.body }}"
            ]
          },
          "outcomes": {
            "success": "return1"
          }
        }
      },
      "variables": {
        "configuration": {
          "type": {
            "hookHandler": "vb/RestHookHandler"
          },
          "input": "fromCaller",
          "required": true
        }
      }
    }
  },
  "eventListeners": {
    "ojButtonOjAction": {
      "chains": [
        {
          "chainId": "ButtonActionChain",
          "parameters": {
            "detail": "{{ $event.detail }}"
          }
        }
      ]
    },
    "ojButtonOjAction2": {
      "chains": [
        {
          "chainId": "ButtonActionChain1",
          "parameters": {
            "detail": "{{ $event.detail }}"
          }
        }
      ]
    }
  },
  "imports": {
    "components": {
      "oj-ext-mobile-page-template": {
        "path": "vb/components/mobile-page-template/loader"
      },
      "oj-button": {
        "path": "ojs/ojbutton"
      },
      "oj-table": {
        "path": "ojs/ojtable"
      },
      "oj-sample-drawer": {
        "path": "oj-sample/drawer/loader"
      }
    }
  }
}