{
  "pageModelVersion": "19.4.3",
  "title": "",
  "description": "",
  "variables": {
    "listData": {
      "type": "vb/ArrayDataProvider2",
      "defaultValue": {
        "itemType": "listData",
        "keyAttributes": "headerId"
      }
    }
  },
  "metadata": {},
  "types": {
    "listData": {
      "headerId": "number",
      "headerName": "string",
      "headerText": "string"
    }
  },
  "chains": {
    "populateData": {
      "root": "assignVariables1",
      "description": "",
      "variables": {},
      "actions": {
        "assignVariables1": {
          "module": "vb/action/builtin/assignVariablesAction",
          "parameters": {
            "$page.variables.listData": {
              "source": {
                "data": [
                  {
                    "headerId": 1,
                    "headerName": "Akshay",
                    "headerText": "Akshay Nayak"
                  },
                  {
                    "headerId": 2,
                    "headerName": "Rohit",
                    "headerText": "Rohit Chaturvedi"
                  },
                  {
                    "headerId": 3,
                    "headerName": "Meghana",
                    "headerText": "Meghana Dundigala"
                  }
                ]
              },
              "reset": "none",
              "auto": "always"
            }
          }
        }
      }
    },
    "ButtonActionChain": {
      "description": "",
      "variables": {
        "detail": {
          "required": true,
          "type": "any",
          "input": "fromCaller"
        }
      },
      "root": "assignVariables1",
      "actions": {
        "assignVariables1": {
          "module": "vb/action/builtin/assignVariablesAction",
          "parameters": {
            "$page.variables.listData": {
              "source": {
                "data": [
                  {
                    "headerId": 4,
                    "headerName": "Sujoy",
                    "headerText": "Sujoy Bhatt"
                  }
                ]
              },
              "reset": "none",
              "auto": "always"
            }
          },
          "outcomes": {
            "success": "callModuleFunction1"
          }
        },
        "callModuleFunction1": {
          "module": "vb/action/builtin/callModuleFunctionAction",
          "parameters": {
            "module": "[[ $page.functions ]]",
            "functionName": "printData",
            "params": [
              "{{ $page.variables.listData.data }}"
            ]
          }
        }
      }
    },
    "ButtonActionChain1": {
      "description": "",
      "variables": {
        "detail": {
          "required": true,
          "type": "any",
          "input": "fromCaller"
        }
      },
      "root": "callModuleFunction1",
      "actions": {
        "callModuleFunction1": {
          "module": "vb/action/builtin/callModuleFunctionAction",
          "parameters": {
            "module": "[[ $page.functions ]]",
            "functionName": "addData",
            "params": [
              "{{ $page.variables.listData.data }}"
            ]
          },
          "outcomes": {
            "success": "assignVariables1"
          }
        },
        "assignVariables1": {
          "module": "vb/action/builtin/assignVariablesAction",
          "parameters": {
            "$page.variables.listData": {
              "source": {
                "data": "{{ $chain.results.callModuleFunction1 }}"
              },
              "reset": "none",
              "auto": "always"
            }
          }
        }
      }
    }
  },
  "eventListeners": {
    "vbEnter": {
      "chains": [
        {
          "chainId": "populateData",
          "parameters": {}
        }
      ]
    },
    "ojButtonOjAction": {
      "chains": [
        {
          "chainId": "ButtonActionChain",
          "parameters": {
            "detail": "{{ $event.detail }}"
          }
        }
      ]
    },
    "ojButtonOjAction2": {
      "chains": [
        {
          "chainId": "ButtonActionChain1",
          "parameters": {
            "detail": "{{ $event.detail }}"
          }
        }
      ]
    }
  },
  "imports": {
    "components": {
      "oj-ext-mobile-page-template": {
        "path": "vb/components/mobile-page-template/loader"
      },
      "oj-list-view": {
        "path": "ojs/ojlistview"
      },
      "oj-vb-list-item": {
        "path": "vb/components/list-item/loader"
      },
      "oj-button": {
        "path": "ojs/ojbutton"
      }
    }
  }
}