{
  "pageModelVersion": "19.4.3",
  "title": "",
  "description": "",
  "variables": {
    "projectNameVar": {
      "type": "string"
    },
    "getFscmRestApiResources1113185ProjectsListSDP": {
      "type": "vb/ServiceDataProvider",
      "defaultValue": {
        "endpoint": "projectsInfo/getFscmRestApiResources11_13_18_05Projects",
        "idAttribute": "ProjectId",
        "itemsPath": "items",
        "responseType": "page:getFscmRestApiResources1113185ProjectsResponse",
        "uriParameters": {
          "q": "{{ 'ProjectName LIKE %'+  $variables.projectNameVar + '%' }}"
        }
      }
    }
  },
  "metadata": {},
  "types": {
    "getFscmRestApiResources1113185ProjectsResponse": {
      "items": [
        {
          "ProjectDescription": "any",
          "ProjectId": "number",
          "ProjectName": "string",
          "ProjectNumber": "string"
        }
      ]
    },
    "@decorators.getFscmRestApiResources1113185ProjectsResponse": {
      "endpoint": "getFscmRestApiResources11_13_18_05Projects",
      "service": "projectsInfo",
      "path": "response"
    }
  },
  "chains": {},
  "eventListeners": {},
  "imports": {
    "components": {
      "oj-ext-mobile-page-template": {
        "path": "vb/components/mobile-page-template/loader"
      },
      "oj-label": {
        "path": "ojs/ojlabel"
      },
      "oj-input-text": {
        "path": "ojs/ojinputtext"
      },
      "oj-list-view": {
        "path": "ojs/ojlistview"
      },
      "oj-vb-list-item": {
        "path": "vb/components/list-item/loader"
      }
    }
  }
}