{
  "pageModelVersion": "19.4.3",
  "title": "",
  "description": "",
  "variables": {
    "empListListSDP2": {
      "type": "vb/ServiceDataProvider",
      "defaultValue": {
        "endpoint": "businessObjects/getall_EmpList",
        "idAttribute": "employeeName",
        "itemsPath": "items",
        "responseType": "page:getallEmpListResponse2"
      }
    },
    "empListListSDP": {
      "type": "vb/ServiceDataProvider",
      "defaultValue": {
        "endpoint": "businessObjects/getall_EmpList",
        "idAttribute": "employeeName",
        "itemsPath": "items",
        "responseType": "page:getallEmpListResponse3"
      }
    },
    "empListListSDP3": {
      "type": "vb/ServiceDataProvider",
      "defaultValue": {
        "endpoint": "businessObjects/getall_EmpList",
        "idAttribute": "employeeName",
        "itemsPath": "items",
        "responseType": "page:getallEmpListResponse4"
      }
    },
    "EmpList": {
      "type": "vb/ArrayDataProvider2"
    },
    "selection": {
      "type": "string"
    }
  },
  "metadata": {},
  "types": {
    "getallEmpListResponse": {
      "items": [
        {
          "employeeName": "string",
          "id": "number"
        }
      ]
    },
    "@decorators.getallEmpListResponse": {
      "endpoint": "getall_EmpList",
      "service": "businessObjects",
      "path": "response"
    },
    "getallEmpListResponse2": {
      "items": [
        {
          "employeeName": "string"
        }
      ]
    },
    "@decorators.getallEmpListResponse2": {
      "endpoint": "getall_EmpList",
      "service": "businessObjects",
      "path": "response"
    },
    "getallEmpListResponse3": {
      "items": [
        {
          "employeeName": "string"
        }
      ]
    },
    "@decorators.getallEmpListResponse3": {
      "endpoint": "getall_EmpList",
      "service": "businessObjects",
      "path": "response"
    },
    "getallEmpListResponse4": {
      "items": [
        {
          "employeeName": "string"
        }
      ]
    },
    "@decorators.getallEmpListResponse4": {
      "endpoint": "getall_EmpList",
      "service": "businessObjects",
      "path": "response"
    },
    "EmpList_Type": {
      "EmpName": "string"
    }
  },
  "chains": {
    "ComboboxOneValueChangeChain": {
      "description": "",
      "variables": {
        "value": {
          "type": "string",
          "required": true,
          "input": "fromCaller"
        }
      },
      "root": "assignVariables1",
      "actions": {
        "assignVariables1": {
          "module": "vb/action/builtin/assignVariablesAction",
          "parameters": {
            "$page.variables.selection": {
              "source": "{{ $chain.variables.value }}"
            }
          },
          "outcomes": {
            "success": "callModuleFunction1"
          }
        },
        "callModuleFunction1": {
          "module": "vb/action/builtin/callModuleFunctionAction",
          "parameters": {
            "module": "[[ $page.functions ]]",
            "functionName": "workWithCollection",
            "params": [
              "{{ $page.variables.empListListSDP2 }}",
              "{{ $page.variables.selection }}"
            ]
          }
        }
    }
    },
    "ButtonActionChain": {
      "description": "",
      "variables": {
        "detail": {
          "required": true,
          "type": "any",
          "input": "fromCaller"
        }
      },
      "root": "callComponentMethod1",
      "actions": {
        "callComponentMethod1": {
          "module": "vb/action/builtin/callComponentMethodAction",
          "parameters": {
            "component": "{{ document.getElementById('oj-dialog-1409329249-1') }}",
            "method": "open",
            "params": [
              "{{ $page.variables.selection }}"
            ]
          }
        }
      }
    }
  },
  "eventListeners": {
    "ojComboboxOne14093292491Value": {
      "chains": [
        {
          "chainId": "ComboboxOneValueChangeChain",
          "parameters": {
            "value": "{{ $event.detail.value }}"
          }
        }
      ]
    },
    "ojButtonOjAction": {
      "chains": [
        {
          "chainId": "ButtonActionChain",
          "parameters": {
            "detail": "{{ $event.detail }}"
          }
        }
      ]
    }
  },
  "imports": {
    "components": {
      "oj-ext-mobile-page-template": {
        "path": "vb/components/mobile-page-template/loader"
      },
      "oj-label": {
        "path": "ojs/ojlabel"
      },
      "oj-combobox-one": {
        "path": "ojs/ojselectcombobox"
      },
      "oj-select-single": {
        "path": "ojs/ojselectsingle"
      },
      "oj-input-text": {
        "path": "ojs/ojinputtext"
      },
      "oj-dialog": {
        "path": "ojs/ojdialog"
      },
      "oj-button": {
        "path": "ojs/ojbutton"
      }
    }
  }
}