{
  "pageModelVersion": "19.4.3",
  "title": "",
  "description": "",
  "variables": {
    "Items": {
      "type": "vb/ArrayDataProvider2",
      "defaultValue": {
        "itemType": "Item"
      }
    },
    "total": {
      "type": "number"
    }
  },
  "metadata": {},
  "types": {
    "Item": {
      "Name": "string",
      "Quantity": "number"
    }
  },
  "chains": {
    "loadData": {
      "root": "assignVariables1",
      "description": "",
      "variables": {},
      "actions": {
        "assignVariables1": {
          "module": "vb/action/builtin/assignVariablesAction",
          "parameters": {
            "$page.variables.Items": {
              "source": {
                  "data": [
                    {
                      "Name": "Pencil",
                      "Quantity": 20
                    },
                    {
                      "Name": "Pen",
                      "Quantity": 10
                    }
                  ]
                },
              "auto": "always"
            }
          }
        }
      }
    },
    "ButtonActionChain": {
      "description": "",
      "variables": {
        "detail": {
          "required": true,
          "type": "any",
          "input": "fromCaller"
        }
      },
      "root": "callModuleFunction1",
      "actions": {
        "callModuleFunction1": {
          "module": "vb/action/builtin/callModuleFunctionAction",
          "parameters": {
            "module": "[[ $page.functions ]]",
            "functionName": "sum",
            "params": [
              "{{ $page.variables.Items.data }}"
            ],
            "returnType": "number"
          },
          "outcomes": {
            "success": "assignVariables1"
          }
        },
        "assignVariables1": {
          "module": "vb/action/builtin/assignVariablesAction",
          "parameters": {
            "$page.variables.total": {
              "source": "{{ $chain.results.callModuleFunction1 }}"
            }
          }
        }
      }
    }
  },
  "eventListeners": {
    "vbEnter": {
      "chains": [
        {
          "chainId": "loadData",
          "parameters": {}
        }
      ]
    },
    "ojButtonOjAction": {
      "chains": [
        {
          "chainId": "ButtonActionChain",
          "parameters": {
            "detail": "{{ $event.detail }}"
          }
        }
      ]
    }
  },
  "imports": {
    "components": {
      "oj-ext-mobile-page-template": {
        "path": "vb/components/mobile-page-template/loader"
      },
      "oj-table": {
        "path": "ojs/ojtable"
      },
      "oj-label": {
        "path": "ojs/ojlabel"
      },
      "oj-input-text": {
        "path": "ojs/ojinputtext"
      },
      "oj-button": {
        "path": "ojs/ojbutton"
      }
    }
  }
}