{
    "profiles": [
        {
            "displayName": "Base configuration",
            "id": "base_configuration",
            "description": "Default development profile in VBCS",
            "mobileBuildConfiguration": {
                "getcredentials": {
                    "android": "Config1_007793650815939257"
                }
            }
        }
    ],
    "defaults": {
        "dev": "base_configuration",
        "stage": "base_configuration",
        "publish": "base_configuration"
    }
}