{
    "items": [
        {
            "ShipToLocation": "255 George Street,Sydney,NSW,2000,AU",
            "Customer": "XYZ Customer",
            "DestinationAccount": null,
            "DestinationLocator": null,
            "DestinationSubinventory": "DISPATCH",
            "Item": "218A",
            "TransactionId": 106211,
            "PickSlip": 70012,
            "PickSlipLine": 11,
            "RequestedQuantity": 1,
            "RequiredDate": "2020-12-15",
            "Revision": null,
            "SecondaryRequestedQuantity": null,
            "SecondaryUOM": null,
            "ShippingPriority": null,
            "SourceLocator": null,
            "SourceOrder": "534",
            "SourceOrderLine": "29",
            "SourceSubinventory": "AAPOL",
            "TransactionType": "Sales Order Pick",
            "UOM": "Each",
            "MovementRequest": "117041",
            "MovementRequestLine": 11,
            "AllowUseOfCommonSuppliesFlag": true,
            "MaximumPickedQuantity": 31,
            "inventoryAttributesDFF": [
                {
                    "TransactionId": 106211,
                    "projectId": null,
                    "projectId_Display": null,
                    "taskId": null,
                    "taskId_Display": null,
                    "countryOfOriginCode": null,
                    "countryOfOriginCode_Display": null,
                    "__FLEX_Context": null,
                    "__FLEX_Context_DisplayValue": null
                }
            ]
        },
        {
            "ShipToLocation": "255 George Street,Sydney,NSW,2000,AU",
            "Customer": "XYZ Customer",
            "DestinationAccount": null,
            "DestinationLocator": null,
            "DestinationSubinventory": "DISPATCH",
            "Item": "218A",
            "TransactionId": 106213,
            "PickSlip": 70012,
            "PickSlipLine": 12,
            "RequestedQuantity": 1,
            "RequiredDate": "2020-12-15",
            "Revision": null,
            "SecondaryRequestedQuantity": null,
            "SecondaryUOM": null,
            "ShippingPriority": null,
            "SourceLocator": null,
            "SourceOrder": "534",
            "SourceOrderLine": "26",
            "SourceSubinventory": "AACBL",
            "TransactionType": "Sales Order Pick",
            "UOM": "Each",
            "MovementRequest": "117041",
            "MovementRequestLine": 12,
            "AllowUseOfCommonSuppliesFlag": true,
            "MaximumPickedQuantity": 31,
            "inventoryAttributesDFF": [
                {
                    "TransactionId": 106213,
                    "projectId": 300000003071923,
                    "projectId_Display": "1000",
                    "taskId": 100000004168139,
                    "taskId_Display": "2.1",
                    "countryOfOriginCode": null,
                    "countryOfOriginCode_Display": null,
                    "__FLEX_Context": null,
                    "__FLEX_Context_DisplayValue": null
                }
            ]
        },
        {
            "ShipToLocation": "255 George Street,Sydney,NSW,2000,AU",
            "Customer": "XYZ Customer",
            "DestinationAccount": null,
            "DestinationLocator": null,
            "DestinationSubinventory": "DISPATCH",
            "Item": "218A",
            "TransactionId": 106215,
            "PickSlip": 70012,
            "PickSlipLine": 13,
            "RequestedQuantity": 1,
            "RequiredDate": "2020-12-15",
            "Revision": null,
            "SecondaryRequestedQuantity": null,
            "SecondaryUOM": null,
            "ShippingPriority": null,
            "SourceLocator": null,
            "SourceOrder": "534",
            "SourceOrderLine": "31",
            "SourceSubinventory": "AACBL",
            "TransactionType": "Sales Order Pick",
            "UOM": "Each",
            "MovementRequest": "117041",
            "MovementRequestLine": 13,
            "AllowUseOfCommonSuppliesFlag": true,
            "MaximumPickedQuantity": 31,
            "inventoryAttributesDFF": [
                {
                    "TransactionId": 106215,
                    "projectId": 300000003071923,
                    "projectId_Display": "1000",
                    "taskId": 100000004168139,
                    "taskId_Display": "2.1",
                    "countryOfOriginCode": null,
                    "countryOfOriginCode_Display": null,
                    "__FLEX_Context": null,
                    "__FLEX_Context_DisplayValue": null
                }
            ]
        },
        {
            "ShipToLocation": "255 George Street,Sydney,NSW,2000,AU",
            "Customer": "XYZ Customer",
            "DestinationAccount": null,
            "DestinationLocator": null,
            "DestinationSubinventory": "DISPATCH",
            "Item": "218A",
            "TransactionId": 106217,
            "PickSlip": 70012,
            "PickSlipLine": 14,
            "RequestedQuantity": 1,
            "RequiredDate": "2020-12-15",
            "Revision": null,
            "SecondaryRequestedQuantity": null,
            "SecondaryUOM": null,
            "ShippingPriority": null,
            "SourceLocator": null,
            "SourceOrder": "534",
            "SourceOrderLine": "32",
            "SourceSubinventory": "AACBL",
            "TransactionType": "Sales Order Pick",
            "UOM": "Each",
            "MovementRequest": "117041",
            "MovementRequestLine": 14,
            "AllowUseOfCommonSuppliesFlag": true,
            "MaximumPickedQuantity": 31,
            "inventoryAttributesDFF": [
                {
                    "TransactionId": 106217,
                    "projectId": 300000003071923,
                    "projectId_Display": "1000",
                    "taskId": 100000004168136,
                    "taskId_Display": "1.1",
                    "countryOfOriginCode": null,
                    "countryOfOriginCode_Display": null,
                    "__FLEX_Context": null,
                    "__FLEX_Context_DisplayValue": null
                }
            ]
        },
        {
            "ShipToLocation": "255 George Street,Sydney,NSW,2000,AU",
            "Customer": "XYZ Customer",
            "DestinationAccount": null,
            "DestinationLocator": null,
            "DestinationSubinventory": "DISPATCH",
            "Item": "218A",
            "TransactionId": 106219,
            "PickSlip": 70012,
            "PickSlipLine": 15,
            "RequestedQuantity": 1,
            "RequiredDate": "2020-12-15",
            "Revision": null,
            "SecondaryRequestedQuantity": null,
            "SecondaryUOM": null,
            "ShippingPriority": null,
            "SourceLocator": null,
            "SourceOrder": "534",
            "SourceOrderLine": "28",
            "SourceSubinventory": "AAPOL",
            "TransactionType": "Sales Order Pick",
            "UOM": "Each",
            "MovementRequest": "117041",
            "MovementRequestLine": 15,
            "AllowUseOfCommonSuppliesFlag": true,
            "MaximumPickedQuantity": 31,
            "inventoryAttributesDFF": [
                {
                    "TransactionId": 106219,
                    "projectId": null,
                    "projectId_Display": null,
                    "taskId": null,
                    "taskId_Display": null,
                    "countryOfOriginCode": null,
                    "countryOfOriginCode_Display": null,
                    "__FLEX_Context": null,
                    "__FLEX_Context_DisplayValue": null
                }
            ]
        }
    ],
    "count": 5,
    "hasMore": true,
    "limit": 5,
    "offset": 0,
    "links": [
        {
            "rel": "self",
            "href": "https://enno-dev2.fa.ap1.oraclecloud.com:443/fscmRestApi/resources/11.13.18.05/pickSlipDetails/70012/child/pickLines",
            "name": "pickLines",
            "kind": "collection"
        }
    ]
}