{
  "flowModelVersion": "19.4.3",
  "id": "inventory",
  "description": "Flow main",
  "defaultPage": "inv_main",
  "chains": {
    "loadData": {
      "root": "callRestEndpoint1",
      "description": "",
      "variables": {},
      "actions": {
        "callRestEndpoint1": {
          "module": "vb/action/builtin/restAction",
          "parameters": {
            "endpoint": "oicService/getBusinessUnits",
            "body": {
              "username": "sujoy.bhattacharjee@essentialenergy.com.au"
            }
          },
          "outcomes": {
            "failure": "fireNotification1",
            "success": "callModuleFunction1"
          }
        },
        "fireNotification1": {
          "module": "vb/action/builtin/fireNotificationEventAction",
          "parameters": {
            "target": "leaf",
            "summary": "[[ $chain.results.callRestEndpoint1.message.summary ]]",
            "type": "error",
            "displayMode": "persist"
          }
        },
        "assignVariables1": {
          "module": "vb/action/builtin/assignVariablesAction",
          "parameters": {
            "$flow.variables.va_businessUnit": {
              "source": {
                "data": "{{ $chain.results.callRestEndpoint1.body }}"
              },
              "reset": "none",
              "auto": "always"
            }
          }
        },
        "callModuleFunction1": {
          "module": "vb/action/builtin/callModuleFunctionAction",
          "parameters": {
            "module": "[[ $flow.functions ]]",
            "functionName": "printData",
            "params": [
              "{{ $chain.results.callRestEndpoint1.body }}"
            ]
          },
          "outcomes": {
            "success": "assignVariables1"
          }
        }
      }
    }
  },
  "services": {},

  "variables": {
    "editSubInvListVarADP": {
      "type": "vb/ArrayDataProvider2",
      "defaultValue": {
        "itemType": "subInventoryType",
        "keyAttributes": "SUBINVENTORY_CODE"
      }
    },
    "editSubInvLocatorVarADP": {
      "type": "vb/ArrayDataProvider2",
      "defaultValue": {
        "itemType": "getSubInvLocatorType",
        "keyAttributes": "INVENTORY_LOCATION_ID"
      }
    },
    "InvFeedWoSearchVar": {
      "type": "string"
    },
    "MandatoryFiedlFlagList": {
      "type": "MandatoryFiedlFlagList",
      "defaultValue": {
        "costCenterFieldFlag": true,
        "invOrgFieldFlag": true,
        "projectFieldFlag": true,
        "taskFieldFlag": true,
        "expenditireFieldFlag": true,
        "itemFieldFlag": true,
        "subInvFieldFlag": true,
        "locatorFieldFlag": true
      }
    },
    "selectedItemQtyRowVar": {
      "type": "ItemQtyAddedListType"
    },
    "va_businessUnit": {
      "type": "vb/ArrayDataProvider2",
      "defaultValue": {
        "itemType": "getBusinessUnits",
        "keyAttributes": "ORGANIZATION_ID"
      }
    },
    "ProjectTaskVar": {
      "type": "vb/ArrayDataProvider2",
      "defaultValue": {
        "itemType": "getProjectTaskType",
        "keyAttributes": "TaskId"
      }
    },
    "ItemProjectWiseListADPVar": {
      "type": "vb/ArrayDataProvider2",
      "defaultValue": {
        "itemType": "ItemProjectWiseListType",
        "keyAttributes": "ItemId"
      }
    },
    "projectSearchVar": {
      "type": "string"
    },
    "transactionType": {
      "type": "string",
      "input": "none"
    },
    "transactionTypeDisplayName": {
      "type": "string"
    },
    "searchItemNumberVar": {
      "type": "string"
    },
    "callItemActionChainFlag": {
      "type": "string"
    },
    "subInvLocatorVarADP": {
      "type": "vb/ArrayDataProvider2",
      "defaultValue": {
        "itemType": "getSubInvLocatorType",
        "keyAttributes": "INVENTORY_LOCATION_ID"
      }
    },
    "subInvListVarADP": {
      "type": "vb/ArrayDataProvider2",
      "defaultValue": {
        "itemType": "subInventoryType",
        "keyAttributes": "SUBINVENTORY_CODE"
      }
    },
    "accountInfoVar": {
      "type": "accountInfo"
    },
    "expandTab": {
      "type": "number",
      "defaultValue": 0
    },
    "itemOnHandScreenItemNumberVar": {
      "type": "string"
    },
    "itemOnHandScreenBusinessUnitIDVar": {
      "type": "string"
    },
    "itemOnHandItemSearchFlag": {
      "type": "boolean",
      "defaultValue": true
    },
    "ItemQtyAddedListVarADP": {
      "type": "vb/ArrayDataProvider2",
      "defaultValue": {
        "itemType": "ItemQtyAddedListType",
        "keyAttributes": [
            "Id"
          ]
      }
    },
    "finalItemListVarADP": {
      "type": "vb/ArrayDataProvider2",
      "defaultValue": {
        "itemType": "finalItemListType"
      }
    },
    "bookoutHeaderType": {
      "type": "bookoutHeaderType"
    },
    "bookoutLineType": {
      "type": "bookoutLineType",
      "defaultValue": {
        "account": "519005"
      }
    },
    "PickFeedBackVar": {
      "type": {
        "OrderHeaderId": "number",
        "OrderKey": "string",
        "OrderNumber": "string",
        "OrderLineID": "number",
        "OrderLineNumber": "string",
        "PickSlipNumber": "string",
        "itemId": "number",
        "itemNumber": "string",
        "itemDescription": "string",
        "itemUOM": "string",
        "subinventorycode": "string",
        "locatorId": "number",
        "locatorSegment": "string",
        "requestedQuantity": "number",
        "availableQuantity": "number",
        "quantityToReserve": "number",
        "cancelFlag": "boolean",
        "projectId": "number",
        "BusinessUnit": "string",
        "OrgId": "string",
        "OrderSearchVar": "string"
      }
    },
    "InvFeedOrderSearchVar": {
      "type": "string"
    },
    "expenditureTypeADP": {
      "type": "vb/ArrayDataProvider2",
      "defaultValue": {
        "itemType": "expenditureType"
      }
    },
    "departmentListADP": {
      "type": "vb/ArrayDataProvider2",
      "defaultValue": {
        "itemType": "getdeptlistType",
        "keyAttributes": "dept"
      }
    }
  },
  "types": {
    "getProjectTaskType": {
      "TaskId": "string",
      "TaskName": "string",
      "TaskNumber": "string"
    },
    "ItemProjectWiseListType": {
      "AvailableQuantity": "number",
      "ItemId": "number",
      "SubInvCode": "string",
      "ItemNumber": "string",
      "LocatorId": "number",
      "ProjectId": "number",
      "OrganizationId": "number",
      "TaskId": "number",
      "segment1": "string",
      "segment2": "string",
      "segment3": "string",
      "segment4": "string",
      "segment5": "string",
      "projectNumber": "string",
      "taskNumber": "string"
    },
    "@decorators.getBusinessUnits": {
      "endpoint": "getBusinessUnits",
      "service": "oicService",
      "path": "response"
    },
    "getBusinessUnits": {
      "DESCRIPTION": "string",
      "LOCATION_CODE": "string",
      "LOCATION_NAME": "string",
      "NAME": "string",
      "ORGANIZATION_CODE": "string",
      "ORGANIZATION_ID": "string",
      "SEGMENT1": "string"
    },
    "@decorators.getSubInvLocatorType": {
      "endpoint": "getSubInvLocator",
      "service": "oicService",
      "path": "response"
    },
    "getSubInvLocatorType": {
      "INVENTORY_LOCATION_ID": "string",
      "LOCATOR": "string",
      "SEGMENT1": "string",
      "SEGMENT2": "string",
      "SEGMENT3": "string",
      "SEGMENT4": "string",
      "SEGMENT5": "string",
      "SUBINVENTORY_CODE": "string",
      "SUBINVENTORY_ID": "string"
    },
    "@decorators.subInventoryType": {
      "endpoint": "getSubInvLocator",
      "service": "oicService",
      "path": "response"
    },
    "MandatoryFiedlFlagList": {
        "invOrgFieldFlag": "boolean",
        "projectFieldFlag": "boolean",
        "taskFieldFlag": "boolean",
        "costCenterFieldFlag": "boolean",
        "expenditireFieldFlag": "boolean",
        "itemFieldFlag": "boolean",
        "subInvFieldFlag": "boolean",
        "locatorFieldFlag": "boolean"
    },
    "subInventoryType": {
      "SUBINVENTORY_CODE": "string",
      "SUBINVENTORY_ID": "string"
    },
    "accountInfo": {
      "ppe_account": "number",
      "tools_account": "number"
    },
    "finalItemListType": {
      "AvailableQuantity": "number",
      "ItemId": "string",
      "ItemNumber": "string",
      "ProjectId": "string",
      "SubInvCode": "string",
      "LocatorId": "string",
      "OrganizationId": "string",
      "TaskId": "string",
      "segment1": "string",
      "segment2": "string",
      "segment3": "string",
      "segment4": "string",
      "segment5": "string",
      "projectNumber": "string",
      "taskNumber": "string"
    },
    "ItemQtyAddedListType": {
      "AddedQty": "number",
      "Id": "number",
      "ItemDesc": "string",
      "ItemId": "string",
      "ItemNumber": "string",
      "OrganizationId": "string",
      "dstSegment1": "string",
      "dstSegment2": "string",
      "dstSegment3": "string",
      "dstSegment4": "string",
      "dstSegment5": "string",
      "itemUomVar": "string",
      "organizationCode": "string",
      "pjcOrganizationId": "string",
      "pjcExpenditureTypeId": "string",
      "itemType": "string",
      "segment1": "string",
      "segment2": "string",
      "segment3": "string",
      "segment4": "string",
      "locatorId": "string",
      "subInvCode": "string"
    },
    "bookoutHeaderType": {
       "bsinessUnitVar": "number",
    "departmentVar" : "string",
    "locationCodeVar": "string",
    "projectIdVar": "string",
    "projectNumberVar":"string",
    "selectedProjectVar": "string",
    "taskIdVar": "string",
      "segment1": "string",
      "organizationName": "string",
      "taskNumber": "string",
      "pjcOrganizationId": "string",
      "expenditureTypeId": "string"
    },
    "bookoutLineType": {
       "itemNumberVar":"string",
       "itemDescVar":"string",
       "itemIdVar": "number",
       "itemPrimaryUOMVar":"string",
       "locatorIdVar": "string",
       "subInvCodeVar": "string",
      "account": "string",
      "segment1": "string",
      "segment2": "string",
      "segment3": "string",
      "segment4": "string",
      "segment5": "string"
    },
    "expenditureType": {
      "ExpTypeID": "string",
      "ExpTypeName": "string"
    },
    "getdeptlistType": {
      "dept": "string",
      "exp_org": "string",
      "pjcOrganizationId": "string"
    },
    "@decorators.getdeptlistType": {
      "endpoint": "get_dept_list",
      "service": "oicService",
      "path": "response"
    }
  },
  "eventListeners": {
    "vbEnter": {
      "chains": [
        {
          "chainId": "loadData",
          "parameters": {}
        }
      ]
    }
  }
}