{
    "fields": [
        {
            "displayLabel": "Id",
            "internal": true,
            "key": true,
            "name": "id",
            "oid": "85f48657-2c18-46fe-8d83-57afea2ad64a",
            "required": true,
            "type": "number",
            "unique": true
        },
        {
            "displayLabel": "Created",
            "internal": true,
            "name": "creationDate",
            "oid": "374b435d-ab2b-40cc-997b-0495201635a9",
            "type": "datetime"
        },
        {
            "displayLabel": "Last Updated",
            "internal": true,
            "name": "lastUpdateDate",
            "oid": "0a230af1-b0cb-4c48-994d-d24e3a0982bd",
            "type": "datetime"
        },
        {
            "displayLabel": "Created By",
            "internal": true,
            "name": "createdBy",
            "oid": "747870ce-a93d-4072-89d3-a3a1188c08bd",
            "type": "string"
        },
        {
            "displayLabel": "Last Updated By",
            "internal": true,
            "name": "lastUpdatedBy",
            "oid": "61d2c1f5-b7b8-4c77-869f-9cd11d47f3b0",
            "type": "string"
        },
        {
            "displayLabel": "<internal>",
            "hidden": true,
            "internal": true,
            "name": "abcsChangeNumber",
            "oid": "4510f3ef-650e-42b3-be33-2b5d025d9385",
            "type": "number"
        },
        {
            "name": "employeeName",
            "oid": "bd456db2-4235-4bc1-9f76-bc63dd0a2dcd",
            "displayLabel": "Employee Name",
            "type": "string"
        }
    ],
    "name": "EmpList",
    "oid": "352a9b2d-150b-425e-8df5-af94b8478516",
    "displayLabel": "EmpList"
}