{
  "pageModelVersion": "2010.0.0",
  "title": "",
  "description": "",
  "variables": {
    "endDateVar": {
      "type": "string"
    },
    "headerDivFlag": {
      "type": "boolean",
      "defaultValue": false
    },
    "headerRequestVar": {
      "type": "getTransactionHeaderDetailsType"
    },
    "lineDivFlag": {
      "type": "boolean",
      "defaultValue": true
    },
    "myReqestHeaderADP": {
      "type": "vb/ArrayDataProvider2",
      "defaultValue": {
        "itemType": "getTransactionHeaderDetailsType",
        "keyAttributes": [
          "REQUEST_HEADER_ID"
        ]
      }
    },
    "myRequestLineADP": {
      "type": "vb/ArrayDataProvider2",
      "defaultValue": {
        "itemType": "getTransactionLinesDetailType",
        "keyAttributes": [
          "REQUEST_LINE_ID"
        ]
      }
    },
    "startDateVar": {
      "type": "string"
    },
    "transactionTypeVar": {
      "type": "string"
    }
  },
  "metadata": {},
  "types": {
    "@decorators.getTransactionHeaderDetailsType": {
      "endpoint": "getTransactionHeaderDetails",
      "service": "oicService",
      "path": "response"
    },
    "@decorators.getTransactionLinesDetailType": {
      "endpoint": "getTransactionLinesDetail",
      "service": "oicService",
      "path": "response"
    },
    "getTransactionHeaderDetailsType": {
      "CREATED_BY": "string",
      "CREATION_DATE": "string",
      "ERROR_MESSAGE": "string",
      "LAST_UPDATE_DATE": "string",
      "LAST_UPDATE_LOGIN": "string",
      "LAST_UPDATED_BY": "string",
      "OIC_INSTANCE_ID": "string",
      "REQUEST_HEADER_ID": "string",
      "REQUEST_STATUS": "string",
      "REQUEST_TYPE": "string"
    },
    "getTransactionLinesDetailType": {
      "CREATED_BY": "string",
      "CREATION_DATE": "string",
      "ITEMNUMBER": "string",
      "LAST_UPDATE_LOGIN": "string",
      "LAST_UPDATED_BY": "string",
      "LOC_SEGMENT1": "string",
      "LOC_SEGMENT2": "string",
      "LOC_SEGMENT3": "string",
      "ORGANIZATIONNAME": "string",
      "PROJECTNUMBER": "string",
      "REC_STATUS": "string",
      "REQUEST_HEADER_ID": "string",
      "REQUEST_LINE_ID": "string",
      "SUBINVENTORYCODE": "string",
      "TASKNAME": "string",
      "TRANSACTIONQUANTITY": "string",
      "TRANSACTIONUNITOFMEASURE": "string"
    }
  },
  "chains": {
    "divClickChain": {
      "description": "",
      "root": "resetVariables1",
      "actions": {
        "fireNotification2": {
          "module": "vb/action/builtin/fireNotificationEventAction",
          "parameters": {
            "target": "leaf",
            "summary": "[[ $chain.results.callTransactionLinesDetailRestEndpoint.message.summary ]]",
            "type": "error",
            "displayMode": "persist"
          }
        },
        "callTransactionLinesDetailRestEndpoint": {
          "module": "vb/action/builtin/restAction",
          "parameters": {
            "endpoint": "oicService/getTransactionLinesDetail",
            "uriParams": {
              "RequestHeaderId": "{{ $variables.detail }}"
            }
          },
          "outcomes": {
            "failure": "fireNotification2",
            "success": "assignVariables1"
          }
        },
        "assignVariables1": {
          "module": "vb/action/builtin/assignVariablesAction",
          "parameters": {
            "$page.variables.myRequestLineADP": {
              "source": {
                "data": "{{ $chain.results.callTransactionLinesDetailRestEndpoint.body }}"
              },
              "reset": "none",
              "auto": "always"
            }
          },
          "outcomes": {
            "success": "callModuleFunction1"
          }
        },
        "assignVariables2": {
          "module": "vb/action/builtin/assignVariablesAction",
          "parameters": {
            "$page.variables.lineDivFlag": {
              "source": false
            },
            "$page.variables.headerDivFlag": {
              "source": true
            }
          },
          "outcomes": {
            "success": "callTransactionLinesDetailRestEndpoint"
          }
        },
        "resetVariables1": {
          "module": "vb/action/builtin/resetVariablesAction",
          "outcomes": {
            "success": "assignVariables2"
          },
          "parameters": {
            "variables": [
              "$page.variables.myRequestLineADP"
            ]
          }
        },
        "callModuleFunction1": {
          "module": "vb/action/builtin/callModuleFunctionAction",
          "parameters": {
            "module": "[[ $functions ]]",
            "functionName": "printdata",
            "params": [
              "{{ $page.variables.myRequestLineADP.data }}"
            ]
          },
          "outcomes": {}
        }
    },
      "variables": {
        "detail": {
          "required": true,
          "type": "any",
          "input": "fromCaller"
        },
        "key": {
          "required": true,
          "type": "any",
          "input": "fromCaller"
        },
        "index": {
          "required": true,
          "type": "number",
          "input": "fromCaller"
        },
        "current": {
          "required": true,
          "type": "any",
          "input": "fromCaller"
        }
      }
    },
    "DrawerActionChain": {
      "description": "",
      "root": "fireCustomEvent1",
      "actions": {
        "fireCustomEvent1": {
          "module": "vb/action/builtin/fireCustomEventAction",
          "parameters": {
            "name": "application:navigateToItem",
            "payload": {
              "item": "{{ $variables.detail }}"
            }
          }
        }
      },
      "variables": {
        "detail": {
          "required": true,
          "type": "any",
          "input": "fromCaller"
        }
      }
    },
    "SearchButtonActionChain": {
      "description": "",
      "root": "resetVariables1",
      "actions": {
        "assignVariables1": {
          "module": "vb/action/builtin/assignVariablesAction",
          "parameters": {
            "$page.variables.myReqestHeaderADP": {
              "source": {
                "data": "{{ $chain.results.callTransationHeaderDetailsRestEndpoint.body }}"
              },
              "reset": "none",
              "auto": "always"
            }
          },
          "outcomes": {
            "success": "callModuleFunction1"
          }
        },
        "fireNotification1": {
          "module": "vb/action/builtin/fireNotificationEventAction",
          "parameters": {
            "target": "leaf",
            "summary": "[[ $chain.results.callTransationHeaderDetailsRestEndpoint.message.summary ]]",
            "type": "error",
            "displayMode": "persist"
          }
        },
        "callTransationHeaderDetailsRestEndpoint": {
          "module": "vb/action/builtin/restAction",
          "parameters": {
            "endpoint": "oicService/getTransactionHeaderDetails",
            "uriParams": {
              "RequestType": "{{ $page.variables.transactionTypeVar == undefined ?'': $page.variables.transactionTypeVar }}",
              "EndDate": "{{ $page.variables.endDateVar == undefined ?'': $page.variables.endDateVar }}",
              "StartDate": "{{ $page.variables.startDateVar == undefined?'': $page.variables.startDateVar }}"
            }
          },
          "outcomes": {
            "failure": "fireNotification1",
            "success": "assignVariables1"
          }
        },
        "callModuleFunction1": {
          "module": "vb/action/builtin/callModuleFunctionAction",
          "parameters": {
            "module": "[[ $functions ]]",
            "functionName": "printdata",
            "params": [
              "{{ $page.variables.myReqestHeaderADP.data }}"
            ]
          }
        },
        "resetVariables1": {
          "module": "vb/action/builtin/resetVariablesAction",
          "outcomes": {
            "success": "callTransationHeaderDetailsRestEndpoint"
          },
          "parameters": {
            "variables": [
              "$page.variables.myReqestHeaderADP",
              "$page.variables.myRequestLineADP"
            ]
          }
        }
      },
      "variables": {
        "detail": {
          "required": true,
          "type": "any",
          "input": "fromCaller"
        }
      }
    },
    "BackButtonActionChain": {
      "description": "",
      "root": "assignVariables1",
      "actions": {
        "assignVariables1": {
          "module": "vb/action/builtin/assignVariablesAction",
          "parameters": {
            "$page.variables.lineDivFlag": {
              "source": true
            },
            "$page.variables.headerDivFlag": {
              "source": false
            }
          }
        }
      },
      "variables": {
        "detail": {
          "required": true,
          "type": "any",
          "input": "fromCaller"
        }
      }
    },
    "RestButtonActionChain": {
      "description": "",
      "root": "resetVariables1",
      "actions": {
        "resetVariables1": {
          "module": "vb/action/builtin/resetVariablesAction",
          "parameters": {
            "variables": [
              "$page.variables.endDateVar",
              "$page.variables.headerDivFlag",
              "$page.variables.transactionTypeVar",
              "$page.variables.myReqestHeaderADP",
              "$page.variables.myRequestLineADP",
              "$page.variables.lineDivFlag",
              "$page.variables.startDateVar"
            ]
          }
        }
      },
      "variables": {
        "detail": {
          "required": true,
          "type": "any",
          "input": "fromCaller"
        }
      }
    }
  },
  "eventListeners": {
    "aClick": {
      "chains": [
        {
          "chainId": "divClickChain",
          "parameters": {
            "detail": "{{ $current.data.REQUEST_HEADER_ID }}"
          }
        }
      ]
    },
    "ojButtonOjAction": {
      "chains": [
        {
          "chainId": "DrawerActionChain",
          "parameters": {
            "detail": "myRequests"
          }
        }
      ]
    },
    "ojButtonOjAction2": {
      "chains": [
        {
          "chainId": "DrawerActionChain",
          "parameters": {
            "detail": "inventory"
          }
        }
      ]
    },
    "ojButtonOjAction3": {
      "chains": [
        {
          "chainId": "SearchButtonActionChain",
          "parameters": {
            "detail": "{{ $event.detail }}"
          }
        }
      ]
    },
    "ojButtonOjAction4": {
      "chains": [
        {
          "chainId": "DialogOkButtonActionChain",
          "parameters": {
            "detail": "{{ $event.detail }}"
          }
        }
      ]
    },
    "ojButtonOjAction5": {
      "chains": [
        {
          "chainId": "BackButtonActionChain",
          "parameters": {
            "detail": "{{ $event.detail }}"
          }
        }
      ]
    },
    "ojButtonOjAction6": {
      "chains": [
        {
          "chainId": "RestButtonActionChain",
          "parameters": {
            "detail": "{{ $event.detail }}"
          }
        }
      ]
    }
  },
  "imports": {
    "components": {
      "oj-ext-mobile-page-template": {
        "path": "vb/components/mobile-page-template/loader"
      },
      "oj-sample-drawer": {
        "path": "oj-sample/drawer/loader"
      },
      "oj-button": {
        "path": "ojs/ojbutton"
      },
      "oj-combobox-one": {
        "path": "ojs/ojselectcombobox"
      },
      "oj-label": {
        "path": "ojs/ojlabel"
      },
      "oj-option": {
        "path": "ojs/ojoption"
      },
      "oj-input-date": {
        "path": "ojs/ojdatetimepicker"
      },
      "oj-toolbar": {
        "path": "ojs/ojtoolbar"
      },
      "oj-list-view": {
        "path": "ojs/ojlistview"
      },
      "oj-vb-list-item": {
        "path": "vb/components/list-item/loader"
      },
      "oj-table": {
        "path": "ojs/ojtable"
      }
    }
  }
}