{
    "OrganizationCode": "1GRAF",
    "OrganizationId": 300000002124609,
    "ItemNumber": "218",
    "InventoryItemId": 100000002793044,
    "ItemRevision": null,
    "Subinventory": null,
    "LocatorId": null,
    "Lot": null,
    "OwningEntityId": null,
    "PrimaryUnitOfMeasure": "Each",
    "QuantityOnhand": 1257,
    "AvailableToTransact": 702,
    "SecondaryUnitOfMeasure": null,
    "SecondaryQuantityOnhand": null,
    "SecondaryAvailableToTransact": null,
    "ReturnStatus": "SUCCESS",
    "ReturnMessageName": null,
    "ReturnMessageText": null,
    "InventoryProject": null,
    "InventoryProjectId": null,
    "InventoryTask": null,
    "InventoryTaskId": null,
    "InventoryCountryOfOrigin": null,
    "InventoryCountryOfOriginCode": null,
    "Locator": null,
    "OwningPartySite": null,
    "links": [
        {
            "rel": "self",
            "href": "https://enno-dev2.fa.ap1.oraclecloud.com:443/fscmRestApi/resources/11.13.18.05/availableQuantityDetails/99999",
            "name": "availableQuantityDetails",
            "kind": "item"
        },
        {
            "rel": "canonical",
            "href": "https://enno-dev2.fa.ap1.oraclecloud.com:443/fscmRestApi/resources/11.13.18.05/availableQuantityDetails/99999",
            "name": "availableQuantityDetails",
            "kind": "item"
        }
    ]
}