{
    "items": [
        {
            "ExpenditureTypeId": 300000003132667,
            "ExpenditureTypeName": "Direct Overtime",
            "ExpenditureTypeDescription": "Direct Overtime",
            "RevenueCategory": "Labor Costs",
            "RevenueCategoryCode": "ORA_LABOR",
            "UnitOfMeasure": "Hours",
            "UnitOfMeasureCode": "HOURS",
            "ExpenditureCategoryId": 300000003132644,
            "ExpenditureCategory": "Labour",
            "ExpenditureTypeStartDate": "1951-01-01",
            "ExpenditureTypeEndDate": null,
            "links": [
                {
                    "rel": "self",
                    "href": "https://enno-dev2.fa.ap1.oraclecloud.com:443/fscmRestApi/resources/11.13.18.05/expenditureTypesLOV/300000003132667",
                    "name": "expenditureTypesLOV",
                    "kind": "item"
                },
                {
                    "rel": "canonical",
                    "href": "https://enno-dev2.fa.ap1.oraclecloud.com:443/fscmRestApi/resources/11.13.18.05/expenditureTypesLOV/300000003132667",
                    "name": "expenditureTypesLOV",
                    "kind": "item"
                },
                {
                    "rel": "child",
                    "href": "https://enno-dev2.fa.ap1.oraclecloud.com:443/fscmRestApi/resources/11.13.18.05/expenditureTypesLOV/300000003132667/child/ExpenditureTypeClassesLOV",
                    "name": "ExpenditureTypeClassesLOV",
                    "kind": "collection"
                }
            ]
        },
        {
            "ExpenditureTypeId": 300000003132684,
            "ExpenditureTypeName": "Std Labour Eff Variance",
            "ExpenditureTypeDescription": "Std Labour Eff Variance",
            "RevenueCategory": "Labor Costs",
            "RevenueCategoryCode": "ORA_LABOR",
            "UnitOfMeasure": "Hours",
            "UnitOfMeasureCode": "HOURS",
            "ExpenditureCategoryId": 300000003132644,
            "ExpenditureCategory": "Labour",
            "ExpenditureTypeStartDate": "1951-01-01",
            "ExpenditureTypeEndDate": null,
            "links": [
                {
                    "rel": "self",
                    "href": "https://enno-dev2.fa.ap1.oraclecloud.com:443/fscmRestApi/resources/11.13.18.05/expenditureTypesLOV/300000003132684",
                    "name": "expenditureTypesLOV",
                    "kind": "item"
                },
                {
                    "rel": "canonical",
                    "href": "https://enno-dev2.fa.ap1.oraclecloud.com:443/fscmRestApi/resources/11.13.18.05/expenditureTypesLOV/300000003132684",
                    "name": "expenditureTypesLOV",
                    "kind": "item"
                },
                {
                    "rel": "child",
                    "href": "https://enno-dev2.fa.ap1.oraclecloud.com:443/fscmRestApi/resources/11.13.18.05/expenditureTypesLOV/300000003132684/child/ExpenditureTypeClassesLOV",
                    "name": "ExpenditureTypeClassesLOV",
                    "kind": "collection"
                }
            ]
        },
        {
            "ExpenditureTypeId": 300000003162560,
            "ExpenditureTypeName": "Std Materials Recovery",
            "ExpenditureTypeDescription": "Std Materials Recovery",
            "RevenueCategory": "Direct Costs",
            "RevenueCategoryCode": "ORA_DIRECT",
            "UnitOfMeasure": "Currency",
            "UnitOfMeasureCode": "DOLLARS",
            "ExpenditureCategoryId": 300000003073618,
            "ExpenditureCategory": "Materials",
            "ExpenditureTypeStartDate": "1951-01-01",
            "ExpenditureTypeEndDate": null,
            "links": [
                {
                    "rel": "self",
                    "href": "https://enno-dev2.fa.ap1.oraclecloud.com:443/fscmRestApi/resources/11.13.18.05/expenditureTypesLOV/300000003162560",
                    "name": "expenditureTypesLOV",
                    "kind": "item"
                },
                {
                    "rel": "canonical",
                    "href": "https://enno-dev2.fa.ap1.oraclecloud.com:443/fscmRestApi/resources/11.13.18.05/expenditureTypesLOV/300000003162560",
                    "name": "expenditureTypesLOV",
                    "kind": "item"
                },
                {
                    "rel": "child",
                    "href": "https://enno-dev2.fa.ap1.oraclecloud.com:443/fscmRestApi/resources/11.13.18.05/expenditureTypesLOV/300000003162560/child/ExpenditureTypeClassesLOV",
                    "name": "ExpenditureTypeClassesLOV",
                    "kind": "collection"
                }
            ]
        },
        {
            "ExpenditureTypeId": 300000003162608,
            "ExpenditureTypeName": "Travel Domestic",
            "ExpenditureTypeDescription": "Travel Domestic",
            "RevenueCategory": "Billable Expenses",
            "RevenueCategoryCode": "ORA_EXPENSES",
            "UnitOfMeasure": "Currency",
            "UnitOfMeasureCode": "DOLLARS",
            "ExpenditureCategoryId": 300000003132649,
            "ExpenditureCategory": "Travel",
            "ExpenditureTypeStartDate": "1951-01-01",
            "ExpenditureTypeEndDate": null,
            "links": [
                {
                    "rel": "self",
                    "href": "https://enno-dev2.fa.ap1.oraclecloud.com:443/fscmRestApi/resources/11.13.18.05/expenditureTypesLOV/300000003162608",
                    "name": "expenditureTypesLOV",
                    "kind": "item"
                },
                {
                    "rel": "canonical",
                    "href": "https://enno-dev2.fa.ap1.oraclecloud.com:443/fscmRestApi/resources/11.13.18.05/expenditureTypesLOV/300000003162608",
                    "name": "expenditureTypesLOV",
                    "kind": "item"
                },
                {
                    "rel": "child",
                    "href": "https://enno-dev2.fa.ap1.oraclecloud.com:443/fscmRestApi/resources/11.13.18.05/expenditureTypesLOV/300000003162608/child/ExpenditureTypeClassesLOV",
                    "name": "ExpenditureTypeClassesLOV",
                    "kind": "collection"
                }
            ]
        },
        {
            "ExpenditureTypeId": 300000003162613,
            "ExpenditureTypeName": "Travel International",
            "ExpenditureTypeDescription": "Travel International",
            "RevenueCategory": "Billable Expenses",
            "RevenueCategoryCode": "ORA_EXPENSES",
            "UnitOfMeasure": "Currency",
            "UnitOfMeasureCode": "DOLLARS",
            "ExpenditureCategoryId": 300000003132649,
            "ExpenditureCategory": "Travel",
            "ExpenditureTypeStartDate": "1951-01-01",
            "ExpenditureTypeEndDate": null,
            "links": [
                {
                    "rel": "self",
                    "href": "https://enno-dev2.fa.ap1.oraclecloud.com:443/fscmRestApi/resources/11.13.18.05/expenditureTypesLOV/300000003162613",
                    "name": "expenditureTypesLOV",
                    "kind": "item"
                },
                {
                    "rel": "canonical",
                    "href": "https://enno-dev2.fa.ap1.oraclecloud.com:443/fscmRestApi/resources/11.13.18.05/expenditureTypesLOV/300000003162613",
                    "name": "expenditureTypesLOV",
                    "kind": "item"
                },
                {
                    "rel": "child",
                    "href": "https://enno-dev2.fa.ap1.oraclecloud.com:443/fscmRestApi/resources/11.13.18.05/expenditureTypesLOV/300000003162613/child/ExpenditureTypeClassesLOV",
                    "name": "ExpenditureTypeClassesLOV",
                    "kind": "collection"
                }
            ]
        },
        {
            "ExpenditureTypeId": 300000003162645,
            "ExpenditureTypeName": "Legal",
            "ExpenditureTypeDescription": "Legal",
            "RevenueCategory": "Direct Costs",
            "RevenueCategoryCode": "ORA_DIRECT",
            "UnitOfMeasure": "Currency",
            "UnitOfMeasureCode": "DOLLARS",
            "ExpenditureCategoryId": 300000003132647,
            "ExpenditureCategory": "Contractors and Consultants",
            "ExpenditureTypeStartDate": "1951-01-01",
            "ExpenditureTypeEndDate": null,
            "links": [
                {
                    "rel": "self",
                    "href": "https://enno-dev2.fa.ap1.oraclecloud.com:443/fscmRestApi/resources/11.13.18.05/expenditureTypesLOV/300000003162645",
                    "name": "expenditureTypesLOV",
                    "kind": "item"
                },
                {
                    "rel": "canonical",
                    "href": "https://enno-dev2.fa.ap1.oraclecloud.com:443/fscmRestApi/resources/11.13.18.05/expenditureTypesLOV/300000003162645",
                    "name": "expenditureTypesLOV",
                    "kind": "item"
                },
                {
                    "rel": "child",
                    "href": "https://enno-dev2.fa.ap1.oraclecloud.com:443/fscmRestApi/resources/11.13.18.05/expenditureTypesLOV/300000003162645/child/ExpenditureTypeClassesLOV",
                    "name": "ExpenditureTypeClassesLOV",
                    "kind": "collection"
                }
            ]
        },
        {
            "ExpenditureTypeId": 300000003162667,
            "ExpenditureTypeName": "IT Hardware Service Cont",
            "ExpenditureTypeDescription": "IT Hardware Service Cont",
            "RevenueCategory": "Indirect Costs",
            "RevenueCategoryCode": "ORA_INDIRECT",
            "UnitOfMeasure": "Currency",
            "UnitOfMeasureCode": "DOLLARS",
            "ExpenditureCategoryId": 300000003132651,
            "ExpenditureCategory": "IT Expenditure",
            "ExpenditureTypeStartDate": "1951-01-01",
            "ExpenditureTypeEndDate": null,
            "links": [
                {
                    "rel": "self",
                    "href": "https://enno-dev2.fa.ap1.oraclecloud.com:443/fscmRestApi/resources/11.13.18.05/expenditureTypesLOV/300000003162667",
                    "name": "expenditureTypesLOV",
                    "kind": "item"
                },
                {
                    "rel": "canonical",
                    "href": "https://enno-dev2.fa.ap1.oraclecloud.com:443/fscmRestApi/resources/11.13.18.05/expenditureTypesLOV/300000003162667",
                    "name": "expenditureTypesLOV",
                    "kind": "item"
                },
                {
                    "rel": "child",
                    "href": "https://enno-dev2.fa.ap1.oraclecloud.com:443/fscmRestApi/resources/11.13.18.05/expenditureTypesLOV/300000003162667/child/ExpenditureTypeClassesLOV",
                    "name": "ExpenditureTypeClassesLOV",
                    "kind": "collection"
                }
            ]
        },
        {
            "ExpenditureTypeId": 300000003162713,
            "ExpenditureTypeName": "Miscellaneous Exp",
            "ExpenditureTypeDescription": "Miscellaneous Exp",
            "RevenueCategory": "Indirect Costs",
            "RevenueCategoryCode": "ORA_INDIRECT",
            "UnitOfMeasure": "Currency",
            "UnitOfMeasureCode": "DOLLARS",
            "ExpenditureCategoryId": 300000003132653,
            "ExpenditureCategory": "General Expenses",
            "ExpenditureTypeStartDate": "1951-01-01",
            "ExpenditureTypeEndDate": null,
            "links": [
                {
                    "rel": "self",
                    "href": "https://enno-dev2.fa.ap1.oraclecloud.com:443/fscmRestApi/resources/11.13.18.05/expenditureTypesLOV/300000003162713",
                    "name": "expenditureTypesLOV",
                    "kind": "item"
                },
                {
                    "rel": "canonical",
                    "href": "https://enno-dev2.fa.ap1.oraclecloud.com:443/fscmRestApi/resources/11.13.18.05/expenditureTypesLOV/300000003162713",
                    "name": "expenditureTypesLOV",
                    "kind": "item"
                },
                {
                    "rel": "child",
                    "href": "https://enno-dev2.fa.ap1.oraclecloud.com:443/fscmRestApi/resources/11.13.18.05/expenditureTypesLOV/300000003162713/child/ExpenditureTypeClassesLOV",
                    "name": "ExpenditureTypeClassesLOV",
                    "kind": "collection"
                }
            ]
        },
        {
            "ExpenditureTypeId": 300000004444728,
            "ExpenditureTypeName": "AM&E Network Burden",
            "ExpenditureTypeDescription": "AM&E Network Burden",
            "RevenueCategory": "Other Sources",
            "RevenueCategoryCode": "ORA_OTHER",
            "UnitOfMeasure": "Currency",
            "UnitOfMeasureCode": "DOLLARS",
            "ExpenditureCategoryId": 300000004444719,
            "ExpenditureCategory": "Burden",
            "ExpenditureTypeStartDate": "1951-01-01",
            "ExpenditureTypeEndDate": null,
            "links": [
                {
                    "rel": "self",
                    "href": "https://enno-dev2.fa.ap1.oraclecloud.com:443/fscmRestApi/resources/11.13.18.05/expenditureTypesLOV/300000004444728",
                    "name": "expenditureTypesLOV",
                    "kind": "item"
                },
                {
                    "rel": "canonical",
                    "href": "https://enno-dev2.fa.ap1.oraclecloud.com:443/fscmRestApi/resources/11.13.18.05/expenditureTypesLOV/300000004444728",
                    "name": "expenditureTypesLOV",
                    "kind": "item"
                },
                {
                    "rel": "child",
                    "href": "https://enno-dev2.fa.ap1.oraclecloud.com:443/fscmRestApi/resources/11.13.18.05/expenditureTypesLOV/300000004444728/child/ExpenditureTypeClassesLOV",
                    "name": "ExpenditureTypeClassesLOV",
                    "kind": "collection"
                }
            ]
        },
        {
            "ExpenditureTypeId": 300000004444741,
            "ExpenditureTypeName": "Fleet Burden",
            "ExpenditureTypeDescription": "Fleet Burden",
            "RevenueCategory": "Other Sources",
            "RevenueCategoryCode": "ORA_OTHER",
            "UnitOfMeasure": "Currency",
            "UnitOfMeasureCode": "DOLLARS",
            "ExpenditureCategoryId": 300000004444719,
            "ExpenditureCategory": "Burden",
            "ExpenditureTypeStartDate": "1951-01-01",
            "ExpenditureTypeEndDate": null,
            "links": [
                {
                    "rel": "self",
                    "href": "https://enno-dev2.fa.ap1.oraclecloud.com:443/fscmRestApi/resources/11.13.18.05/expenditureTypesLOV/300000004444741",
                    "name": "expenditureTypesLOV",
                    "kind": "item"
                },
                {
                    "rel": "canonical",
                    "href": "https://enno-dev2.fa.ap1.oraclecloud.com:443/fscmRestApi/resources/11.13.18.05/expenditureTypesLOV/300000004444741",
                    "name": "expenditureTypesLOV",
                    "kind": "item"
                },
                {
                    "rel": "child",
                    "href": "https://enno-dev2.fa.ap1.oraclecloud.com:443/fscmRestApi/resources/11.13.18.05/expenditureTypesLOV/300000004444741/child/ExpenditureTypeClassesLOV",
                    "name": "ExpenditureTypeClassesLOV",
                    "kind": "collection"
                }
            ]
        },
        {
            "ExpenditureTypeId": 300000003162572,
            "ExpenditureTypeName": "Std Materials Eff Var",
            "ExpenditureTypeDescription": "Std Materials Eff Var",
            "RevenueCategory": "Direct Costs",
            "RevenueCategoryCode": "ORA_DIRECT",
            "UnitOfMeasure": "Currency",
            "UnitOfMeasureCode": "DOLLARS",
            "ExpenditureCategoryId": 300000003073618,
            "ExpenditureCategory": "Materials",
            "ExpenditureTypeStartDate": "1951-01-01",
            "ExpenditureTypeEndDate": null,
            "links": [
                {
                    "rel": "self",
                    "href": "https://enno-dev2.fa.ap1.oraclecloud.com:443/fscmRestApi/resources/11.13.18.05/expenditureTypesLOV/300000003162572",
                    "name": "expenditureTypesLOV",
                    "kind": "item"
                },
                {
                    "rel": "canonical",
                    "href": "https://enno-dev2.fa.ap1.oraclecloud.com:443/fscmRestApi/resources/11.13.18.05/expenditureTypesLOV/300000003162572",
                    "name": "expenditureTypesLOV",
                    "kind": "item"
                },
                {
                    "rel": "child",
                    "href": "https://enno-dev2.fa.ap1.oraclecloud.com:443/fscmRestApi/resources/11.13.18.05/expenditureTypesLOV/300000003162572/child/ExpenditureTypeClassesLOV",
                    "name": "ExpenditureTypeClassesLOV",
                    "kind": "collection"
                }
            ]
        },
        {
            "ExpenditureTypeId": 300000003162626,
            "ExpenditureTypeName": "Corporate Offset",
            "ExpenditureTypeDescription": "Corporate Offset",
            "RevenueCategory": "Other Sources",
            "RevenueCategoryCode": "ORA_OTHER",
            "UnitOfMeasure": "Currency",
            "UnitOfMeasureCode": "DOLLARS",
            "ExpenditureCategoryId": 300000003132652,
            "ExpenditureCategory": "Corporate Charges",
            "ExpenditureTypeStartDate": "1951-01-01",
            "ExpenditureTypeEndDate": null,
            "links": [
                {
                    "rel": "self",
                    "href": "https://enno-dev2.fa.ap1.oraclecloud.com:443/fscmRestApi/resources/11.13.18.05/expenditureTypesLOV/300000003162626",
                    "name": "expenditureTypesLOV",
                    "kind": "item"
                },
                {
                    "rel": "canonical",
                    "href": "https://enno-dev2.fa.ap1.oraclecloud.com:443/fscmRestApi/resources/11.13.18.05/expenditureTypesLOV/300000003162626",
                    "name": "expenditureTypesLOV",
                    "kind": "item"
                },
                {
                    "rel": "child",
                    "href": "https://enno-dev2.fa.ap1.oraclecloud.com:443/fscmRestApi/resources/11.13.18.05/expenditureTypesLOV/300000003162626/child/ExpenditureTypeClassesLOV",
                    "name": "ExpenditureTypeClassesLOV",
                    "kind": "collection"
                }
            ]
        },
        {
            "ExpenditureTypeId": 300000003162657,
            "ExpenditureTypeName": "Property maintenance",
            "ExpenditureTypeDescription": "Property maintenance",
            "RevenueCategory": "Indirect Costs",
            "RevenueCategoryCode": "ORA_INDIRECT",
            "UnitOfMeasure": "Currency",
            "UnitOfMeasureCode": "DOLLARS",
            "ExpenditureCategoryId": 300000003132655,
            "ExpenditureCategory": "Property Expenditure",
            "ExpenditureTypeStartDate": "1951-01-01",
            "ExpenditureTypeEndDate": null,
            "links": [
                {
                    "rel": "self",
                    "href": "https://enno-dev2.fa.ap1.oraclecloud.com:443/fscmRestApi/resources/11.13.18.05/expenditureTypesLOV/300000003162657",
                    "name": "expenditureTypesLOV",
                    "kind": "item"
                },
                {
                    "rel": "canonical",
                    "href": "https://enno-dev2.fa.ap1.oraclecloud.com:443/fscmRestApi/resources/11.13.18.05/expenditureTypesLOV/300000003162657",
                    "name": "expenditureTypesLOV",
                    "kind": "item"
                },
                {
                    "rel": "child",
                    "href": "https://enno-dev2.fa.ap1.oraclecloud.com:443/fscmRestApi/resources/11.13.18.05/expenditureTypesLOV/300000003162657/child/ExpenditureTypeClassesLOV",
                    "name": "ExpenditureTypeClassesLOV",
                    "kind": "collection"
                }
            ]
        },
        {
            "ExpenditureTypeId": 300000003162677,
            "ExpenditureTypeName": "Software Maint and Tech Support",
            "ExpenditureTypeDescription": "Software Maint and Tech Support",
            "RevenueCategory": "Indirect Costs",
            "RevenueCategoryCode": "ORA_INDIRECT",
            "UnitOfMeasure": "Currency",
            "UnitOfMeasureCode": "DOLLARS",
            "ExpenditureCategoryId": 300000003132651,
            "ExpenditureCategory": "IT Expenditure",
            "ExpenditureTypeStartDate": "1951-01-01",
            "ExpenditureTypeEndDate": null,
            "links": [
                {
                    "rel": "self",
                    "href": "https://enno-dev2.fa.ap1.oraclecloud.com:443/fscmRestApi/resources/11.13.18.05/expenditureTypesLOV/300000003162677",
                    "name": "expenditureTypesLOV",
                    "kind": "item"
                },
                {
                    "rel": "canonical",
                    "href": "https://enno-dev2.fa.ap1.oraclecloud.com:443/fscmRestApi/resources/11.13.18.05/expenditureTypesLOV/300000003162677",
                    "name": "expenditureTypesLOV",
                    "kind": "item"
                },
                {
                    "rel": "child",
                    "href": "https://enno-dev2.fa.ap1.oraclecloud.com:443/fscmRestApi/resources/11.13.18.05/expenditureTypesLOV/300000003162677/child/ExpenditureTypeClassesLOV",
                    "name": "ExpenditureTypeClassesLOV",
                    "kind": "collection"
                }
            ]
        },
        {
            "ExpenditureTypeId": 300000004444720,
            "ExpenditureTypeName": "Labour Burden",
            "ExpenditureTypeDescription": "Labour Burden",
            "RevenueCategory": "Other Sources",
            "RevenueCategoryCode": "ORA_OTHER",
            "UnitOfMeasure": "Currency",
            "UnitOfMeasureCode": "DOLLARS",
            "ExpenditureCategoryId": 300000004444719,
            "ExpenditureCategory": "Burden",
            "ExpenditureTypeStartDate": "1951-01-01",
            "ExpenditureTypeEndDate": null,
            "links": [
                {
                    "rel": "self",
                    "href": "https://enno-dev2.fa.ap1.oraclecloud.com:443/fscmRestApi/resources/11.13.18.05/expenditureTypesLOV/300000004444720",
                    "name": "expenditureTypesLOV",
                    "kind": "item"
                },
                {
                    "rel": "canonical",
                    "href": "https://enno-dev2.fa.ap1.oraclecloud.com:443/fscmRestApi/resources/11.13.18.05/expenditureTypesLOV/300000004444720",
                    "name": "expenditureTypesLOV",
                    "kind": "item"
                },
                {
                    "rel": "child",
                    "href": "https://enno-dev2.fa.ap1.oraclecloud.com:443/fscmRestApi/resources/11.13.18.05/expenditureTypesLOV/300000004444720/child/ExpenditureTypeClassesLOV",
                    "name": "ExpenditureTypeClassesLOV",
                    "kind": "collection"
                }
            ]
        },
        {
            "ExpenditureTypeId": 300000004444724,
            "ExpenditureTypeName": "Corporate Burden",
            "ExpenditureTypeDescription": "Corporate Burden",
            "RevenueCategory": "Other Sources",
            "RevenueCategoryCode": "ORA_OTHER",
            "UnitOfMeasure": "Currency",
            "UnitOfMeasureCode": "DOLLARS",
            "ExpenditureCategoryId": 300000004444719,
            "ExpenditureCategory": "Burden",
            "ExpenditureTypeStartDate": "1951-01-01",
            "ExpenditureTypeEndDate": null,
            "links": [
                {
                    "rel": "self",
                    "href": "https://enno-dev2.fa.ap1.oraclecloud.com:443/fscmRestApi/resources/11.13.18.05/expenditureTypesLOV/300000004444724",
                    "name": "expenditureTypesLOV",
                    "kind": "item"
                },
                {
                    "rel": "canonical",
                    "href": "https://enno-dev2.fa.ap1.oraclecloud.com:443/fscmRestApi/resources/11.13.18.05/expenditureTypesLOV/300000004444724",
                    "name": "expenditureTypesLOV",
                    "kind": "item"
                },
                {
                    "rel": "child",
                    "href": "https://enno-dev2.fa.ap1.oraclecloud.com:443/fscmRestApi/resources/11.13.18.05/expenditureTypesLOV/300000004444724/child/ExpenditureTypeClassesLOV",
                    "name": "ExpenditureTypeClassesLOV",
                    "kind": "collection"
                }
            ]
        },
        {
            "ExpenditureTypeId": 300000004444736,
            "ExpenditureTypeName": "Material Burden",
            "ExpenditureTypeDescription": "Material Burden",
            "RevenueCategory": "Other Sources",
            "RevenueCategoryCode": "ORA_OTHER",
            "UnitOfMeasure": "Currency",
            "UnitOfMeasureCode": "DOLLARS",
            "ExpenditureCategoryId": 300000004444719,
            "ExpenditureCategory": "Burden",
            "ExpenditureTypeStartDate": "1951-01-01",
            "ExpenditureTypeEndDate": null,
            "links": [
                {
                    "rel": "self",
                    "href": "https://enno-dev2.fa.ap1.oraclecloud.com:443/fscmRestApi/resources/11.13.18.05/expenditureTypesLOV/300000004444736",
                    "name": "expenditureTypesLOV",
                    "kind": "item"
                },
                {
                    "rel": "canonical",
                    "href": "https://enno-dev2.fa.ap1.oraclecloud.com:443/fscmRestApi/resources/11.13.18.05/expenditureTypesLOV/300000004444736",
                    "name": "expenditureTypesLOV",
                    "kind": "item"
                },
                {
                    "rel": "child",
                    "href": "https://enno-dev2.fa.ap1.oraclecloud.com:443/fscmRestApi/resources/11.13.18.05/expenditureTypesLOV/300000004444736/child/ExpenditureTypeClassesLOV",
                    "name": "ExpenditureTypeClassesLOV",
                    "kind": "collection"
                }
            ]
        },
        {
            "ExpenditureTypeId": 300000003132656,
            "ExpenditureTypeName": "Direct labour",
            "ExpenditureTypeDescription": "Direct labour",
            "RevenueCategory": "Labor Costs",
            "RevenueCategoryCode": "ORA_LABOR",
            "UnitOfMeasure": "Hours",
            "UnitOfMeasureCode": "HOURS",
            "ExpenditureCategoryId": 300000003132644,
            "ExpenditureCategory": "Labour",
            "ExpenditureTypeStartDate": "1951-01-01",
            "ExpenditureTypeEndDate": null,
            "links": [
                {
                    "rel": "self",
                    "href": "https://enno-dev2.fa.ap1.oraclecloud.com:443/fscmRestApi/resources/11.13.18.05/expenditureTypesLOV/300000003132656",
                    "name": "expenditureTypesLOV",
                    "kind": "item"
                },
                {
                    "rel": "canonical",
                    "href": "https://enno-dev2.fa.ap1.oraclecloud.com:443/fscmRestApi/resources/11.13.18.05/expenditureTypesLOV/300000003132656",
                    "name": "expenditureTypesLOV",
                    "kind": "item"
                },
                {
                    "rel": "child",
                    "href": "https://enno-dev2.fa.ap1.oraclecloud.com:443/fscmRestApi/resources/11.13.18.05/expenditureTypesLOV/300000003132656/child/ExpenditureTypeClassesLOV",
                    "name": "ExpenditureTypeClassesLOV",
                    "kind": "collection"
                }
            ]
        },
        {
            "ExpenditureTypeId": 300000003132671,
            "ExpenditureTypeName": "Direct Allowances",
            "ExpenditureTypeDescription": "Direct Allowances",
            "RevenueCategory": "Direct Costs",
            "RevenueCategoryCode": "ORA_DIRECT",
            "UnitOfMeasure": "Currency",
            "UnitOfMeasureCode": "DOLLARS",
            "ExpenditureCategoryId": 300000003132644,
            "ExpenditureCategory": "Labour",
            "ExpenditureTypeStartDate": "1951-01-01",
            "ExpenditureTypeEndDate": null,
            "links": [
                {
                    "rel": "self",
                    "href": "https://enno-dev2.fa.ap1.oraclecloud.com:443/fscmRestApi/resources/11.13.18.05/expenditureTypesLOV/300000003132671",
                    "name": "expenditureTypesLOV",
                    "kind": "item"
                },
                {
                    "rel": "canonical",
                    "href": "https://enno-dev2.fa.ap1.oraclecloud.com:443/fscmRestApi/resources/11.13.18.05/expenditureTypesLOV/300000003132671",
                    "name": "expenditureTypesLOV",
                    "kind": "item"
                },
                {
                    "rel": "child",
                    "href": "https://enno-dev2.fa.ap1.oraclecloud.com:443/fscmRestApi/resources/11.13.18.05/expenditureTypesLOV/300000003132671/child/ExpenditureTypeClassesLOV",
                    "name": "ExpenditureTypeClassesLOV",
                    "kind": "collection"
                }
            ]
        },
        {
            "ExpenditureTypeId": 300000003132680,
            "ExpenditureTypeName": "Std Labour Cost Variance",
            "ExpenditureTypeDescription": "Std Labour Cost Variance",
            "RevenueCategory": "Labor Costs",
            "RevenueCategoryCode": "ORA_LABOR",
            "UnitOfMeasure": "Hours",
            "UnitOfMeasureCode": "HOURS",
            "ExpenditureCategoryId": 300000003132644,
            "ExpenditureCategory": "Labour",
            "ExpenditureTypeStartDate": "1951-01-01",
            "ExpenditureTypeEndDate": null,
            "links": [
                {
                    "rel": "self",
                    "href": "https://enno-dev2.fa.ap1.oraclecloud.com:443/fscmRestApi/resources/11.13.18.05/expenditureTypesLOV/300000003132680",
                    "name": "expenditureTypesLOV",
                    "kind": "item"
                },
                {
                    "rel": "canonical",
                    "href": "https://enno-dev2.fa.ap1.oraclecloud.com:443/fscmRestApi/resources/11.13.18.05/expenditureTypesLOV/300000003132680",
                    "name": "expenditureTypesLOV",
                    "kind": "item"
                },
                {
                    "rel": "child",
                    "href": "https://enno-dev2.fa.ap1.oraclecloud.com:443/fscmRestApi/resources/11.13.18.05/expenditureTypesLOV/300000003132680/child/ExpenditureTypeClassesLOV",
                    "name": "ExpenditureTypeClassesLOV",
                    "kind": "collection"
                }
            ]
        },
        {
            "ExpenditureTypeId": 300000003162566,
            "ExpenditureTypeName": "Std Materials Price Var",
            "ExpenditureTypeDescription": "Std Materials Price Var",
            "RevenueCategory": "Direct Costs",
            "RevenueCategoryCode": "ORA_DIRECT",
            "UnitOfMeasure": "Currency",
            "UnitOfMeasureCode": "DOLLARS",
            "ExpenditureCategoryId": 300000003073618,
            "ExpenditureCategory": "Materials",
            "ExpenditureTypeStartDate": "1951-01-01",
            "ExpenditureTypeEndDate": null,
            "links": [
                {
                    "rel": "self",
                    "href": "https://enno-dev2.fa.ap1.oraclecloud.com:443/fscmRestApi/resources/11.13.18.05/expenditureTypesLOV/300000003162566",
                    "name": "expenditureTypesLOV",
                    "kind": "item"
                },
                {
                    "rel": "canonical",
                    "href": "https://enno-dev2.fa.ap1.oraclecloud.com:443/fscmRestApi/resources/11.13.18.05/expenditureTypesLOV/300000003162566",
                    "name": "expenditureTypesLOV",
                    "kind": "item"
                },
                {
                    "rel": "child",
                    "href": "https://enno-dev2.fa.ap1.oraclecloud.com:443/fscmRestApi/resources/11.13.18.05/expenditureTypesLOV/300000003162566/child/ExpenditureTypeClassesLOV",
                    "name": "ExpenditureTypeClassesLOV",
                    "kind": "collection"
                }
            ]
        },
        {
            "ExpenditureTypeId": 300000003162578,
            "ExpenditureTypeName": "Miscellaneous Inventory",
            "ExpenditureTypeDescription": "Miscellaneous Inventory",
            "RevenueCategory": "Direct Costs",
            "RevenueCategoryCode": "ORA_DIRECT",
            "UnitOfMeasure": "Currency",
            "UnitOfMeasureCode": "DOLLARS",
            "ExpenditureCategoryId": 300000003073618,
            "ExpenditureCategory": "Materials",
            "ExpenditureTypeStartDate": "1951-01-01",
            "ExpenditureTypeEndDate": null,
            "links": [
                {
                    "rel": "self",
                    "href": "https://enno-dev2.fa.ap1.oraclecloud.com:443/fscmRestApi/resources/11.13.18.05/expenditureTypesLOV/300000003162578",
                    "name": "expenditureTypesLOV",
                    "kind": "item"
                },
                {
                    "rel": "canonical",
                    "href": "https://enno-dev2.fa.ap1.oraclecloud.com:443/fscmRestApi/resources/11.13.18.05/expenditureTypesLOV/300000003162578",
                    "name": "expenditureTypesLOV",
                    "kind": "item"
                },
                {
                    "rel": "child",
                    "href": "https://enno-dev2.fa.ap1.oraclecloud.com:443/fscmRestApi/resources/11.13.18.05/expenditureTypesLOV/300000003162578/child/ExpenditureTypeClassesLOV",
                    "name": "ExpenditureTypeClassesLOV",
                    "kind": "collection"
                }
            ]
        },
        {
            "ExpenditureTypeId": 300000003162639,
            "ExpenditureTypeName": "Contractors Expense",
            "ExpenditureTypeDescription": "Contractors Expense",
            "RevenueCategory": "Direct Costs",
            "RevenueCategoryCode": "ORA_DIRECT",
            "UnitOfMeasure": "Currency",
            "UnitOfMeasureCode": "DOLLARS",
            "ExpenditureCategoryId": 300000003132647,
            "ExpenditureCategory": "Contractors and Consultants",
            "ExpenditureTypeStartDate": "1951-01-01",
            "ExpenditureTypeEndDate": null,
            "links": [
                {
                    "rel": "self",
                    "href": "https://enno-dev2.fa.ap1.oraclecloud.com:443/fscmRestApi/resources/11.13.18.05/expenditureTypesLOV/300000003162639",
                    "name": "expenditureTypesLOV",
                    "kind": "item"
                },
                {
                    "rel": "canonical",
                    "href": "https://enno-dev2.fa.ap1.oraclecloud.com:443/fscmRestApi/resources/11.13.18.05/expenditureTypesLOV/300000003162639",
                    "name": "expenditureTypesLOV",
                    "kind": "item"
                },
                {
                    "rel": "child",
                    "href": "https://enno-dev2.fa.ap1.oraclecloud.com:443/fscmRestApi/resources/11.13.18.05/expenditureTypesLOV/300000003162639/child/ExpenditureTypeClassesLOV",
                    "name": "ExpenditureTypeClassesLOV",
                    "kind": "collection"
                }
            ]
        },
        {
            "ExpenditureTypeId": 300000003162672,
            "ExpenditureTypeName": "Software Service Cont",
            "ExpenditureTypeDescription": "Software Service Cont",
            "RevenueCategory": "Indirect Costs",
            "RevenueCategoryCode": "ORA_INDIRECT",
            "UnitOfMeasure": "Currency",
            "UnitOfMeasureCode": "DOLLARS",
            "ExpenditureCategoryId": 300000003132651,
            "ExpenditureCategory": "IT Expenditure",
            "ExpenditureTypeStartDate": "1951-01-01",
            "ExpenditureTypeEndDate": null,
            "links": [
                {
                    "rel": "self",
                    "href": "https://enno-dev2.fa.ap1.oraclecloud.com:443/fscmRestApi/resources/11.13.18.05/expenditureTypesLOV/300000003162672",
                    "name": "expenditureTypesLOV",
                    "kind": "item"
                },
                {
                    "rel": "canonical",
                    "href": "https://enno-dev2.fa.ap1.oraclecloud.com:443/fscmRestApi/resources/11.13.18.05/expenditureTypesLOV/300000003162672",
                    "name": "expenditureTypesLOV",
                    "kind": "item"
                },
                {
                    "rel": "child",
                    "href": "https://enno-dev2.fa.ap1.oraclecloud.com:443/fscmRestApi/resources/11.13.18.05/expenditureTypesLOV/300000003162672/child/ExpenditureTypeClassesLOV",
                    "name": "ExpenditureTypeClassesLOV",
                    "kind": "collection"
                }
            ]
        },
        {
            "ExpenditureTypeId": 300000003162708,
            "ExpenditureTypeName": "Printing",
            "ExpenditureTypeDescription": "Printing",
            "RevenueCategory": "Indirect Costs",
            "RevenueCategoryCode": "ORA_INDIRECT",
            "UnitOfMeasure": "Currency",
            "UnitOfMeasureCode": "DOLLARS",
            "ExpenditureCategoryId": 300000003132653,
            "ExpenditureCategory": "General Expenses",
            "ExpenditureTypeStartDate": "1951-01-01",
            "ExpenditureTypeEndDate": null,
            "links": [
                {
                    "rel": "self",
                    "href": "https://enno-dev2.fa.ap1.oraclecloud.com:443/fscmRestApi/resources/11.13.18.05/expenditureTypesLOV/300000003162708",
                    "name": "expenditureTypesLOV",
                    "kind": "item"
                },
                {
                    "rel": "canonical",
                    "href": "https://enno-dev2.fa.ap1.oraclecloud.com:443/fscmRestApi/resources/11.13.18.05/expenditureTypesLOV/300000003162708",
                    "name": "expenditureTypesLOV",
                    "kind": "item"
                },
                {
                    "rel": "child",
                    "href": "https://enno-dev2.fa.ap1.oraclecloud.com:443/fscmRestApi/resources/11.13.18.05/expenditureTypesLOV/300000003162708/child/ExpenditureTypeClassesLOV",
                    "name": "ExpenditureTypeClassesLOV",
                    "kind": "collection"
                }
            ]
        }
    ],
    "count": 25,
    "hasMore": true,
    "limit": 25,
    "offset": 0,
    "links": [
        {
            "rel": "self",
            "href": "https://enno-dev2.fa.ap1.oraclecloud.com:443/fscmRestApi/resources/11.13.18.05/expenditureTypesLOV",
            "name": "expenditureTypesLOV",
            "kind": "collection"
        }
    ]
}