{
  "pageModelVersion": "19.4.3",
  "description": "",
  "routerFlow": "item-1",
  "variables": {
    "messagesADP": {
      "type": "vb/ArrayDataProvider",
      "defaultValue": {
        "idAttribute": "id",
        "itemType": "page:messageType"
      }
    },
    "installPromptEventPayload": {
      "type": "any"
    },
    "promptResolved": {
      "type": "boolean",
      "defaultValue": false
    }
  },
  "metadata": {},
  "types": {
    "messageType": {
      "id": "string",
      "severity": "string",
      "category": "string",
      "summary": "string",
      "detail": "string",
      "timestamp": "string",
      "autoTimeout": "number"
    }
  },
  "chains": {
    "showNotification": {
      "description": "Displays notifications sent by the Fire Notification action using the oj-messages component on this page.",
      "variables": {
        "eventPayload": {
          "type": "messageType",
          "input": "fromCaller"
        }
      },
      "root": "displayMessage",
      "actions": {
        "displayMessage": {
          "module": "vb/action/builtin/fireDataProviderEventAction",
          "parameters": {
            "target": "{{ $page.variables.messagesADP }}",
            "add": {
              "data": "{{ [ $chain.variables.eventPayload ] }}"
            }
          }
        }
      }
    },
    "closeNotificationHandler": {
      "description": "Removes the notification message when its dismiss gesture has been invoked.",
      "variables": {
        "eventMessage": {
          "type": "messageType",
          "input": "fromCaller"
        }
      },
      "root": "removeMessage",
      "actions": {
        "removeMessage": {
          "module": "vb/action/builtin/fireDataProviderEventAction",
          "parameters": {
            "target": "{{ $page.variables.messagesADP }}",
            "remove": {
              "keys": "{{ [ $variables.eventMessage.id ] }}"
            }
          }
        }
      }
    },
    "bottomBarNavigationChain": {
      "description": "Navigates to the flow selected in the bottom bar.",
      "variables": {
        "item": {
          "required": true,
          "type": "string",
          "input": "fromCaller"
        }
      },
      "root": "switch1",
      "actions": {
        "switch1": {
          "module": "vb/action/builtin/switchAction",
          "outcomes": {
            "item-1": "navigateToPage0",
            "item-2": "navigateToPage1",
            "item-3": "navigateToPage2"
          },
          "parameters": {
            "caseValue": "{{ $chain.variables.item }}"
          }
        },
        "navigateToPage0": {
          "module": "vb/action/builtin/navigateToPageAction",
          "parameters": {
            "page": "app/item-1"
          }
        },
        "navigateToPage1": {
          "module": "vb/action/builtin/navigateToPageAction",
          "parameters": {
            "page": "app/item-2"
          }
        },
        "navigateToPage2": {
          "module": "vb/action/builtin/navigateToPageAction",
          "parameters": {
            "page": "app/item-3"
          }
        }
      }
    },
    "installPromptChain": {
      "description": "For Progressive Web Apps (PWA), displays a popup to help the user install to home screen.",
      "variables": {
        "eventPayload": {
          "type": "object"
        }
      },
      "root": "assignVariableInstallPrompt",
      "actions": {
        "assignVariableInstallPrompt": {
          "module": "vb/action/builtin/assignVariablesAction",
          "parameters": {
            "$page.variables.installPromptEventPayload": {
              "source": "{{ $chain.variables.eventPayload }}"
            }
          },
          "outcomes": {
            "success": "ifPromptCancelled"
          }
        },
        "ifPromptCancelled": {
          "module": "vb/action/builtin/ifAction",
          "parameters": {
            "condition": "{{ !$page.variables.promptResolved && $page.variables.installPromptEventPayload}}"
          },
          "outcomes": {
            "true": "displayAddToHomesScreenPopup"
          }
        },
        "displayAddToHomesScreenPopup": {
          "module": "vb/action/builtin/callComponentMethodAction",
          "parameters": {
            "component": "{{document.getElementById('pwaAddToHomeScreen')}}",
            "method": "open",
            "params": [
              "{{ 'body' }}",
              "{{ {my: {horizontal: 'end', vertical: 'bottom'}, at : {horizontal: 'end', vertical: 'bottom'}} }}"
            ]
          }
        }
      }
    },
    "addPWAChain": {
      "description": "For Progressive Web Apps (PWA), handles the ‘Add’ button in the add to home screen popup.",
      "root": "addPWA",
      "actions": {
        "addPWA": {
          "module": "vb/action/builtin/callModuleFunctionAction",
          "parameters": {
            "module": "{{ $page.functions }}",
            "functionName": "addPWA",
            "params": [
              "{{$page.variables.installPromptEventPayload }}"
            ],
            "returnType": "boolean"
          },
          "outcomes": {
            "success": "assignVariablePromptResolved"
          }
        },
        "assignVariablePromptResolved": {
          "module": "vb/action/builtin/assignVariablesAction",
          "parameters": {
            "$page.variables.promptResolved": {
              "source": "{{ $chain.results.addPWA }}"
            }
          }
        }
      }
    },
    "cancelPWAChain": {
      "description": "For Progressive Web Apps (PWA), handles the ‘Cancel’ button in the add to home screen popup.",
      "root": "assignVariablePromptResolved",
      "actions": {
        "assignVariablePromptResolved": {
          "module": "vb/action/builtin/assignVariablesAction",
          "parameters": {
            "$page.variables.promptResolved": {
              "source": true
            }
          },
          "outcomes": {
            "success": "closeAddToHomeScreenPopup"
          }
        },
        "closeAddToHomeScreenPopup": {
          "module": "vb/action/builtin/callComponentMethodAction",
          "parameters": {
            "component": "{{document.getElementById('pwaAddToHomeScreen')}}",
            "method": "close"
          }
        }
      }
    }
  },
  "eventListeners": {
    "application:navigateToItem": {
      "chains": [
        {
          "chainId": "bottomBarNavigationChain",
          "parameters": {
            "item": "{{ $event.item }}"
          }
        }
      ]
    },
    "vbNotification": {
      "chains": [
        {
          "chainId": "showNotification",
          "parameters": {
            "eventPayload": "{{ { id: $event.key, summary: $event.summary, detail: $event.message, severity: $event.type, autoTimeout: $event.displayMode === 'transient' ? 0 : -1, timestamp: oj.IntlConverterUtils.dateToLocalIso(new Date()) } }}"
          }
        }
      ]
    },
    "onMessageClose": {
      "chains": [
        {
          "chainId": "closeNotificationHandler",
          "parameters": {
            "eventMessage": "{{ $event.detail.message }}"
          }
        }
      ]
    },
    "bottomBarNavigation": {
      "chains": [
        {
          "chainId": "bottomBarNavigationChain",
          "parameters": {
            "item": "{{ $event.detail.value }}"
          }
        }
      ]
    },
    "vbBeforeAppInstallPrompt": {
      "chains": [
        {
          "chainId": "installPromptChain",
          "parameters": {
            "eventPayload": "{{ $event }}"
          }
        }
      ]
    },
    "addToHomeScreenConfirm": {
      "chains": [
        {
          "chainId": "addPWAChain"
        }
      ]
    },
    "addToHomeScreenCancel": {
      "chains": [
        {
          "chainId": "cancelPWAChain"
        }
      ]
    }
  },
  "imports": {
    "components": {
      "oj-ext-mobile-navigation-bar-bottom": {
        "path": "vb/components/mobile-navigation-bar-bottom/loader"
      },
      "oj-messages": {
        "path": "ojs/ojmessages"
      },
      "oj-popup": {
        "path": "ojs/ojpopup"
      },
      "oj-button": {
        "path": "ojs/ojbutton"
      }
    }
  },
  "translations": {
    "app": {
      "path": "./resources/strings/app/nls/app-strings"
    }
  }
}