{
  "applicationTemplates": {
    "androidTemplates": [
      {
        "templateId": "AndriodScan_05798409942518332",
        "templateName": "AndriodScan",
        "buildType": "debug",
        "OS": "android",
        "versions": {
          "dtMbsVersion": "1.15.15",
          "iosCorePlugins": {
            "cordova-plugin-camera": "4.1.0",
            "cordova-plugin-customurlscheme": "5.0.1",
            "cordova-plugin-device": "2.0.3",
            "cordova-plugin-file": "6.0.2",
            "cordova-plugin-file-opener2": "3.0.0",
            "cordova-plugin-geolocation": "4.0.2",
            "cordova-plugin-globalization": "1.11.0",
            "cordova-plugin-inappbrowser": "3.2.0",
            "cordova-plugin-keyboard": "1.2.0",
            "cordova-plugin-network-information": "2.0.2",
            "cordova-plugin-oracle-idm-auth": "1.4.0",
            "cordova-plugin-splashscreen": "5.0.3",
            "cordova-plugin-statusbar": "2.4.3",
            "cordova-plugin-web-share": "1.2.0",
            "cordova-plugin-whitelist": "1.3.4",
            "cordova-plugin-wkwebview-engine": "1.2.1",
            "cordova-plugin-wkwebview-file-xhr": "2.1.4",
            "cordova-support-android-plugin": "1.0.2"
          },
          "androidCorePlugins": {
            "cordova-plugin-whitelist": "1.3.4",
            "cordova-plugin-file": "6.0.2",
            "cordova-plugin-network-information": "2.0.2",
            "cordova-plugin-geolocation": "4.0.2",
            "cordova-plugin-splashscreen": "5.0.3",
            "cordova-plugin-oracle-idm-auth": "1.4.0",
            "cordova-plugin-camera": "4.1.0",
            "cordova-plugin-device": "2.0.3",
            "cordova-plugin-globalization": "1.11.0",
            "cordova-plugin-inappbrowser": "3.2.0",
            "cordova-plugin-wkwebview-engine": "1.2.1",
            "cordova-plugin-wkwebview-file-xhr": "2.1.4",
            "cordova-plugin-keyboard": "1.2.0",
            "cordova-plugin-statusbar": "2.4.3",
            "cordova-plugin-customurlscheme": "5.0.1",
            "cordova-support-android-plugin": "1.0.2",
            "cordova-plugin-web-share": "1.2.0",
            "cordova-plugin-file-opener2": "3.0.0"
          }
        },
        "customTemplateFile": "app-release-unsigned.apk"
      }
   ],
    "iosTemplates": []
  }
}