{
  "add_to_home_screen_header": "Add to Home Screen",
  "@add_to_home_screen_header": {
    "description": "String displayed on the header for PWA 'Add to Home Screen' prompt"
  },
  "add_to_home_screen": "Application is available for install. Would you like to add it to home screen?",
  "@add_to_home_screen": {
    "description": "String displayed in the description for PWA 'Add to Home Screen' prompt"
  },
  "add_to_home_screen_cancel": "Cancel",
  "@add_to_home_screen_cancel": {
    "description": "Text for Cancel Button"
  },
  "add_to_home_screen_confirm": "Add",
  "@add_to_home_screen_confirm": {
    "description": "Text for Add Button"
  }
}