{
    "openapi": "3.0.0",
    "info": {
        "title": "OIC Dev Service",
        "version": "1.0.0"
    },
    "servers": [
        {
            "url": "https://inteociind01-sd7qliqlijfh-sy.integration.ocp.oraclecloud.com:443",
            "description": "OIC Service Base URL",
            "x-vb": {
                "authentication": {
                    "authenticated": {
                        "type": "propagate"
                    }
                }
            }
        }
    ],
    "paths": {
        "/ic/api/integration/v1/flows/rest/EE_MOBILEAP_DEPT_LIST/1.0/get_dept_list": {
            "get": {
                "operationId": "get_dept_list",
                "responses": {
                    "default": {
                        "description": "Response for default",
                        "content": {
                            "application/json": {
                                "schema": {
                                    "$ref": "#/components/schemas/GetIcApiIntegrationV1FlowsRestEE_MOBILEAP_DEPT_LIST1_0Get_dept_list"
                                },
                                "examples": {
                                    "vb": {
                                        "summary": "Example stored by VB User",
                                        "externalValue": "./examples/get_dept_list/response_default_application_json_vb.json"
                                    }
                                }
                            }
                        }
                    }
                },
                "x-vb": {
                    "actionHint": "getMany"
                }
            }
        },
        "/ic/api/integration/v1/flows/rest/EE_MOBI_GET_BOOK_ACCO_HELP_SERV/1.0/GetBookOutAccount": {
            "get": {
                "operationId": "getBookOutAccount",
                "responses": {
                    "default": {
                        "description": "Response for default",
                        "content": {
                            "application/json": {
                                "schema": {
                                    "$ref": "#/components/schemas/GetIcApiIntegrationV1FlowsRestEE_MOBI_GET_BOOK_ACCO_HELP_SERV1_0GetBookOutAccount"
                                },
                                "examples": {
                                    "vb": {
                                        "summary": "Example stored by VB User",
                                        "externalValue": "./examples/getBookOutAccount/response_default_application_json_vb.json"
                                    }
                                }
                            }
                        }
                    }
                },
                "x-vb": {
                    "actionHint": "getMany"
                }
            }
        },
        "/ic/api/integration/v1/flows/rest/EE_MOBILEAP_SUBINV_LOCATORS/1.0/get_subinventories_locators": {
            "post": {
                "operationId": "getSubInvLocator",
                "requestBody": {
                    "description": "Request for application/json",
                    "content": {
                        "application/json": {
                            "schema": {
                                "$ref": "#/components/schemas/PostIcApiIntegrationV1FlowsRestEE_MOBILEAP_SUBINV_LOCATORS1_0Get_subinventories_locatorsRequest"
                            },
                            "examples": {
                                "vb": {
                                    "summary": "Example stored by VB User",
                                    "externalValue": "./examples/postIcApiIntegrationV1FlowsRestEE_MOBILEAP_SUBINV_LOCATORS1_0Get_subinventories_locators2/request_application_json_vb.json"
                                }
                            }
                        }
                    }
                },
                "responses": {
                    "default": {
                        "description": "Response for default",
                        "content": {
                            "application/json": {
                                "schema": {
                                    "$ref": "#/components/schemas/PostIcApiIntegrationV1FlowsRestEE_MOBILEAP_SUBINV_LOCATORS1_0Get_subinventories_locatorsResponse"
                                },
                                "examples": {
                                    "vb": {
                                        "summary": "Example stored by VB User",
                                        "externalValue": "./examples/getSubInvLocator/response_default_application_json_vb.json"
                                    }
                                }
                            }
                        }
                    }
                },
                "x-vb": {
                    "actionHint": "getMany"
                }
            }
        },
        "/ic/api/integration/v1/flows/rest/EE_MOBILEAPP_BUSINESSUN/1.0/getBusinessUnits": {
            "post": {
                "operationId": "getBusinessUnits",
                "requestBody": {
                    "content": {
                        "application/json": {
                            "schema": {
                                "$ref": "#/components/schemas/PostIcApiIntegrationV1FlowsRestEE_MOBILEAPP_BUSINESSUN1_0GetBusinessUnitsRequest"
                            },
                            "examples": {
                                "vb": {
                                    "externalValue": "./examples/postIcApiIntegrationV1FlowsRestEE_MOBILEAPP_BUSINESSUN1_0GetBusinessUnits/request_application_json_vb.json"
                                }
                            }
                        }
                    }
                },
                "responses": {
                    "default": {
                        "description": "Default response",
                        "content": {
                            "application/json": {
                                "schema": {
                                    "$ref": "#/components/schemas/PostIcApiIntegrationV1FlowsRestEE_MOBILEAPP_BUSINESSUN1_0GetBusinessUnitsResponse"
                                },
                                "examples": {
                                    "vb": {
                                        "externalValue": "./examples/getBusinessUnits/response_default_application_json_vb.json",
                                        "summary": "Example stored by VB User"
                                    }
                                }
                            }
                        }
                    }
                },
                "x-vb": {
                    "actionHint": "getMany"
                }
            }
        },
        "/ic/api/integration/v1/flows/rest/EE_MOBILEAPP_ONHANDQUAN/1.0/getItemOnHand": {
            "post": {
                "operationId": "getItemsOnHand",
                "requestBody": {
                    "content": {
                        "application/json": {
                            "schema": {
                                "$ref": "#/components/schemas/PostIcApiIntegrationV1FlowsRestEE_MOBILEAPP_ONHANDQUAN1_0GetItemOnHandRequest"
                            },
                            "examples": {
                                "vb": {
                                    "externalValue": "./examples/getItemsOnHand/request_application_json_vb.json"
                                }
                            }
                        }
                    }
                },
                "responses": {
                    "default": {
                        "description": "Response for default",
                        "content": {
                            "application/json": {
                                "schema": {
                                    "$ref": "#/components/schemas/PostIcApiIntegrationV1FlowsRestEE_MOBILEAPP_ONHANDQUAN1_0GetItemOnHandResponse"
                                },
                                "examples": {
                                    "vb": {
                                        "summary": "Example stored by VB User",
                                        "externalValue": "./examples/getItemsOnHand/response_default_application_json_vb.json"
                                    }
                                }
                            }
                        }
                    }
                },
                "x-vb": {
                    "actionHint": "getMany"
                }
            }
        },
        "/ic/api/integration/v1/flows/rest/EE_MOBILE_DEFAUL_LOCATI_FINAL/1.0/get_default_locations": {
            "post": {
                "operationId": "get_default_locations",
                "requestBody": {
                    "content": {
                        "application/json": {
                            "schema": {
                                "$ref": "#/components/schemas/PostIcApiIntegrationV1FlowsRestEE_MOBILEAP_DEFAULT_LOCATION1_0Get_default_locationsRequest"
                            },
                            "examples": {
                                "vb": {
                                    "externalValue": "./examples/get_default_locations/request_application_json_vb.json"
                                }
                            }
                        }
                    }
                },
                "responses": {
                    "default": {
                        "description": "Default response",
                        "content": {
                            "application/json": {
                                "schema": {
                                    "$ref": "#/components/schemas/PostIcApiIntegrationV1FlowsRestEE_MOBILEAP_DEFAULT_LOCATION1_0Get_default_locationsResponse"
                                },
                                "examples": {
                                    "vb": {
                                        "externalValue": "./examples/get_default_locations/response_default_application_json_vb.json"
                                    }
                                }
                            }
                        }
                    }
                },
                "x-vb": {
                    "actionHint": "getMany"
                }
            }
        },
        "/ic/api/integration/v1/flows/rest/EE_MOBILEAP_ONHAND_BOOKOUT/1.0/getItemOnHand_bookout": {
            "post": {
                "operationId": "get_OnHand_BookOut",
                "requestBody": {
                    "content": {
                        "application/json": {
                            "schema": {
                                "$ref": "#/components/schemas/PostIcApiIntegrationV1FlowsRestEE_MOBILE_ONHAND_BOOKOU_2_1_0GetItemOnHand_bookoutRequest"
                            },
                            "examples": {
                                "vb": {
                                    "externalValue": "./examples/get_OnHand_BookOut/request_application_json_vb.json",
                                    "summary": "Example stored by VB User"
                                }
                            }
                        }
                    }
                },
                "responses": {
                    "default": {
                        "description": "Response for default",
                        "content": {
                            "application/json": {
                                "schema": {
                                    "$ref": "#/components/schemas/PostIcApiIntegrationV1FlowsRestEE_MOBILEAP_ONHAND_BOOKOUT1_0GetItemOnHand_bookoutResponse"
                                },
                                "examples": {
                                    "vb": {
                                        "summary": "Example stored by VB User",
                                        "externalValue": "./examples/get_OnHand_BookOut/response_default_application_json_vb.json"
                                    }
                                }
                            }
                        }
                    }
                },
                "x-vb": {
                    "actionHint": "getMany"
                }
            }
        },
        "/ic/api/integration/v1/flows/rest/EE_MOBIL_BOOKI_REQUE_INITI_SERVI/1.0/InsertReqDetails": {
            "post": {
                "operationId": "insertBookoutDetails",
                "requestBody": {
                    "description": "Request for application/json",
                    "content": {
                        "application/json": {
                            "schema": {
                                "$ref": "#/components/schemas/PostIcApiIntegrationV1FlowsRestEE_MOBIL_BOOKI_REQUE_INITI_SERVI1_0InsertReqDetailsRequest"
                            },
                            "examples": {
                                "vb": {
                                    "summary": "Example stored by VB User",
                                    "externalValue": "./examples/insertBookoutDetails/request_application_json_vb.json"
                                }
                            }
                        }
                    }
                },
                "responses": {
                    "default": {
                        "description": "Response for default",
                        "content": {
                            "application/json": {
                                "schema": {
                                    "$ref": "#/components/schemas/PostIcApiIntegrationV1FlowsRestEE_MOBIL_BOOKI_REQUE_INITI_SERVI1_0InsertReqDetailsResponse"
                                },
                                "examples": {
                                    "vb": {
                                        "summary": "Example stored by VB User",
                                        "externalValue": "./examples/insertBookoutDetails/response_default_application_json_vb.json"
                                    }
                                }
                            }
                        }
                    }
                },
                "x-vb": {
                    "actionHint": "getMany"
                }
            }
        },
        "/ic/api/integration/v1/flows/rest/EE_MOBIL_GET_TRANS_LINES_SERVI/1.0/getTrnsactionLineDetail": {
            "get": {
                "operationId": "getTransactionLinesDetail",
                "parameters": [
                    {
                        "name": "RequestHeaderId",
                        "in": "query",
                        "schema": {
                            "type": "string"
                        },
                        "x-vb": {
                            "defaultValue": "100"
                        }
                    }
                ],
                "responses": {
                    "default": {
                        "description": "Response for default",
                        "content": {
                            "application/json": {
                                "schema": {
                                    "$ref": "#/components/schemas/GetIcApiIntegrationV1FlowsRestEE_MOBIL_GET_TRANS_LINES_SERVI1_0GetTrnsactionLineDetail"
                                },
                                "examples": {
                                    "vb": {
                                        "summary": "Example stored by VB User",
                                        "externalValue": "./examples/getTransactionLinesDetail/response_default_application_json_vb.json"
                                    }
                                }
                            }
                        }
                    }
                },
                "x-vb": {
                    "actionHint": "getMany"
                }
            }
        },
        "/ic/api/integration/v1/flows/rest/EE_MOBIL_GET_TRANS_HEADE_SERVI/1.0/getTrnsactionHeaderDetail": {
            "get": {
                "operationId": "getTransactionHeaderDetails",
                "parameters": [
                    {
                        "name": "RequestType",
                        "in": "query",
                        "schema": {
                            "type": "string"
                        },
                        "x-vb": {
                            "defaultValue": "BOOKOUT"
                        }
                    },
                    {
                        "name": "StartDate",
                        "in": "query",
                        "schema": {
                            "type": "string"
                        }
                    },
                    {
                        "name": "EndDate",
                        "in": "query",
                        "schema": {
                            "type": "string"
                        }
                    }
                ],
                "responses": {
                    "default": {
                        "description": "Response for default",
                        "content": {
                            "application/json": {
                                "schema": {
                                    "$ref": "#/components/schemas/GetIcApiIntegrationV1FlowsRestEE_MOBIL_GET_TRANS_HEADE_SERVI1_0GetTrnsactionHeaderDetail"
                                },
                                "examples": {
                                    "vb": {
                                        "summary": "Example stored by VB User",
                                        "externalValue": "./examples/getTransactionHeaderDetails/response_default_application_json_vb.json"
                                    }
                                }
                            }
                        }
                    }
                },
                "x-vb": {
                    "actionHint": "getMany"
                }
            }
        }
    },
    "components": {
        "schemas": {
            "PostIcApiIntegrationV1FlowsRestEE_MOBILEAPP_BUSINESSUN1_0GetBusinessUnitsRequest": {
                "type": "object",
                "properties": {
                    "username": {
                        "type": "string"
                    }
                }
            },
            "PostIcApiIntegrationV1FlowsRestEE_MOBILEAPP_BUSINESSUN1_0GetBusinessUnitsResponse": {
                "type": "array",
                "items": {
                    "type": "object",
                    "properties": {
                        "ORGANIZATION_ID": {
                            "type": "string"
                        },
                        "NAME": {
                            "type": "string"
                        },
                        "ORGANIZATION_CODE": {
                            "type": "string"
                        },
                        "ATTRIBUTE1": {
                            "type": "string"
                        },
                        "LOCATION_CODE": {
                            "type": "string"
                        },
                        "LOCATION_NAME": {
                            "type": "string"
                        },
                        "DESCRIPTION": {
                            "type": "string"
                        },
                        "SEGMENT1": {
                            "type": "string"
                        }
                    }
                }
            },
            "PostIcApiIntegrationV1FlowsRestEE_MOBILEAPP_ONHANDQUAN1_0GetItemOnHandRequest": {
                "type": "object",
                "properties": {
                    "ORGANIZATIONID": {
                        "type": "string"
                    },
                    "INVENTORYITEMID": {
                        "type": "string"
                    }
                }
            },
            "PostIcApiIntegrationV1FlowsRestEE_MOBILEAPP_ONHANDQUAN1_0GetItemOnHandResponse": {
                "type": "array",
                "items": {
                    "type": "object",
                    "properties": {
                        "SUBINVENTORY_CODE": {
                            "type": "string"
                        },
                        "PROJECT_NUMBER": {
                            "type": "string"
                        },
                        "TASK_NUMBER": {
                            "type": "string"
                        },
                        "LOCATOR": {
                            "type": "string"
                        },
                        "PRIMARY_TRANSACTION_QUANTITY": {
                            "type": "string"
                        },
                        "TRANSACTION_QUANTITY": {
                            "type": "string"
                        },
                        "PENDING_TRANSACTION_COUNT": {
                            "type": "string"
                        },
                        "RESERVED_TRANSACTION_COUNT": {
                            "type": "string"
                        }
                    }
                }
            },
            "PostIcApiIntegrationV1FlowsRestEE_MOBILEAP_DEFAULT_LOCATION1_0Get_default_locationsRequest": {
                "type": "object",
                "properties": {
                    "ORGANIZATIONID": {
                        "type": "string"
                    },
                    "INVENTORYITEMID": {
                        "type": "string"
                    }
                }
            },
            "PostIcApiIntegrationV1FlowsRestEE_MOBILEAP_DEFAULT_LOCATION1_0Get_default_locationsResponse": {
                "type": "array",
                "items": {
                    "type": "object",
                    "properties": {
                        "INVENTORY_ITEM_ID": {
                            "type": "string"
                        },
                        "ORGANIZATION_ID": {
                            "type": "string"
                        },
                        "SUBINVENTORY_CODE": {
                            "type": "string"
                        },
                        "LOCATOR_ID": {
                            "type": "string"
                        }
                    }
                }
            },
            "GetIcApiIntegrationV1FlowsRestEE_MOBILEAP_DEPT_LIST1_0Get_dept_list": {
                "type": "array",
                "items": {
                    "type": "object",
                    "properties": {
                        "exp_org": {
                            "type": "string"
                        },
                        "dept": {
                            "type": "string"
                        },
                        "pjcOrganizationId": {
                            "type": "string"
                        }
                    }
                }
            },
            "PostIcApiIntegrationV1FlowsRestEE_MOBILEAP_SUBINV_LOCATORS1_0Get_subinventories_locatorsRequest": {
                "type": "object",
                "properties": {
                    "ORGANIZATION_ID": {
                        "type": "string"
                    }
                }
            },
            "PostIcApiIntegrationV1FlowsRestEE_MOBILEAP_SUBINV_LOCATORS1_0Get_subinventories_locatorsResponse": {
                "type": "array",
                "items": {
                    "type": "object",
                    "properties": {
                        "SUBINVENTORY_ID": {
                            "type": "string"
                        },
                        "SUBINVENTORY_CODE": {
                            "type": "string"
                        },
                        "INVENTORY_LOCATION_ID": {
                            "type": "string"
                        },
                        "LOCATOR": {
                            "type": "string"
                        },
                        "SEGMENT1": {
                            "type": "string"
                        },
                        "SEGMENT2": {
                            "type": "string"
                        },
                        "SEGMENT3": {
                            "type": "string"
                        },
                        "SEGMENT4": {
                            "type": "string"
                        },
                        "SEGMENT5": {
                            "type": "string"
                        }
                    }
                }
            },
            "PostIcApiIntegrationV1FlowsRestEE_MOBILEAP_ONHAND_BOOKOUT1_0GetItemOnHandRequest": {
                "type": "object",
                "properties": {
                    "ORGANIZATIONID": {
                        "type": "string"
                    },
                    "INVENTORYITEMID": {
                        "type": "string"
                    },
                    "SUBINVENTORY_CODE": {
                        "type": "string"
                    },
                    "LOCATOR_ID": {
                        "type": "string"
                    }
                }
            },
            "PostIcApiIntegrationV1FlowsRestEE_MOBILEAP_ONHAND_BOOKOUT1_0GetItemOnHandResponse": {
                "type": "array",
                "items": {
                    "type": "object",
                    "properties": {
                        "SUBINVENTORY_CODE": {
                            "type": "string"
                        },
                        "PROJECT_NUMBER": {
                            "type": "string"
                        },
                        "TASK_NUMBER": {
                            "type": "string"
                        },
                        "LOCATOR": {
                            "type": "string"
                        },
                        "PRIMARY_TRANSACTION_QUANTITY": {
                            "type": "string"
                        },
                        "TRANSACTION_QUANTITY": {
                            "type": "string"
                        },
                        "PENDING_TRANSACTION_COUNT": {
                            "type": "string"
                        },
                        "RESERVED_TRANSACTION_COUNT": {
                            "type": "string"
                        }
                    }
                }
            },
            "GetIcApiIntegrationV1FlowsRestEE_MOBI_GET_BOOK_ACCO_HELP_SERV1_0GetBookOutAccount": {
                "type": "object",
                "properties": {
                    "BOOKOUT_PPE_ACCOUNT": {
                        "type": "integer"
                    },
                    "BOOKOUT_TOOLS_ACCOUNT": {
                        "type": "integer"
                    }
                }
            },
            "PostIcApiIntegrationV1FlowsRestEE_MOBILE_ONHAND_BOOKOU_2_1_0GetItemOnHand_bookoutRequest": {
                "type": "object",
                "properties": {
                    "ORGANIZATIONID": {
                        "type": "string"
                    },
                    "INVENTORYITEMID": {
                        "type": "integer"
                    },
                    "SUBINVENTORY_CODE": {
                        "type": "string"
                    },
                    "LOCATOR_ID": {
                        "type": "integer"
                    },
                    "PROJECT_ID": {
                        "type": "integer"
                    },
                    "TASK_ID": {
                        "type": "string"
                    }
                }
            },
            "PostIcApiIntegrationV1FlowsRestEE_MOBIL_BOOKI_REQUE_INITI_SERVI1_0InsertReqDetailsRequest": {
                "type": "object",
                "properties": {
                    "REQUEST_TYPE": {
                        "type": "string"
                    },
                    "TRX_DTL": {
                        "type": "object",
                        "properties": {
                            "line": {
                                "type": "array",
                                "items": {
                                    "type": "object",
                                    "properties": {
                                        "ItemType": {
                                            "type": "string"
                                        },
                                        "OrganizationId": {
                                            "type": "string"
                                        },
                                        "OrganizationName": {
                                            "type": "string"
                                        },
                                        "InventoryItemId": {
                                            "type": "string"
                                        },
                                        "ItemNumber": {
                                            "type": "string"
                                        },
                                        "TransactionQuantity": {
                                            "type": "string"
                                        },
                                        "TransactionUOM": {
                                            "type": "string"
                                        },
                                        "TransactionUnitOfMeasure": {
                                            "type": "string"
                                        },
                                        "TransactionDate": {
                                            "type": "string"
                                        },
                                        "SubinventoryCode": {
                                            "type": "string"
                                        },
                                        "LocatorId": {
                                            "type": "string"
                                        },
                                        "LocatorName": {
                                            "type": "string"
                                        },
                                        "LOC_SEGMENT1": {
                                            "type": "string"
                                        },
                                        "LOC_SEGMENT2": {
                                            "type": "string"
                                        },
                                        "LOC_SEGMENT3": {
                                            "type": "string"
                                        },
                                        "LOC_SEGMENT4": {
                                            "type": "string"
                                        },
                                        "LOC_SEGMENT5": {
                                            "type": "string"
                                        },
                                        "LOC_SEGMENT6": {
                                            "type": "string"
                                        },
                                        "LOC_SEGMENT7": {
                                            "type": "string"
                                        },
                                        "LOC_SEGMENT8": {
                                            "type": "string"
                                        },
                                        "LOC_SEGMENT9": {
                                            "type": "string"
                                        },
                                        "LOC_SEGMENT10": {
                                            "type": "string"
                                        },
                                        "DST_SEGMENT1": {
                                            "type": "string"
                                        },
                                        "DST_SEGMENT2": {
                                            "type": "string"
                                        },
                                        "DST_SEGMENT3": {
                                            "type": "string"
                                        },
                                        "DST_SEGMENT4": {
                                            "type": "string"
                                        },
                                        "DST_SEGMENT5": {
                                            "type": "string"
                                        },
                                        "DST_SEGMENT6": {
                                            "type": "string"
                                        },
                                        "DST_SEGMENT7": {
                                            "type": "string"
                                        },
                                        "DST_SEGMENT8": {
                                            "type": "string"
                                        },
                                        "DST_SEGMENT9": {
                                            "type": "string"
                                        },
                                        "DST_SEGMENT10": {
                                            "type": "string"
                                        },
                                        "ShipToLocationId": {
                                            "type": "string"
                                        },
                                        "ProjectID": {
                                            "type": "integer"
                                        },
                                        "ProjectNumber": {
                                            "type": "string"
                                        },
                                        "TaskID": {
                                            "type": "integer"
                                        },
                                        "TaskName": {
                                            "type": "string"
                                        },
                                        "PjcProjectId": {
                                            "type": "integer"
                                        },
                                        "PjcProjectNumber": {
                                            "type": "string"
                                        },
                                        "PjcTaskId": {
                                            "type": "integer"
                                        },
                                        "PjcTaskName": {
                                            "type": "string"
                                        },
                                        "PjcContextCategory": {
                                            "type": "string"
                                        },
                                        "PjcExpenditureItemDate": {
                                            "type": "string"
                                        },
                                        "PjcExpenditureTypeId": {
                                            "type": "string"
                                        },
                                        "PjcExpenditureTypeName": {
                                            "type": "string"
                                        },
                                        "PjcOrganizationId": {
                                            "type": "string"
                                        },
                                        "PjcOrganizationName": {
                                            "type": "string"
                                        },
                                        "LocationType": {
                                            "type": "string"
                                        },
                                        "UseCurrentCost": {
                                            "type": "string"
                                        },
                                        "TransactionSourceTypeId": {
                                            "type": "string"
                                        },
                                        "TransactionActionId": {
                                            "type": "string"
                                        },
                                        "TransactionTypeName": {
                                            "type": "string"
                                        },
                                        "TransactionTypeId": {
                                            "type": "integer"
                                        }
                                    }
                                }
                            }
                        }
                    }
                }
            },
            "PostIcApiIntegrationV1FlowsRestEE_MOBIL_BOOKI_REQUE_INITI_SERVI1_0InsertReqDetailsResponse": {
                "type": "object",
                "properties": {
                    "REQUEST_HEADER_ID": {
                        "type": "string"
                    },
                    "REQUEST_STATUS": {
                        "type": "string"
                    }
                }
            },
            "PostIcApiIntegrationV1FlowsRestEE_MOBILEAP_ONHAND_BOOKOUT1_0GetItemOnHand_bookoutResponse": {
                "type": "array",
                "items": {
                    "type": "object",
                    "properties": {
                        "SUBINVENTORY_CODE": {
                            "type": "string"
                        },
                        "PROJECT_ID": {
                            "type": "string"
                        },
                        "TASK_ID": {
                            "type": "string"
                        },
                        "PRIMARY_TRANSACTION_QUANTITY": {
                            "type": "string"
                        },
                        "TRANSACTION_QUANTITY": {
                            "type": "string"
                        },
                        "PENDING_TRANSACTION_COUNT": {
                            "type": "string"
                        },
                        "RESERVED_TRANSACTION_COUNT": {
                            "type": "string"
                        },
                        "INVENTORY_ITEM_ID": {
                            "type": "string"
                        },
                        "ORGANIZATION_ID": {
                            "type": "string"
                        },
                        "LOCATOR_ID": {
                            "type": "string"
                        },
                        "ERROR_MESSAGE": {
                            "type": "string"
                        }
                    }
                }
            },
            "GetIcApiIntegrationV1FlowsRestEE_MOBIL_GET_TRANS_LINES_SERVI1_0GetTrnsactionLineDetail": {
                "type": "array",
                "items": {
                    "type": "object",
                    "properties": {
                        "REQUEST_HEADER_ID": {
                            "type": "string"
                        },
                        "REQUEST_LINE_ID": {
                            "type": "string"
                        },
                        "REC_STATUS": {
                            "type": "string"
                        },
                        "ORGANIZATIONNAME": {
                            "type": "string"
                        },
                        "ITEMNUMBER": {
                            "type": "string"
                        },
                        "TRANSACTIONQUANTITY": {
                            "type": "string"
                        },
                        "TRANSACTIONUNITOFMEASURE": {
                            "type": "string"
                        },
                        "SUBINVENTORYCODE": {
                            "type": "string"
                        },
                        "LOC_SEGMENT1": {
                            "type": "string"
                        },
                        "LOC_SEGMENT2": {
                            "type": "string"
                        },
                        "LOC_SEGMENT3": {
                            "type": "string"
                        },
                        "PROJECTNUMBER": {
                            "type": "string"
                        },
                        "TASKNAME": {
                            "type": "string"
                        },
                        "LAST_UPDATED_BY": {
                            "type": "string"
                        },
                        "LAST_UPDATE_LOGIN": {
                            "type": "string"
                        },
                        "CREATION_DATE": {
                            "type": "string"
                        },
                        "CREATED_BY": {
                            "type": "string"
                        }
                    }
                }
            },
            "GetIcApiIntegrationV1FlowsRestEE_MOBIL_GET_TRANS_HEADE_SERVI1_0GetTrnsactionHeaderDetail": {
                "type": "array",
                "items": {
                    "type": "object",
                    "properties": {
                        "REQUEST_HEADER_ID": {
                            "type": "string"
                        },
                        "REQUEST_TYPE": {
                            "type": "string"
                        },
                        "REQUEST_STATUS": {
                            "type": "string"
                        },
                        "ERROR_MESSAGE": {
                            "type": "string"
                        },
                        "OIC_INSTANCE_ID": {
                            "type": "string"
                        },
                        "LAST_UPDATE_DATE": {
                            "type": "string"
                        },
                        "LAST_UPDATED_BY": {
                            "type": "string"
                        },
                        "LAST_UPDATE_LOGIN": {
                            "type": "string"
                        },
                        "CREATION_DATE": {
                            "type": "string"
                        },
                        "CREATED_BY": {
                            "type": "string"
                        }
                    }
                }
            }
        }
    }
}