{
    "profiles": [
        {
            "displayName": "Base configuration",
            "id": "base_configuration",
            "description": "Default development profile in VBCS",
            "mobileBuildConfiguration": {
                "ee_mobileapplication": {
                    "android": "EE MobileApp Config_08470523469714561"
                }
            }
        }
    ],
    "defaults": {
        "dev": "base_configuration",
        "stage": "base_configuration",
        "publish": "base_configuration"
    }
}