{
    "openapi": "3.0.0",
    "info": {
        "title": "itemDesc",
        "version": "1.0.0"
    },
    "servers": [
        {
            "url": "https://enno-dev2.fa.ap1.oraclecloud.com/fscmRestApi/resources/11.13.18.05",
            "description": "ItemDesc",
            "x-vb": {
                "authentication": {
                    "authenticated": {
                        "type": "basic",
                        "credentials": "vb_42ed7183-2039-49ad-9cd2-8d7d4ea64419"
                    }
                }
            }
        }
    ],
    "paths": {
        "/itemsV2": {
            "get": {
                "operationId": "getItemsV2",
                "parameters": [
                    {
                        "name": "q",
                        "in": "query",
                        "schema": {
                            "type": "string"
                        }
                    },
                    {
                        "name": "expand",
                        "in": "query",
                        "schema": {
                            "type": "string"
                        }
                    }
                ],
                "responses": {
                    "default": {
                        "description": "Response for default",
                        "content": {
                            "application/json": {
                                "schema": {
                                    "$ref": "#/components/schemas/GetItemsV2"
                                },
                                "examples": {
                                    "vb": {
                                        "summary": "Example stored by VB User",
                                        "externalValue": "./examples/getItemsV2/response_default_application_json_vb.json"
                                    }
                                }
                            }
                        }
                    }
                },
                "x-vb": {
                    "actionHint": "getMany"
                }
            }
        }
    },
    "components": {
        "schemas": {
            "GetItemsV2": {
                "type": "object",
                "properties": {
                    "items": {
                        "type": "array",
                        "items": {
                            "type": "object",
                            "properties": {
                                "ItemId": {
                                    "type": "integer"
                                },
                                "OrganizationId": {
                                    "type": "integer"
                                },
                                "OrganizationCode": {
                                    "type": "string"
                                },
                                "ItemClass": {
                                    "type": "string"
                                },
                                "Template": {
                                    "nullable": true
                                },
                                "ItemNumber": {
                                    "type": "string"
                                },
                                "ItemDescription": {
                                    "type": "string"
                                },
                                "ApprovalStatusValue": {
                                    "type": "string"
                                },
                                "ItemStatusValue": {
                                    "type": "string"
                                },
                                "LifecyclePhaseValue": {
                                    "type": "string"
                                },
                                "StyleItemFlag": {
                                    "nullable": true
                                },
                                "StyleItemNumberValue": {
                                    "type": "string"
                                },
                                "Keyword": {
                                    "nullable": true
                                },
                                "IgnoreDuplicateItemFlag": {
                                    "nullable": true
                                },
                                "UserItemTypeValue": {
                                    "type": "string"
                                },
                                "PackTypeValue": {
                                    "nullable": true
                                },
                                "LongDescription": {
                                    "nullable": true
                                },
                                "FormattedDescription": {
                                    "nullable": true
                                },
                                "PrimaryUOMValue": {
                                    "type": "string"
                                },
                                "TransactionConversionValue": {
                                    "type": "string"
                                },
                                "DefaultingControlValue": {
                                    "nullable": true
                                },
                                "PositiveDeviationFactor": {
                                    "type": "integer"
                                },
                                "NegativeDeviationFactor": {
                                    "type": "integer"
                                },
                                "CopyItemAndApplyTemplatesFlag": {
                                    "nullable": true
                                },
                                "CopyAssociationsFlag": {
                                    "nullable": true
                                },
                                "CopyAttachmentsFlag": {
                                    "nullable": true
                                },
                                "CopyCategoriesFlag": {
                                    "nullable": true
                                },
                                "CopyFromItemValue": {
                                    "nullable": true
                                },
                                "CopyFromRevisionValue": {
                                    "nullable": true
                                },
                                "CopyFromVersionValue": {
                                    "nullable": true
                                },
                                "CopyOrganizationAssignmentsFlag": {
                                    "nullable": true
                                },
                                "LastSubmittedNewItemRequest": {
                                    "nullable": true
                                },
                                "ChangeNotice": {
                                    "nullable": true
                                },
                                "ChangeOrderLineSequenceNumber": {
                                    "nullable": true
                                },
                                "StructureItemTypeValue": {
                                    "type": "string"
                                },
                                "CreateConfiguredItem": {
                                    "nullable": true
                                },
                                "ConfigModelTypeValue": {
                                    "type": "string"
                                },
                                "EffectivityControlValue": {
                                    "type": "string"
                                },
                                "BaseItemValue": {
                                    "nullable": true
                                },
                                "AutoCreatedConfigurationFlag": {
                                    "type": "boolean"
                                },
                                "PickComponentsFlag": {
                                    "type": "boolean"
                                },
                                "AssembleToOrderFlag": {
                                    "type": "boolean"
                                },
                                "CostingEnabledFlag": {
                                    "type": "boolean"
                                },
                                "IncludeInRollUpFlag": {
                                    "type": "boolean"
                                },
                                "StandardLotSize": {
                                    "nullable": true
                                },
                                "InventoryAssetFlag": {
                                    "type": "boolean"
                                },
                                "BuildInWIPFlag": {
                                    "type": "boolean"
                                },
                                "WIPSupplyTypeValue": {
                                    "type": "string"
                                },
                                "WIPSupplyLocatorValue": {
                                    "nullable": true
                                },
                                "WIPSupplySubinventoryValue": {
                                    "nullable": true
                                },
                                "OvercompletionToleranceTypeValue": {
                                    "nullable": true
                                },
                                "OvercompletionToleranceValue": {
                                    "nullable": true
                                },
                                "InventoryCarryPenalty": {
                                    "nullable": true
                                },
                                "OperationSlackPenalty": {
                                    "nullable": true
                                },
                                "RecipeEnabledFlag": {
                                    "type": "boolean"
                                },
                                "ProcessQualityEnabledFlag": {
                                    "type": "boolean"
                                },
                                "ProcessCostingEnabledFlag": {
                                    "type": "boolean"
                                },
                                "ProcessExecutionEnabledFlag": {
                                    "type": "boolean"
                                },
                                "ProcessSupplySubinventoryValue": {
                                    "nullable": true
                                },
                                "ProcessSupplyLocatorValue": {
                                    "nullable": true
                                },
                                "ProcessYieldSubinventoryValue": {
                                    "nullable": true
                                },
                                "ProcessYieldLocatorValue": {
                                    "nullable": true
                                },
                                "HazardousMaterialFlag": {
                                    "type": "boolean"
                                },
                                "CASNumber": {
                                    "nullable": true
                                },
                                "AssetTrackedFlag": {
                                    "type": "boolean"
                                },
                                "AssetClassValue": {
                                    "type": "string"
                                },
                                "ServiceRequestEnabledValue": {
                                    "nullable": true
                                },
                                "DefectTrackingOnFlag": {
                                    "nullable": true
                                },
                                "ServiceDurationTypeValue": {
                                    "type": "string"
                                },
                                "ServiceDuration": {
                                    "nullable": true
                                },
                                "ServiceDurationPeriodValue": {
                                    "nullable": true
                                },
                                "ServiceStartTypeValue": {
                                    "type": "string"
                                },
                                "ServiceStartDelay": {
                                    "type": "integer"
                                },
                                "AllowSuspendFlag": {
                                    "type": "boolean"
                                },
                                "AllowTerminateFlag": {
                                    "type": "boolean"
                                },
                                "RequiresItemAssociationFlag": {
                                    "type": "boolean"
                                },
                                "CreateFixedAssetFlag": {
                                    "nullable": true
                                },
                                "InstanceClassValue": {
                                    "nullable": true
                                },
                                "BillingTypeValue": {
                                    "nullable": true
                                },
                                "ServiceBillingEnabledFlag": {
                                    "type": "boolean"
                                },
                                "RecoveredPartDispositionValue": {
                                    "nullable": true
                                },
                                "InventoryItemFlag": {
                                    "type": "boolean"
                                },
                                "StockEnabledFlag": {
                                    "type": "boolean"
                                },
                                "MaterialTransactionEnabledFlag": {
                                    "type": "boolean"
                                },
                                "ReservableFlag": {
                                    "type": "boolean"
                                },
                                "CheckMaterialShortageFlag": {
                                    "type": "boolean"
                                },
                                "RevisionQuantityControlFlag": {
                                    "type": "boolean"
                                },
                                "BulkPickedFlag": {
                                    "type": "boolean"
                                },
                                "LotControlValue": {
                                    "type": "string"
                                },
                                "StartingLotPrefix": {
                                    "nullable": true
                                },
                                "StartingLotNumber": {
                                    "nullable": true
                                },
                                "MaturityDays": {
                                    "nullable": true
                                },
                                "HoldDays": {
                                    "nullable": true
                                },
                                "LotExpirationControlValue": {
                                    "type": "string"
                                },
                                "ShelfLifeDays": {
                                    "type": "integer"
                                },
                                "RetestInterval": {
                                    "nullable": true
                                },
                                "ExpirationActionValue": {
                                    "nullable": true
                                },
                                "ExpirationActionInterval": {
                                    "nullable": true
                                },
                                "ChildLotEnabledFlag": {
                                    "type": "boolean"
                                },
                                "ChildLotFormatValidationFlag": {
                                    "type": "boolean"
                                },
                                "CopyLotAttributeFlag": {
                                    "type": "boolean"
                                },
                                "ChildLotPrefix": {
                                    "nullable": true
                                },
                                "ChildLotStartingNumber": {
                                    "nullable": true
                                },
                                "ChildLotParent": {
                                    "nullable": true
                                },
                                "LotTranslateEnabledFlag": {
                                    "type": "boolean"
                                },
                                "LotSplitEnabledFlag": {
                                    "type": "boolean"
                                },
                                "LotDivisibleFlag": {
                                    "type": "boolean"
                                },
                                "LotSubstitutionEnabledFlag": {
                                    "nullable": true
                                },
                                "LotMergeEnabledFlag": {
                                    "type": "boolean"
                                },
                                "GradeControlFlag": {
                                    "type": "boolean"
                                },
                                "DefaultGradeValue": {
                                    "nullable": true
                                },
                                "SerialGenerationValue": {
                                    "type": "string"
                                },
                                "SerialStartingPrefix": {
                                    "nullable": true
                                },
                                "SerialStartingNumber": {
                                    "nullable": true
                                },
                                "NegativeMeasurementError": {
                                    "nullable": true
                                },
                                "PositiveMeasurementError": {
                                    "nullable": true
                                },
                                "CycleCountEnabledFlag": {
                                    "type": "boolean"
                                },
                                "LotStatusEnabledFlag": {
                                    "type": "boolean"
                                },
                                "SerialStatusEnabledFlag": {
                                    "type": "boolean"
                                },
                                "DefaultLotStatusValue": {
                                    "nullable": true
                                },
                                "DefaultSerialStatusValue": {
                                    "nullable": true
                                },
                                "RestrictSubinventoriesFlag": {
                                    "type": "boolean"
                                },
                                "RestrictLocatorsFlag": {
                                    "type": "boolean"
                                },
                                "StockLocatorControlValue": {
                                    "type": "string"
                                },
                                "DimensionUOMValue": {
                                    "type": "string"
                                },
                                "UnitWidthQuantity": {
                                    "type": "integer"
                                },
                                "UnitLengthQuantity": {
                                    "type": "integer"
                                },
                                "UnitHeightQuantity": {
                                    "type": "integer"
                                },
                                "WeightUOMValue": {
                                    "type": "string"
                                },
                                "UnitWeightQuantity": {
                                    "type": "integer"
                                },
                                "VolumeUOMValue": {
                                    "type": "string"
                                },
                                "UnitVolumeQuantity": {
                                    "type": "integer"
                                },
                                "ContainerItemFlag": {
                                    "type": "boolean"
                                },
                                "ContainerTypeValue": {
                                    "nullable": true
                                },
                                "MaximumLoadWeight": {
                                    "nullable": true
                                },
                                "VehicleItemFlag": {
                                    "type": "boolean"
                                },
                                "InternalVolume": {
                                    "nullable": true
                                },
                                "MinimumFillPercent": {
                                    "nullable": true
                                },
                                "WarehouseEquipmentFlag": {
                                    "type": "boolean"
                                },
                                "EventFlag": {
                                    "nullable": true
                                },
                                "CollateralFlag": {
                                    "nullable": true
                                },
                                "CustomerOrderFlag": {
                                    "type": "boolean"
                                },
                                "CustomerOrderEnabledFlag": {
                                    "type": "boolean"
                                },
                                "ATPComponentsValue": {
                                    "type": "string"
                                },
                                "PickingRuleValue": {
                                    "nullable": true
                                },
                                "RMAInspectionRequiredFlag": {
                                    "type": "boolean"
                                },
                                "EligibilityRuleFlag": {
                                    "nullable": true
                                },
                                "ReturnableFlag": {
                                    "type": "boolean"
                                },
                                "ATPValue": {
                                    "type": "string"
                                },
                                "FinancingAllowedFlag": {
                                    "nullable": true
                                },
                                "SalesProductTypeValue": {
                                    "nullable": true
                                },
                                "TransactionEnabledFlag": {
                                    "type": "boolean"
                                },
                                "OrderManagementIndivisibleFlag": {
                                    "nullable": true
                                },
                                "DefaultSalesOrderSourceTypeValue": {
                                    "type": "string"
                                },
                                "ElectronicFormatFlag": {
                                    "nullable": true
                                },
                                "ShippableFlag": {
                                    "type": "boolean"
                                },
                                "DefaultShippingOrganizationValue": {
                                    "nullable": true
                                },
                                "ShipModelCompleteFlag": {
                                    "type": "boolean"
                                },
                                "DownloadableFlag": {
                                    "nullable": true
                                },
                                "OverShipmentTolerance": {
                                    "nullable": true
                                },
                                "UnderShipmentTolerance": {
                                    "nullable": true
                                },
                                "OverReturnTolerance": {
                                    "nullable": true
                                },
                                "UnderReturnTolerance": {
                                    "nullable": true
                                },
                                "InvoiceEnabledFlag": {
                                    "type": "boolean"
                                },
                                "AccountingRuleValue": {
                                    "nullable": true
                                },
                                "PaymentTermsValue": {
                                    "nullable": true
                                },
                                "OutputTaxClassificationCodeValue": {
                                    "nullable": true
                                },
                                "InvoicedFlag": {
                                    "type": "boolean"
                                },
                                "InvoicingRuleValue": {
                                    "nullable": true
                                },
                                "SalesAccountValue": {
                                    "type": "string"
                                },
                                "WebStatusValue": {
                                    "type": "string"
                                },
                                "BackOrderableFlag": {
                                    "nullable": true
                                },
                                "OrderableOnWebFlag": {
                                    "type": "boolean"
                                },
                                "MinimumLicenseQuantity": {
                                    "nullable": true
                                },
                                "InventoryPlanningMethodValue": {
                                    "type": "string"
                                },
                                "PlanningMakeBuyValue": {
                                    "type": "string"
                                },
                                "Planner": {
                                    "type": "string"
                                },
                                "SubcontractingComponentValue": {
                                    "nullable": true
                                },
                                "MinimumMinmaxQuantity": {
                                    "type": "integer"
                                },
                                "MaximumMinmaxQuantity": {
                                    "type": "integer"
                                },
                                "MinimumOrderQuantity": {
                                    "nullable": true
                                },
                                "MaximumOrderQuantity": {
                                    "nullable": true
                                },
                                "OrderCost": {
                                    "nullable": true
                                },
                                "SourceOrganizationValue": {
                                    "nullable": true
                                },
                                "SourceSubinventoryOrganizationValue": {
                                    "nullable": true
                                },
                                "SourceSubinventoryValue": {
                                    "nullable": true
                                },
                                "FixedOrderQuantity": {
                                    "nullable": true
                                },
                                "FixedDaysSupply": {
                                    "nullable": true
                                },
                                "FixedLotSizeMultiplier": {
                                    "nullable": true
                                },
                                "ReleaseAuthorizationRequiredValue": {
                                    "type": "string"
                                },
                                "AutomaticallyExpireASNFlag": {
                                    "type": "boolean"
                                },
                                "ConsignedFlag": {
                                    "type": "boolean"
                                },
                                "ReplenishmentMinimumOrder": {
                                    "nullable": true
                                },
                                "ReplenishmentMaximumOrder": {
                                    "nullable": true
                                },
                                "VMIFixedOrderQuantity": {
                                    "nullable": true
                                },
                                "ForecastTypelValue": {
                                    "type": "string"
                                },
                                "ForecastHorizon": {
                                    "nullable": true
                                },
                                "PlanningMethodValue": {
                                    "type": "string"
                                },
                                "RoundingControlTypeFlag": {
                                    "type": "boolean"
                                },
                                "CreateSupplyFlag": {
                                    "type": "boolean"
                                },
                                "PlanningTimeFence": {
                                    "type": "string"
                                },
                                "DemandTimeFence": {
                                    "nullable": true
                                },
                                "ReleaseTimeFence": {
                                    "nullable": true
                                },
                                "ShrinkageRate": {
                                    "nullable": true
                                },
                                "ForecastControlValue": {
                                    "nullable": true
                                },
                                "AcceptableEarlyDays": {
                                    "nullable": true
                                },
                                "PlanningTimeDays": {
                                    "type": "integer"
                                },
                                "DemandTimeDays": {
                                    "nullable": true
                                },
                                "ReleaseTimeDays": {
                                    "nullable": true
                                },
                                "MRPCalculateATPFlag": {
                                    "nullable": true
                                },
                                "PreprocessingDays": {
                                    "nullable": true
                                },
                                "PostprocessingDays": {
                                    "type": "integer"
                                },
                                "ProcessingDays": {
                                    "type": "integer"
                                },
                                "VariableLeadTime": {
                                    "nullable": true
                                },
                                "CumulativeTotalLeadTime": {
                                    "nullable": true
                                },
                                "FixedLeadTime": {
                                    "nullable": true
                                },
                                "CumulativeManufacturingLeadTime": {
                                    "nullable": true
                                },
                                "LeadTimeLotSize": {
                                    "type": "integer"
                                },
                                "PurchasingFlag": {
                                    "type": "boolean"
                                },
                                "UseApprovedSupplierFlag": {
                                    "type": "boolean"
                                },
                                "NegotiationRequiredFlag": {
                                    "nullable": true
                                },
                                "PurchasingInputTaxClassificationValue": {
                                    "nullable": true
                                },
                                "InvoiceCloseTolerancePercentage": {
                                    "nullable": true
                                },
                                "HazardClassValue": {
                                    "nullable": true
                                },
                                "AssetCategoryValue": {
                                    "nullable": true
                                },
                                "PurchasableFlag": {
                                    "type": "boolean"
                                },
                                "TaxableFlag": {
                                    "type": "boolean"
                                },
                                "BuyerOrganizationValue": {
                                    "nullable": true
                                },
                                "DefaultBuyerValue": {
                                    "nullable": true
                                },
                                "ReceiptCloseTolerancePercentage": {
                                    "nullable": true
                                },
                                "UNNumberValue": {
                                    "nullable": true
                                },
                                "ListPrice": {
                                    "nullable": true
                                },
                                "PriceTolerancePercentage": {
                                    "nullable": true
                                },
                                "MarketPrice": {
                                    "nullable": true
                                },
                                "RoundingFactor": {
                                    "nullable": true
                                },
                                "MatchApprovalLevelValue": {
                                    "nullable": true
                                },
                                "MatchConfigurationOptionValue": {
                                    "nullable": true
                                },
                                "ReceiptDateActionValue": {
                                    "nullable": true
                                },
                                "DaysEarlyReceiptAllowed": {
                                    "nullable": true
                                },
                                "DaysLateReceiptAllowed": {
                                    "nullable": true
                                },
                                "AllowSubstituteReceiptsFlag": {
                                    "nullable": true
                                },
                                "AllowUnorderedReceiptsFlag": {
                                    "nullable": true
                                },
                                "QuantityReceivedToleranceAction": {
                                    "nullable": true
                                },
                                "QuantityReceivedTolerancePercentage": {
                                    "nullable": true
                                },
                                "ItemExtensibleFlexfieldCategoryCode": {
                                    "type": "string"
                                },
                                "CreationDate": {
                                    "type": "string"
                                },
                                "LastUpdateDate": {
                                    "type": "string"
                                },
                                "BackToBackEnabledFlag": {
                                    "type": "boolean"
                                },
                                "ContractManufacturingFlag": {
                                    "type": "boolean"
                                },
                                "DaysOfCover": {
                                    "nullable": true
                                },
                                "DemandPeriod": {
                                    "nullable": true
                                },
                                "SafetyStockPlanningMethodValue": {
                                    "type": "string"
                                },
                                "OutsideProcessServiceFlag": {
                                    "type": "boolean"
                                },
                                "AllowMaintenanceAssetFlag": {
                                    "type": "boolean"
                                },
                                "EnableGenealogyTrackingFlag": {
                                    "type": "boolean"
                                },
                                "EngineeredItemFlag": {
                                    "type": "boolean"
                                },
                                "ProcurementBusinessUnitName": {
                                    "nullable": true
                                },
                                "ForcePurchaseLeadTimeFlag": {
                                    "type": "boolean"
                                },
                                "ReplacementTypeValue": {
                                    "nullable": true
                                },
                                "BuyerEmailAddress": {
                                    "nullable": true
                                },
                                "AssetTrackedValue": {
                                    "type": "string"
                                },
                                "RequestId": {
                                    "type": "integer"
                                },
                                "CreatedBy": {
                                    "type": "string"
                                },
                                "CreationDateTime": {
                                    "type": "string"
                                },
                                "LastUpdateDateTime": {
                                    "type": "string"
                                },
                                "LastUpdateLogin": {
                                    "type": "string"
                                },
                                "LastUpdatedBy": {
                                    "type": "string"
                                },
                                "InternallyTransferableFlag": {
                                    "type": "boolean"
                                },
                                "TransferOrdersEnabledFlag": {
                                    "type": "boolean"
                                },
                                "ReplenishmentMaximumDaysOfSupply": {
                                    "nullable": true
                                },
                                "CustomerSelfServiceEnabledFlag": {
                                    "type": "boolean"
                                },
                                "AllowPurchasingDocumentDescriptionUpdateFlag": {
                                    "type": "boolean"
                                },
                                "EnableContractCoverage": {
                                    "type": "boolean"
                                },
                                "CarryingCostPercentage": {
                                    "nullable": true
                                },
                                "ReplenishmentMinimumDaysOfSupply": {
                                    "nullable": true
                                },
                                "AllowExpressTransactionsFlag": {
                                    "nullable": true
                                },
                                "ReceiptRoutingValue": {
                                    "nullable": true
                                },
                                "InvoiceMatchOptionValue": {
                                    "nullable": true
                                },
                                "CommsActivationRequiredFlag": {
                                    "nullable": true
                                },
                                "RequiresFulfillmentLocationFlag": {
                                    "type": "boolean"
                                },
                                "IssueUOMValue": {
                                    "nullable": true
                                },
                                "EnforceShipToLocationValue": {
                                    "nullable": true
                                },
                                "StandardCoverageValue": {
                                    "nullable": true
                                },
                                "ReplenishmentSourceTypeValue": {
                                    "nullable": true
                                },
                                "TrackingUOMValue": {
                                    "type": "string"
                                },
                                "SecondaryUOMValue": {
                                    "nullable": true
                                },
                                "PricingUOMValue": {
                                    "type": "string"
                                },
                                "HardPeggingLevelValue": {
                                    "type": "string"
                                },
                                "CommonSupplyProjectDemandFlag": {
                                    "type": "boolean"
                                },
                                "EnableIotFlag": {
                                    "type": "boolean"
                                },
                                "ExpenditureTypeValue": {
                                    "type": "string"
                                },
                                "ItemDFF": {
                                    "type": "array",
                                    "items": {
                                        "type": "object",
                                        "properties": {
                                            "InventoryItemId": {
                                                "type": "integer"
                                            },
                                            "OrganizationId": {
                                                "type": "integer"
                                            },
                                            "itemgroup": {
                                                "nullable": true
                                            },
                                            "itemFamily": {
                                                "nullable": true
                                            },
                                            "__FLEX_Context": {
                                                "type": "string"
                                            },
                                            "__FLEX_Context_DisplayValue": {
                                                "type": "string"
                                            },
                                            "strategicItemFlag": {
                                                "nullable": true
                                            },
                                            "strategicItemFlag_Display": {
                                                "nullable": true
                                            },
                                            "ddItemFlag": {
                                                "nullable": true
                                            },
                                            "ddItemFlag_Display": {
                                                "nullable": true
                                            },
                                            "ppeOrTool": {
                                                "type": "string"
                                            },
                                            "links": {
                                                "type": "array",
                                                "items": {
                                                    "type": "object",
                                                    "properties": {
                                                        "rel": {
                                                            "type": "string"
                                                        },
                                                        "href": {
                                                            "type": "string"
                                                        },
                                                        "name": {
                                                            "type": "string"
                                                        },
                                                        "kind": {
                                                            "type": "string"
                                                        },
                                                        "properties": {
                                                            "type": "object",
                                                            "properties": {
                                                                "changeIndicator": {
                                                                    "type": "string"
                                                                }
                                                            }
                                                        }
                                                    }
                                                }
                                            }
                                        }
                                    }
                                },
                                "links": {
                                    "type": "array",
                                    "items": {
                                        "type": "object",
                                        "properties": {
                                            "rel": {
                                                "type": "string"
                                            },
                                            "href": {
                                                "type": "string"
                                            },
                                            "name": {
                                                "type": "string"
                                            },
                                            "kind": {
                                                "type": "string"
                                            },
                                            "properties": {
                                                "type": "object",
                                                "properties": {
                                                    "changeIndicator": {
                                                        "type": "string"
                                                    }
                                                }
                                            }
                                        }
                                    }
                                }
                            }
                        }
                    },
                    "count": {
                        "type": "integer"
                    },
                    "hasMore": {
                        "type": "boolean"
                    },
                    "limit": {
                        "type": "integer"
                    },
                    "offset": {
                        "type": "integer"
                    },
                    "links": {
                        "type": "array",
                        "items": {
                            "type": "object",
                            "properties": {
                                "rel": {
                                    "type": "string"
                                },
                                "href": {
                                    "type": "string"
                                },
                                "name": {
                                    "type": "string"
                                },
                                "kind": {
                                    "type": "string"
                                }
                            }
                        }
                    }
                }
            }
        }
    }
}